{
  "type": "FeatureCollection",
  "generator": "overpass-turbo",
  "copyright": "The data included in this document is from www.openstreetmap.org. The data is made available under ODbL.",
  "timestamp": "2026-09-28T20:00:36Z",
  "features": [
    {
      "type": "Feature",
      "properties": {
        "@id": "relation/6354920",
        "bicycle:conditional": "no @ \"except folded bicycles\"",
        "brand": "Transport for London",
        "brand:wikidata": "Q682520",
        "colour": "#0a9cda",
        "from": "Brixton",
        "name": "Victoria line: Brixton → Walthamstow Central",
        "network": "London Underground",
        "network:wikidata": "Q20075",
        "network:wikipedia": "en:London Underground",
        "operator": "Transport for London",
        "operator:wikidata": "Q682520",
        "public_transport:version": "2",
        "ref": "Victoria",
        "ref:colour": "#0098D8",
        "ref:colour_bg": "white",
        "ref:colour_tx": "white",
        "route": "subway",
        "to": "Walthamstow Central",
        "type": "route",
        "wheelchair": "yes",
        "wikidata": "Q203030",
        "wikipedia": "en:Victoria line",
        "@relations": [
          {
            "role": "",
            "rel": 6354922,
            "reltags": {
              "brand": "Transport for London",
              "colour": "#0a9cda",
              "name": "Victoria line",
              "name:en": "Victoria line",
              "name:ru": "Линия Виктория",
              "name:uk": "Лінія Вікторія",
              "network": "London Underground",
              "network:wikidata": "Q20075",
              "network:wikipedia": "en:London Underground",
              "operator": "Transport for London",
              "operator:wikidata": "Q682520",
              "operator:wikipedia": "en:Transport for London",
              "ref": "Victoria",
              "ref:colour": "#0098D8",
              "ref:colour_bg": "white",
              "ref:colour_tx": "white",
              "route_master": "subway",
              "type": "route_master",
              "wheelchair": "yes",
              "wikidata": "Q203030",
              "wikipedia": "en:Victoria line"
            }
          }
        ]
      },
      "geometry": {
        "type": "MultiLineString",
        "coordinates": [
          [
            [
              -0.1136141,
              51.4623466
            ],
            [
              -0.1147779,
              51.4625844
            ],
            [
              -0.1154612,
              51.4627201
            ],
            [
              -0.1157781,
              51.4627831
            ],
            [
              -0.1158493,
              51.4627972
            ],
            [
              -0.1167776,
              51.4629816
            ],
            [
              -0.1168597,
              51.4629979
            ],
            [
              -0.1170938,
              51.4630444
            ],
            [
              -0.1176894,
              51.4631627
            ],
            [
              -0.1187229,
              51.4633052
            ],
            [
              -0.119257,
              51.4634032
            ],
            [
              -0.1195529,
              51.4634568
            ],
            [
              -0.1199552,
              51.4635248
            ],
            [
              -0.1202909,
              51.4635917
            ],
            [
              -0.1204863,
              51.4636394
            ],
            [
              -0.1208759,
              51.4637498
            ],
            [
              -0.1210509,
              51.4637992
            ],
            [
              -0.1211693,
              51.4638356
            ],
            [
              -0.1212665,
              51.4638601
            ],
            [
              -0.1217005,
              51.4640217
            ],
            [
              -0.121961,
              51.464121
            ],
            [
              -0.1224636,
              51.4643177
            ],
            [
              -0.1228867,
              51.4645135
            ],
            [
              -0.123236,
              51.4646857
            ],
            [
              -0.1239431,
              51.4651543
            ],
            [
              -0.1242804,
              51.465407
            ],
            [
              -0.1245999,
              51.4656952
            ],
            [
              -0.1249683,
              51.4660871
            ],
            [
              -0.1250697,
              51.4662085
            ],
            [
              -0.1252623,
              51.4664884
            ],
            [
              -0.1254117,
              51.4667282
            ],
            [
              -0.1255491,
              51.4670015
            ],
            [
              -0.1256917,
              51.4674444
            ],
            [
              -0.1258014,
              51.4679003
            ],
            [
              -0.1258079,
              51.4680161
            ],
            [
              -0.1258081,
              51.46803
            ],
            [
              -0.125814,
              51.4684122
            ],
            [
              -0.1258039,
              51.4684308
            ],
            [
              -0.1257789,
              51.4688554
            ],
            [
              -0.1257394,
              51.4691998
            ],
            [
              -0.1256959,
              51.4694342
            ],
            [
              -0.1255615,
              51.4697004
            ],
            [
              -0.1254297,
              51.4699314
            ],
            [
              -0.1252671,
              51.4702165
            ],
            [
              -0.1252636,
              51.4702226
            ],
            [
              -0.1252575,
              51.4702288
            ],
            [
              -0.1251857,
              51.4703025
            ],
            [
              -0.1250846,
              51.4704061
            ],
            [
              -0.1240539,
              51.4712048
            ],
            [
              -0.1232026,
              51.4719112
            ],
            [
              -0.1228089,
              51.4724276
            ],
            [
              -0.1224765,
              51.4728988
            ],
            [
              -0.1222451,
              51.4731642
            ],
            [
              -0.1220531,
              51.4733711
            ],
            [
              -0.1218721,
              51.4735155
            ],
            [
              -0.1213529,
              51.4740167
            ],
            [
              -0.1210684,
              51.4742971
            ],
            [
              -0.1207095,
              51.4747169
            ],
            [
              -0.1205632,
              51.4749479
            ],
            [
              -0.1204695,
              51.4751219
            ],
            [
              -0.1204036,
              51.4752565
            ],
            [
              -0.1202958,
              51.4754817
            ],
            [
              -0.1201807,
              51.4757558
            ],
            [
              -0.1200742,
              51.4759513
            ],
            [
              -0.1200245,
              51.4761005
            ],
            [
              -0.1199464,
              51.4764156
            ],
            [
              -0.1199064,
              51.4767518
            ],
            [
              -0.1199032,
              51.4770298
            ],
            [
              -0.1199139,
              51.4772182
            ],
            [
              -0.1199615,
              51.4775328
            ],
            [
              -0.1200175,
              51.4777672
            ],
            [
              -0.1202446,
              51.4787019
            ],
            [
              -0.120501,
              51.4796085
            ],
            [
              -0.1207764,
              51.4806215
            ],
            [
              -0.1208972,
              51.4810877
            ],
            [
              -0.1210764,
              51.4818027
            ],
            [
              -0.1211822,
              51.4821788
            ],
            [
              -0.1212077,
              51.4822695
            ],
            [
              -0.1214017,
              51.4828382
            ],
            [
              -0.1216691,
              51.4834535
            ],
            [
              -0.1218939,
              51.483775
            ],
            [
              -0.1219775,
              51.4838903
            ],
            [
              -0.1220514,
              51.4839939
            ],
            [
              -0.1222135,
              51.4841973
            ],
            [
              -0.1225806,
              51.4846975
            ],
            [
              -0.1226666,
              51.4847273
            ],
            [
              -0.1230796,
              51.4849717
            ],
            [
              -0.12351,
              51.4852148
            ],
            [
              -0.1254704,
              51.4861505
            ],
            [
              -0.1261099,
              51.4864809
            ],
            [
              -0.1276667,
              51.4872567
            ],
            [
              -0.1285958,
              51.4877197
            ],
            [
              -0.129483,
              51.4880992
            ],
            [
              -0.1302772,
              51.4883418
            ],
            [
              -0.1311313,
              51.4885657
            ],
            [
              -0.1320079,
              51.4887686
            ],
            [
              -0.1329542,
              51.4888907
            ],
            [
              -0.1333116,
              51.4889244
            ],
            [
              -0.1333957,
              51.4889335
            ],
            [
              -0.1342788,
              51.4890061
            ],
            [
              -0.1362038,
              51.4891267
            ],
            [
              -0.1373914,
              51.4892301
            ],
            [
              -0.1382835,
              51.4893511
            ],
            [
              -0.1385621,
              51.4893958
            ],
            [
              -0.1393832,
              51.4895931
            ],
            [
              -0.1400192,
              51.4897829
            ],
            [
              -0.1407994,
              51.4900755
            ],
            [
              -0.1414628,
              51.4903893
            ],
            [
              -0.1417006,
              51.4905218
            ],
            [
              -0.1420341,
              51.4907432
            ],
            [
              -0.1425921,
              51.4911768
            ],
            [
              -0.1428383,
              51.491386
            ],
            [
              -0.143153,
              51.4916808
            ],
            [
              -0.1433404,
              51.4919166
            ],
            [
              -0.1437269,
              51.4925289
            ],
            [
              -0.1438185,
              51.4927082
            ],
            [
              -0.143933,
              51.4929579
            ],
            [
              -0.1440119,
              51.4931621
            ],
            [
              -0.1441467,
              51.4936013
            ],
            [
              -0.1440767,
              51.4943076
            ],
            [
              -0.1439564,
              51.494976
            ],
            [
              -0.1438601,
              51.4953449
            ],
            [
              -0.1436586,
              51.4958365
            ],
            [
              -0.1435798,
              51.4960207
            ],
            [
              -0.1434672,
              51.4962036
            ],
            [
              -0.1432385,
              51.4965389
            ],
            [
              -0.1430645,
              51.4967722
            ],
            [
              -0.142876,
              51.4969968
            ],
            [
              -0.1427545,
              51.4971415
            ],
            [
              -0.1426905,
              51.4972299
            ],
            [
              -0.1426533,
              51.4972813
            ],
            [
              -0.1422803,
              51.4978004
            ],
            [
              -0.141483,
              51.4988127
            ],
            [
              -0.1410038,
              51.4996495
            ],
            [
              -0.1406149,
              51.5005709
            ],
            [
              -0.1403881,
              51.5012993
            ],
            [
              -0.1403343,
              51.5017901
            ],
            [
              -0.1403882,
              51.5022439
            ],
            [
              -0.1405476,
              51.5028081
            ],
            [
              -0.141056,
              51.5041567
            ],
            [
              -0.1414815,
              51.5050369
            ],
            [
              -0.1417807,
              51.5055608
            ],
            [
              -0.142581,
              51.5066493
            ],
            [
              -0.142649,
              51.5067462
            ],
            [
              -0.1434977,
              51.5079557
            ],
            [
              -0.1435382,
              51.5080795
            ],
            [
              -0.1437038,
              51.5085997
            ],
            [
              -0.1437469,
              51.5091406
            ],
            [
              -0.1437413,
              51.5094074
            ],
            [
              -0.1437076,
              51.5097343
            ],
            [
              -0.1436604,
              51.5099587
            ],
            [
              -0.1434348,
              51.5105877
            ],
            [
              -0.1430498,
              51.5113719
            ],
            [
              -0.1426443,
              51.5121165
            ],
            [
              -0.1425397,
              51.5123128
            ],
            [
              -0.1424545,
              51.5124577
            ],
            [
              -0.1423529,
              51.5127321
            ],
            [
              -0.1422684,
              51.5130056
            ],
            [
              -0.1422276,
              51.5132213
            ],
            [
              -0.1421356,
              51.5136529
            ],
            [
              -0.1420502,
              51.5143572
            ],
            [
              -0.1421471,
              51.5150516
            ],
            [
              -0.1421576,
              51.5151266
            ],
            [
              -0.1421925,
              51.5153337
            ],
            [
              -0.1422817,
              51.515625
            ],
            [
              -0.1424339,
              51.5161347
            ],
            [
              -0.1425939,
              51.5166083
            ],
            [
              -0.1426252,
              51.5171316
            ],
            [
              -0.1426316,
              51.5176237
            ],
            [
              -0.1426426,
              51.5186805
            ],
            [
              -0.142715,
              51.5197874
            ],
            [
              -0.1426483,
              51.5202063
            ],
            [
              -0.1425423,
              51.5204338
            ],
            [
              -0.1424044,
              51.5207426
            ],
            [
              -0.1422451,
              51.5210169
            ],
            [
              -0.1421085,
              51.5212352
            ],
            [
              -0.1418188,
              51.5216356
            ],
            [
              -0.1415898,
              51.5219508
            ],
            [
              -0.1413893,
              51.5221626
            ],
            [
              -0.1412776,
              51.5222609
            ],
            [
              -0.1411397,
              51.5223685
            ],
            [
              -0.1407755,
              51.5226243
            ],
            [
              -0.1402031,
              51.5231403
            ],
            [
              -0.1397455,
              51.5235686
            ],
            [
              -0.1392628,
              51.5240213
            ],
            [
              -0.1388072,
              51.5244929
            ],
            [
              -0.1372745,
              51.5258577
            ],
            [
              -0.1368105,
              51.5262123
            ],
            [
              -0.1363962,
              51.5265421
            ],
            [
              -0.1357967,
              51.5268952
            ],
            [
              -0.1355746,
              51.5270204
            ],
            [
              -0.1353419,
              51.5271367
            ],
            [
              -0.134407,
              51.52763
            ],
            [
              -0.1343977,
              51.527635
            ],
            [
              -0.1339879,
              51.5278552
            ],
            [
              -0.1336345,
              51.5280167
            ],
            [
              -0.1332093,
              51.5282074
            ],
            [
              -0.1328103,
              51.5283627
            ],
            [
              -0.1322216,
              51.5285438
            ],
            [
              -0.131492,
              51.528764
            ],
            [
              -0.1309935,
              51.5289223
            ],
            [
              -0.1304706,
              51.5290805
            ],
            [
              -0.1299311,
              51.5292382
            ],
            [
              -0.1291599,
              51.5294367
            ],
            [
              -0.12842,
              51.5296029
            ],
            [
              -0.127719,
              51.5297392
            ],
            [
              -0.1268072,
              51.5298876
            ],
            [
              -0.1255839,
              51.5300589
            ],
            [
              -0.1245337,
              51.5302433
            ],
            [
              -0.1237215,
              51.530405
            ],
            [
              -0.1229436,
              51.5306048
            ],
            [
              -0.1224641,
              51.5307343
            ],
            [
              -0.1220478,
              51.5308426
            ],
            [
              -0.1216069,
              51.5309643
            ],
            [
              -0.1208822,
              51.5311881
            ],
            [
              -0.1202915,
              51.5314053
            ],
            [
              -0.1197184,
              51.5316453
            ],
            [
              -0.1056429,
              51.5384287
            ],
            [
              -0.105404,
              51.5386076
            ],
            [
              -0.1052072,
              51.538814
            ],
            [
              -0.1047275,
              51.5396336
            ],
            [
              -0.1044421,
              51.5401072
            ],
            [
              -0.1040382,
              51.5407053
            ],
            [
              -0.103804,
              51.5411937
            ],
            [
              -0.1036894,
              51.5414897
            ],
            [
              -0.10357,
              51.5418157
            ],
            [
              -0.1034899,
              51.5424111
            ],
            [
              -0.1034085,
              51.5427959
            ],
            [
              -0.1031474,
              51.5441344
            ],
            [
              -0.1031766,
              51.5450042
            ],
            [
              -0.1034284,
              51.5458239
            ],
            [
              -0.1034765,
              51.5460139
            ],
            [
              -0.1035535,
              51.5463143
            ],
            [
              -0.1036984,
              51.5467941
            ],
            [
              -0.1039103,
              51.5475064
            ],
            [
              -0.1040999,
              51.5481328
            ],
            [
              -0.1055587,
              51.5519039
            ],
            [
              -0.1058556,
              51.5526714
            ],
            [
              -0.1064468,
              51.5542309
            ],
            [
              -0.1065886,
              51.5547038
            ],
            [
              -0.1067355,
              51.555199
            ],
            [
              -0.1070257,
              51.5568581
            ],
            [
              -0.1070661,
              51.5576026
            ],
            [
              -0.1069176,
              51.5592866
            ],
            [
              -0.1069087,
              51.5597586
            ],
            [
              -0.1069216,
              51.560856
            ],
            [
              -0.1069645,
              51.5611546
            ],
            [
              -0.1070672,
              51.5615674
            ],
            [
              -0.1070818,
              51.561732
            ],
            [
              -0.1070585,
              51.5621283
            ],
            [
              -0.1069696,
              51.5628281
            ],
            [
              -0.1068041,
              51.5640293
            ],
            [
              -0.1066944,
              51.5648248
            ],
            [
              -0.1066341,
              51.5650907
            ],
            [
              -0.1066226,
              51.5651495
            ],
            [
              -0.1065346,
              51.565599
            ],
            [
              -0.106125,
              51.5673585
            ],
            [
              -0.1057608,
              51.5681561
            ],
            [
              -0.1054655,
              51.5685306
            ],
            [
              -0.1051112,
              51.5688242
            ],
            [
              -0.1046358,
              51.5690993
            ],
            [
              -0.1040512,
              51.5693329
            ],
            [
              -0.103358,
              51.5695198
            ],
            [
              -0.0988524,
              51.570218
            ],
            [
              -0.0969937,
              51.5705918
            ],
            [
              -0.0956396,
              51.5709279
            ],
            [
              -0.0912512,
              51.5724467
            ],
            [
              -0.0910641,
              51.5725033
            ],
            [
              -0.0889499,
              51.573236
            ],
            [
              -0.0882274,
              51.5735153
            ],
            [
              -0.0879755,
              51.5736177
            ],
            [
              -0.0871665,
              51.5740288
            ],
            [
              -0.0864696,
              51.5745243
            ],
            [
              -0.0858377,
              51.5750234
            ],
            [
              -0.0852117,
              51.5755556
            ],
            [
              -0.0825543,
              51.5781944
            ],
            [
              -0.0815917,
              51.57891
            ],
            [
              -0.0807738,
              51.5793669
            ],
            [
              -0.0796348,
              51.5799756
            ],
            [
              -0.0773235,
              51.5811928
            ],
            [
              -0.0767917,
              51.5814729
            ],
            [
              -0.0751139,
              51.5824478
            ],
            [
              -0.0745028,
              51.5827261
            ],
            [
              -0.0727884,
              51.5834588
            ],
            [
              -0.070914,
              51.5842585
            ],
            [
              -0.0706037,
              51.5844321
            ],
            [
              -0.0693999,
              51.5850755
            ],
            [
              -0.0680058,
              51.5858409
            ],
            [
              -0.0674166,
              51.5861285
            ],
            [
              -0.0668774,
              51.5864463
            ],
            [
              -0.0659895,
              51.5869346
            ],
            [
              -0.0651712,
              51.5873599
            ],
            [
              -0.0642871,
              51.5877057
            ],
            [
              -0.0631872,
              51.5879583
            ],
            [
              -0.0627902,
              51.5880338
            ],
            [
              -0.062202,
              51.5881226
            ],
            [
              -0.0605173,
              51.5882722
            ],
            [
              -0.060344,
              51.5882876
            ],
            [
              -0.0595332,
              51.5882541
            ],
            [
              -0.0594704,
              51.5882459
            ],
            [
              -0.0589707,
              51.588194
            ],
            [
              -0.0583699,
              51.5881046
            ],
            [
              -0.0578823,
              51.5880443
            ],
            [
              -0.0572708,
              51.5879806
            ],
            [
              -0.0569537,
              51.5879445
            ],
            [
              -0.0565514,
              51.5878865
            ],
            [
              -0.0549893,
              51.5876042
            ],
            [
              -0.0544059,
              51.5874767
            ],
            [
              -0.05316,
              51.5871414
            ],
            [
              -0.0514956,
              51.5867389
            ],
            [
              -0.0508873,
              51.5866215
            ],
            [
              -0.0500664,
              51.5865445
            ],
            [
              -0.0489161,
              51.5865541
            ],
            [
              -0.0463885,
              51.5867559
            ],
            [
              -0.0448944,
              51.5868807
            ],
            [
              -0.0446368,
              51.5868951
            ],
            [
              -0.0435775,
              51.5869541
            ],
            [
              -0.0426949,
              51.5869498
            ],
            [
              -0.0412711,
              51.5869017
            ],
            [
              -0.0406365,
              51.5868587
            ],
            [
              -0.0398737,
              51.5867787
            ],
            [
              -0.038833,
              51.5866414
            ],
            [
              -0.0359145,
              51.5860858
            ],
            [
              -0.021491,
              51.5832034
            ],
            [
              -0.0208991,
              51.5830831
            ],
            [
              -0.020556,
              51.5830224
            ],
            [
              -0.0199949,
              51.582941
            ]
          ],
          [
            [
              -0.042977,
              51.5869314
            ],
            [
              -0.041424,
              51.5868698
            ]
          ],
          [
            [
              -0.1434506,
              51.4961994
            ],
            [
              -0.1434435,
              51.4962097
            ],
            [
              -0.1434155,
              51.49625
            ],
            [
              -0.1433883,
              51.4962892
            ],
            [
              -0.1433597,
              51.49633
            ],
            [
              -0.1433307,
              51.4963714
            ],
            [
              -0.1432163,
              51.4965349
            ],
            [
              -0.1431354,
              51.4966501
            ],
            [
              -0.1430937,
              51.4967031
            ],
            [
              -0.1430555,
              51.4967523
            ],
            [
              -0.1430469,
              51.4967633
            ],
            [
              -0.1430144,
              51.4968022
            ],
            [
              -0.142953,
              51.4968758
            ],
            [
              -0.1428567,
              51.4969907
            ],
            [
              -0.1427495,
              51.4971167
            ],
            [
              -0.1427333,
              51.4971357
            ],
            [
              -0.1426903,
              51.4971239
            ],
            [
              -0.1427091,
              51.4971038
            ],
            [
              -0.1428173,
              51.4969786
            ],
            [
              -0.1429027,
              51.4968757
            ],
            [
              -0.143006,
              51.4967512
            ],
            [
              -0.143281,
              51.4963786
            ],
            [
              -0.143293,
              51.4963615
            ],
            [
              -0.1433227,
              51.4963203
            ],
            [
              -0.1433518,
              51.4962798
            ],
            [
              -0.1433801,
              51.4962404
            ],
            [
              -0.1434086,
              51.4962007
            ],
            [
              -0.143416,
              51.4961903
            ],
            [
              -0.1434506,
              51.4961994
            ]
          ]
        ]
      },
      "id": "relation/6354920"
    },
    {
      "type": "Feature",
      "properties": {
        "@id": "relation/6354921",
        "bicycle:conditional": "no @ \"except folded bicycles\"",
        "brand": "Transport for London",
        "brand:wikidata": "Q682520",
        "colour": "#0a9cda",
        "from": "Walthamstow Central",
        "name": "Victoria line: Walthamstow Central → Brixton",
        "network": "London Underground",
        "network:wikidata": "Q20075",
        "network:wikipedia": "en:London Underground",
        "operator": "Transport for London",
        "operator:wikidata": "Q682520",
        "public_transport:version": "2",
        "ref": "Victoria",
        "ref:colour": "#0098D8",
        "ref:colour_bg": "white",
        "ref:colour_tx": "white",
        "route": "subway",
        "to": "Brixton",
        "type": "route",
        "wheelchair": "yes",
        "wikidata": "Q203030",
        "wikipedia": "en:Victoria line",
        "@relations": [
          {
            "role": "",
            "rel": 6354922,
            "reltags": {
              "brand": "Transport for London",
              "colour": "#0a9cda",
              "name": "Victoria line",
              "name:en": "Victoria line",
              "name:ru": "Линия Виктория",
              "name:uk": "Лінія Вікторія",
              "network": "London Underground",
              "network:wikidata": "Q20075",
              "network:wikipedia": "en:London Underground",
              "operator": "Transport for London",
              "operator:wikidata": "Q682520",
              "operator:wikipedia": "en:Transport for London",
              "ref": "Victoria",
              "ref:colour": "#0098D8",
              "ref:colour_bg": "white",
              "ref:colour_tx": "white",
              "route_master": "subway",
              "type": "route_master",
              "wheelchair": "yes",
              "wikidata": "Q203030",
              "wikipedia": "en:Victoria line"
            }
          }
        ]
      },
      "geometry": {
        "type": "MultiLineString",
        "coordinates": [
          [
            [
              -0.0199245,
              51.582818
            ],
            [
              -0.0205988,
              51.582949
            ],
            [
              -0.0209383,
              51.5830256
            ],
            [
              -0.0215269,
              51.5831369
            ],
            [
              -0.0359616,
              51.585985
            ],
            [
              -0.038892,
              51.5865209
            ],
            [
              -0.039829,
              51.5866592
            ],
            [
              -0.0406596,
              51.5867459
            ],
            [
              -0.0412998,
              51.5867727
            ],
            [
              -0.0427259,
              51.5868126
            ],
            [
              -0.0429679,
              51.5868186
            ],
            [
              -0.0435144,
              51.5868129
            ],
            [
              -0.0448724,
              51.5867522
            ],
            [
              -0.0463471,
              51.5866416
            ],
            [
              -0.0489132,
              51.5864318
            ],
            [
              -0.0500647,
              51.5864144
            ],
            [
              -0.0509168,
              51.5864826
            ],
            [
              -0.0515506,
              51.5866133
            ],
            [
              -0.0532254,
              51.5870071
            ],
            [
              -0.0540226,
              51.5872211
            ],
            [
              -0.05447,
              51.5873307
            ],
            [
              -0.0550333,
              51.5874512
            ],
            [
              -0.0559455,
              51.5876192
            ],
            [
              -0.0561989,
              51.5876672
            ],
            [
              -0.056487,
              51.5877152
            ],
            [
              -0.0567016,
              51.5877557
            ],
            [
              -0.0569752,
              51.5878008
            ],
            [
              -0.0574228,
              51.5878775
            ],
            [
              -0.0582465,
              51.5879721
            ],
            [
              -0.0583516,
              51.5879776
            ],
            [
              -0.0588795,
              51.5880051
            ],
            [
              -0.0598103,
              51.5880033
            ],
            [
              -0.0615895,
              51.5878702
            ],
            [
              -0.0621626,
              51.5878273
            ],
            [
              -0.0631228,
              51.5876767
            ],
            [
              -0.0640213,
              51.5874539
            ],
            [
              -0.065179,
              51.5870264
            ],
            [
              -0.0667065,
              51.5862491
            ],
            [
              -0.0672285,
              51.5859515
            ],
            [
              -0.067779,
              51.5856573
            ],
            [
              -0.069172,
              51.5849249
            ],
            [
              -0.0703571,
              51.5842492
            ],
            [
              -0.0710403,
              51.5838693
            ],
            [
              -0.0720425,
              51.5833671
            ],
            [
              -0.0741898,
              51.5824307
            ],
            [
              -0.0760568,
              51.5816008
            ],
            [
              -0.0794712,
              51.5798808
            ],
            [
              -0.0800042,
              51.5796031
            ],
            [
              -0.0806482,
              51.5792676
            ],
            [
              -0.0814314,
              51.578835
            ],
            [
              -0.0823807,
              51.5781403
            ],
            [
              -0.0850983,
              51.5755214
            ],
            [
              -0.0856643,
              51.5749591
            ],
            [
              -0.0863091,
              51.5744557
            ],
            [
              -0.0870317,
              51.5739396
            ],
            [
              -0.0878851,
              51.5735131
            ],
            [
              -0.0888298,
              51.5731215
            ],
            [
              -0.0940128,
              51.5713746
            ],
            [
              -0.0955821,
              51.5708457
            ],
            [
              -0.096897,
              51.5705185
            ],
            [
              -0.098779,
              51.5701041
            ],
            [
              -0.1032607,
              51.5693998
            ],
            [
              -0.1039349,
              51.5692174
            ],
            [
              -0.1044654,
              51.5689969
            ],
            [
              -0.1049143,
              51.5687202
            ],
            [
              -0.1052448,
              51.5684487
            ],
            [
              -0.1055312,
              51.5680606
            ],
            [
              -0.105779,
              51.5673774
            ],
            [
              -0.1062634,
              51.5655473
            ],
            [
              -0.1063067,
              51.5651517
            ],
            [
              -0.1064254,
              51.5640679
            ],
            [
              -0.1064317,
              51.5640102
            ],
            [
              -0.106478,
              51.5635839
            ],
            [
              -0.1066858,
              51.562793
            ],
            [
              -0.1067982,
              51.5621685
            ],
            [
              -0.1068335,
              51.5617738
            ],
            [
              -0.1068269,
              51.5608653
            ],
            [
              -0.106837,
              51.5597484
            ],
            [
              -0.1068412,
              51.5594298
            ],
            [
              -0.1068436,
              51.5592914
            ],
            [
              -0.1068109,
              51.5579802
            ],
            [
              -0.1067607,
              51.557599
            ],
            [
              -0.1059866,
              51.5544302
            ],
            [
              -0.1056903,
              51.5529247
            ],
            [
              -0.1053983,
              51.5519599
            ],
            [
              -0.1048083,
              51.5505002
            ],
            [
              -0.1039132,
              51.5481647
            ],
            [
              -0.1035813,
              51.5474861
            ],
            [
              -0.1032773,
              51.5468257
            ],
            [
              -0.1032298,
              51.5467285
            ],
            [
              -0.1028986,
              51.546136
            ],
            [
              -0.1026424,
              51.5457697
            ],
            [
              -0.102419,
              51.5453324
            ],
            [
              -0.1022675,
              51.5450224
            ],
            [
              -0.1021325,
              51.5447374
            ],
            [
              -0.1020149,
              51.5439573
            ],
            [
              -0.1020446,
              51.543722
            ],
            [
              -0.1021798,
              51.5431136
            ],
            [
              -0.1023133,
              51.5426365
            ],
            [
              -0.1024553,
              51.5423444
            ],
            [
              -0.1026852,
              51.5419792
            ],
            [
              -0.1029444,
              51.5416959
            ],
            [
              -0.1034434,
              51.5411523
            ],
            [
              -0.1041067,
              51.5404769
            ],
            [
              -0.1044421,
              51.5401072
            ],
            [
              -0.1052337,
              51.5391115
            ],
            [
              -0.1054346,
              51.5388094
            ],
            [
              -0.1055726,
              51.5386637
            ],
            [
              -0.1057642,
              51.5385264
            ],
            [
              -0.1198566,
              51.5317376
            ],
            [
              -0.1200921,
              51.5316383
            ],
            [
              -0.1203976,
              51.5315338
            ],
            [
              -0.1210137,
              51.5313319
            ],
            [
              -0.121758,
              51.5311084
            ],
            [
              -0.1225351,
              51.5308751
            ],
            [
              -0.1232202,
              51.5306809
            ],
            [
              -0.1240429,
              51.5304743
            ],
            [
              -0.1245739,
              51.5303748
            ],
            [
              -0.1254551,
              51.5302451
            ],
            [
              -0.1268297,
              51.5300368
            ],
            [
              -0.1277473,
              51.5298879
            ],
            [
              -0.1284599,
              51.5297542
            ],
            [
              -0.1292366,
              51.5295575
            ],
            [
              -0.1299724,
              51.5293469
            ],
            [
              -0.1305176,
              51.5291696
            ],
            [
              -0.1310578,
              51.5289886
            ],
            [
              -0.1315304,
              51.5288355
            ],
            [
              -0.1327972,
              51.5284457
            ],
            [
              -0.1330011,
              51.5283897
            ],
            [
              -0.1333154,
              51.5282945
            ],
            [
              -0.1335572,
              51.5282066
            ],
            [
              -0.1338759,
              51.5280708
            ],
            [
              -0.1341323,
              51.5279614
            ],
            [
              -0.1345376,
              51.5277363
            ],
            [
              -0.1355352,
              51.5272812
            ],
            [
              -0.1357835,
              51.5271405
            ],
            [
              -0.1364331,
              51.5266798
            ],
            [
              -0.1368372,
              51.5263339
            ],
            [
              -0.1373294,
              51.5258816
            ],
            [
              -0.1379263,
              51.5253681
            ],
            [
              -0.1386048,
              51.524822
            ],
            [
              -0.1390144,
              51.5245087
            ],
            [
              -0.1395405,
              51.5240272
            ],
            [
              -0.1401454,
              51.5235041
            ],
            [
              -0.1405801,
              51.5231016
            ],
            [
              -0.140785,
              51.5228873
            ],
            [
              -0.141236,
              51.5224157
            ],
            [
              -0.1413995,
              51.5221922
            ],
            [
              -0.1415645,
              51.5219021
            ],
            [
              -0.1416575,
              51.5216595
            ],
            [
              -0.1417923,
              51.5214247
            ],
            [
              -0.1419183,
              51.5211797
            ],
            [
              -0.1420719,
              51.5207431
            ],
            [
              -0.14222,
              51.5202818
            ],
            [
              -0.1423126,
              51.5198978
            ],
            [
              -0.1422086,
              51.5186879
            ],
            [
              -0.142227,
              51.5176523
            ],
            [
              -0.1421951,
              51.5171332
            ],
            [
              -0.1420837,
              51.516644
            ],
            [
              -0.1418921,
              51.5160712
            ],
            [
              -0.1417687,
              51.5156576
            ],
            [
              -0.1416426,
              51.5152272
            ],
            [
              -0.1414978,
              51.5143448
            ],
            [
              -0.1414707,
              51.513967
            ],
            [
              -0.141514,
              51.5135767
            ],
            [
              -0.1416089,
              51.5132326
            ],
            [
              -0.1417451,
              51.5129218
            ],
            [
              -0.1419045,
              51.5126319
            ],
            [
              -0.1421252,
              51.512337
            ],
            [
              -0.1430273,
              51.511032
            ],
            [
              -0.1432583,
              51.5106343
            ],
            [
              -0.1433848,
              51.5103233
            ],
            [
              -0.1434483,
              51.5101423
            ],
            [
              -0.1434814,
              51.5099916
            ],
            [
              -0.1435183,
              51.5096787
            ],
            [
              -0.1435347,
              51.5092739
            ],
            [
              -0.1434306,
              51.5087634
            ],
            [
              -0.1433422,
              51.5084178
            ],
            [
              -0.1432069,
              51.5080752
            ],
            [
              -0.1423275,
              51.5067533
            ],
            [
              -0.1415305,
              51.505721
            ],
            [
              -0.1414442,
              51.5055896
            ],
            [
              -0.1412392,
              51.5051147
            ],
            [
              -0.1409032,
              51.5043855
            ],
            [
              -0.140511,
              51.5033025
            ],
            [
              -0.1403449,
              51.5028305
            ],
            [
              -0.1401732,
              51.5022565
            ],
            [
              -0.140124,
              51.5017842
            ],
            [
              -0.1401914,
              51.5012807
            ],
            [
              -0.1403655,
              51.5005395
            ],
            [
              -0.140771,
              51.4996085
            ],
            [
              -0.1413081,
              51.4987486
            ],
            [
              -0.1421451,
              51.497746
            ],
            [
              -0.1425213,
              51.4972281
            ],
            [
              -0.1425921,
              51.4970968
            ],
            [
              -0.142684,
              51.4969199
            ],
            [
              -0.1428252,
              51.4966707
            ],
            [
              -0.1429505,
              51.49648
            ],
            [
              -0.1431893,
              51.4961348
            ],
            [
              -0.1432968,
              51.4959564
            ],
            [
              -0.1433883,
              51.4957774
            ],
            [
              -0.1435264,
              51.4952799
            ],
            [
              -0.143598,
              51.4949146
            ],
            [
              -0.1436912,
              51.494279
            ],
            [
              -0.1437674,
              51.4935941
            ],
            [
              -0.1435464,
              51.4931047
            ],
            [
              -0.1432303,
              51.4927166
            ],
            [
              -0.1427151,
              51.4920532
            ],
            [
              -0.1422703,
              51.4916277
            ],
            [
              -0.1416565,
              51.4911666
            ],
            [
              -0.1412113,
              51.4908727
            ],
            [
              -0.1404631,
              51.4905067
            ],
            [
              -0.1397573,
              51.4901745
            ],
            [
              -0.1392879,
              51.4900068
            ],
            [
              -0.138848,
              51.4898656
            ],
            [
              -0.1381227,
              51.4896703
            ],
            [
              -0.1371521,
              51.489496
            ],
            [
              -0.1359928,
              51.4893641
            ],
            [
              -0.1350023,
              51.4893014
            ],
            [
              -0.134254,
              51.4892267
            ],
            [
              -0.1331734,
              51.4891008
            ],
            [
              -0.1329187,
              51.4890755
            ],
            [
              -0.1319263,
              51.4889384
            ],
            [
              -0.1309763,
              51.4886817
            ],
            [
              -0.1301236,
              51.488485
            ],
            [
              -0.1293181,
              51.4882166
            ],
            [
              -0.1283721,
              51.4878393
            ],
            [
              -0.1274576,
              51.4874061
            ],
            [
              -0.1258788,
              51.4866581
            ],
            [
              -0.1243434,
              51.4859279
            ],
            [
              -0.1232161,
              51.4853832
            ],
            [
              -0.1228642,
              51.4851408
            ],
            [
              -0.1227534,
              51.4850853
            ],
            [
              -0.122524,
              51.4848997
            ],
            [
              -0.1223854,
              51.4848015
            ],
            [
              -0.1219807,
              51.4844226
            ],
            [
              -0.1217043,
              51.4840512
            ],
            [
              -0.121538,
              51.4837896
            ],
            [
              -0.1213306,
              51.4833565
            ],
            [
              -0.1211755,
              51.4829096
            ],
            [
              -0.1210025,
              51.4823125
            ],
            [
              -0.1208289,
              51.4817205
            ],
            [
              -0.120613,
              51.4810024
            ],
            [
              -0.1205053,
              51.4806521
            ],
            [
              -0.1201554,
              51.479536
            ],
            [
              -0.1198811,
              51.4786669
            ],
            [
              -0.1195653,
              51.4776874
            ],
            [
              -0.1194608,
              51.4773764
            ],
            [
              -0.1194112,
              51.4771794
            ],
            [
              -0.1193437,
              51.4768424
            ],
            [
              -0.1192857,
              51.4764757
            ],
            [
              -0.1192648,
              51.4761816
            ],
            [
              -0.1192745,
              51.4759909
            ],
            [
              -0.119321,
              51.4756952
            ],
            [
              -0.1193655,
              51.4754385
            ],
            [
              -0.1194698,
              51.4751562
            ],
            [
              -0.1196098,
              51.4748392
            ],
            [
              -0.11965,
              51.4747384
            ],
            [
              -0.1197089,
              51.474595
            ],
            [
              -0.1198879,
              51.4743021
            ],
            [
              -0.1201767,
              51.4739825
            ],
            [
              -0.120426,
              51.4737098
            ],
            [
              -0.1208056,
              51.4733491
            ],
            [
              -0.1208762,
              51.4732875
            ],
            [
              -0.1211517,
              51.4730647
            ],
            [
              -0.1212298,
              51.4729947
            ],
            [
              -0.1219935,
              51.4723429
            ],
            [
              -0.1231678,
              51.471273
            ],
            [
              -0.1233661,
              51.4710949
            ],
            [
              -0.123811,
              51.4707186
            ],
            [
              -0.12409,
              51.4703884
            ],
            [
              -0.1246261,
              51.4695797
            ],
            [
              -0.1247808,
              51.4689548
            ],
            [
              -0.1248431,
              51.4682883
            ],
            [
              -0.1248362,
              51.4678798
            ],
            [
              -0.1247975,
              51.4676099
            ],
            [
              -0.1245547,
              51.4669178
            ],
            [
              -0.1244741,
              51.466745
            ],
            [
              -0.1243082,
              51.4664666
            ],
            [
              -0.123783,
              51.4657903
            ],
            [
              -0.1233219,
              51.465346
            ],
            [
              -0.1230649,
              51.4651427
            ],
            [
              -0.1225973,
              51.4648451
            ],
            [
              -0.1221524,
              51.4645797
            ],
            [
              -0.1217813,
              51.4644018
            ],
            [
              -0.1213383,
              51.4642092
            ],
            [
              -0.1205805,
              51.4639098
            ],
            [
              -0.1200904,
              51.4637644
            ],
            [
              -0.1195184,
              51.4636202
            ],
            [
              -0.1167001,
              51.463101
            ],
            [
              -0.1153906,
              51.4628298
            ],
            [
              -0.1146311,
              51.4626748
            ],
            [
              -0.1135491,
              51.4624759
            ]
          ],
          [
            [
              -0.1426094,
              51.4971016
            ],
            [
              -0.1426493,
              51.4971126
            ],
            [
              -0.1426612,
              51.4970904
            ],
            [
              -0.1427521,
              51.4969218
            ],
            [
              -0.1427899,
              51.4968474
            ],
            [
              -0.1428861,
              51.4966814
            ],
            [
              -0.1431191,
              51.4963344
            ],
            [
              -0.1431266,
              51.4963232
            ],
            [
              -0.1431571,
              51.4962774
            ],
            [
              -0.1431846,
              51.4962362
            ],
            [
              -0.1432113,
              51.4961963
            ],
            [
              -0.1432382,
              51.496156
            ],
            [
              -0.1432435,
              51.4961481
            ],
            [
              -0.143207,
              51.4961392
            ],
            [
              -0.1432018,
              51.4961469
            ],
            [
              -0.1431748,
              51.4961865
            ],
            [
              -0.1431477,
              51.4962269
            ],
            [
              -0.14312,
              51.4962675
            ],
            [
              -0.1430889,
              51.4963138
            ],
            [
              -0.1429781,
              51.4964749
            ],
            [
              -0.1428651,
              51.496642
            ],
            [
              -0.1428434,
              51.4966741
            ],
            [
              -0.1428327,
              51.4966926
            ],
            [
              -0.1428025,
              51.4967447
            ],
            [
              -0.1427567,
              51.4968247
            ],
            [
              -0.1427493,
              51.4968387
            ],
            [
              -0.1427079,
              51.4969115
            ],
            [
              -0.1426201,
              51.4970809
            ],
            [
              -0.1426094,
              51.4971016
            ]
          ],
          [
            [
              -0.1209901,
              51.5313064
            ],
            [
              -0.1217215,
              51.5310921
            ],
            [
              -0.1219913,
              51.531013
            ],
            [
              -0.1224527,
              51.5308778
            ],
            [
              -0.1225192,
              51.5308583
            ]
          ],
          [
            [
              -0.0429663,
              51.5868481
            ],
            [
              -0.041421,
              51.5868009
            ]
          ]
        ]
      },
      "id": "relation/6354921"
    },
    {
      "type": "Feature",
      "properties": {
        "@id": "relation/7672072",
        "bicycle:conditional": "no @ \"except folded bicycles\"",
        "brand": "Transport for London",
        "brand:wikidata": "Q682520",
        "colour": "#0a9cda",
        "from": "Seven Sisters",
        "name": "Victoria line: Seven Sisters → Brixton",
        "network": "London Underground",
        "network:wikidata": "Q20075",
        "network:wikipedia": "en:London Underground",
        "operator": "Transport for London",
        "operator:wikidata": "Q682520",
        "public_transport:version": "2",
        "ref": "Victoria",
        "ref:colour": "#0098D8",
        "ref:colour_bg": "white",
        "ref:colour_tx": "white",
        "route": "subway",
        "to": "Brixton",
        "type": "route",
        "wheelchair": "yes",
        "wikidata": "Q203030",
        "wikipedia": "en:Victoria line",
        "@relations": [
          {
            "role": "",
            "rel": 6354922,
            "reltags": {
              "brand": "Transport for London",
              "colour": "#0a9cda",
              "name": "Victoria line",
              "name:en": "Victoria line",
              "name:ru": "Линия Виктория",
              "name:uk": "Лінія Вікторія",
              "network": "London Underground",
              "network:wikidata": "Q20075",
              "network:wikipedia": "en:London Underground",
              "operator": "Transport for London",
              "operator:wikidata": "Q682520",
              "operator:wikipedia": "en:Transport for London",
              "ref": "Victoria",
              "ref:colour": "#0098D8",
              "ref:colour_bg": "white",
              "ref:colour_tx": "white",
              "route_master": "subway",
              "type": "route_master",
              "wheelchair": "yes",
              "wikidata": "Q203030",
              "wikipedia": "en:Victoria line"
            }
          }
        ]
      },
      "geometry": {
        "type": "MultiLineString",
        "coordinates": [
          [
            [
              -0.0720425,
              51.5833671
            ],
            [
              -0.0741898,
              51.5824307
            ],
            [
              -0.0760568,
              51.5816008
            ],
            [
              -0.0794712,
              51.5798808
            ],
            [
              -0.0800042,
              51.5796031
            ],
            [
              -0.0806482,
              51.5792676
            ],
            [
              -0.0814314,
              51.578835
            ],
            [
              -0.0823807,
              51.5781403
            ],
            [
              -0.0850983,
              51.5755214
            ],
            [
              -0.0856643,
              51.5749591
            ],
            [
              -0.0863091,
              51.5744557
            ],
            [
              -0.0870317,
              51.5739396
            ],
            [
              -0.0878851,
              51.5735131
            ],
            [
              -0.0888298,
              51.5731215
            ],
            [
              -0.0940128,
              51.5713746
            ],
            [
              -0.0955821,
              51.5708457
            ],
            [
              -0.096897,
              51.5705185
            ],
            [
              -0.098779,
              51.5701041
            ],
            [
              -0.1032607,
              51.5693998
            ],
            [
              -0.1039349,
              51.5692174
            ],
            [
              -0.1044654,
              51.5689969
            ],
            [
              -0.1049143,
              51.5687202
            ],
            [
              -0.1052448,
              51.5684487
            ],
            [
              -0.1055312,
              51.5680606
            ],
            [
              -0.105779,
              51.5673774
            ],
            [
              -0.1062634,
              51.5655473
            ],
            [
              -0.1063067,
              51.5651517
            ],
            [
              -0.1064254,
              51.5640679
            ],
            [
              -0.1064317,
              51.5640102
            ],
            [
              -0.106478,
              51.5635839
            ],
            [
              -0.1066858,
              51.562793
            ],
            [
              -0.1067982,
              51.5621685
            ],
            [
              -0.1068335,
              51.5617738
            ],
            [
              -0.1068269,
              51.5608653
            ],
            [
              -0.106837,
              51.5597484
            ],
            [
              -0.1068412,
              51.5594298
            ],
            [
              -0.1068436,
              51.5592914
            ],
            [
              -0.1068109,
              51.5579802
            ],
            [
              -0.1067607,
              51.557599
            ],
            [
              -0.1059866,
              51.5544302
            ],
            [
              -0.1056903,
              51.5529247
            ],
            [
              -0.1053983,
              51.5519599
            ],
            [
              -0.1048083,
              51.5505002
            ],
            [
              -0.1039132,
              51.5481647
            ],
            [
              -0.1035813,
              51.5474861
            ],
            [
              -0.1032773,
              51.5468257
            ],
            [
              -0.1032298,
              51.5467285
            ],
            [
              -0.1028986,
              51.546136
            ],
            [
              -0.1026424,
              51.5457697
            ],
            [
              -0.102419,
              51.5453324
            ],
            [
              -0.1022675,
              51.5450224
            ],
            [
              -0.1021325,
              51.5447374
            ],
            [
              -0.1020149,
              51.5439573
            ],
            [
              -0.1020446,
              51.543722
            ],
            [
              -0.1021798,
              51.5431136
            ],
            [
              -0.1023133,
              51.5426365
            ],
            [
              -0.1024553,
              51.5423444
            ],
            [
              -0.1026852,
              51.5419792
            ],
            [
              -0.1029444,
              51.5416959
            ],
            [
              -0.1034434,
              51.5411523
            ],
            [
              -0.1041067,
              51.5404769
            ],
            [
              -0.1044421,
              51.5401072
            ],
            [
              -0.1052337,
              51.5391115
            ],
            [
              -0.1054346,
              51.5388094
            ],
            [
              -0.1055726,
              51.5386637
            ],
            [
              -0.1057642,
              51.5385264
            ],
            [
              -0.1198566,
              51.5317376
            ],
            [
              -0.1200921,
              51.5316383
            ],
            [
              -0.1203976,
              51.5315338
            ],
            [
              -0.1210137,
              51.5313319
            ],
            [
              -0.121758,
              51.5311084
            ],
            [
              -0.1225351,
              51.5308751
            ],
            [
              -0.1232202,
              51.5306809
            ],
            [
              -0.1240429,
              51.5304743
            ],
            [
              -0.1245739,
              51.5303748
            ],
            [
              -0.1254551,
              51.5302451
            ],
            [
              -0.1268297,
              51.5300368
            ],
            [
              -0.1277473,
              51.5298879
            ],
            [
              -0.1284599,
              51.5297542
            ],
            [
              -0.1292366,
              51.5295575
            ],
            [
              -0.1299724,
              51.5293469
            ],
            [
              -0.1305176,
              51.5291696
            ],
            [
              -0.1310578,
              51.5289886
            ],
            [
              -0.1315304,
              51.5288355
            ],
            [
              -0.1327972,
              51.5284457
            ],
            [
              -0.1330011,
              51.5283897
            ],
            [
              -0.1333154,
              51.5282945
            ],
            [
              -0.1335572,
              51.5282066
            ],
            [
              -0.1338759,
              51.5280708
            ],
            [
              -0.1341323,
              51.5279614
            ],
            [
              -0.1345376,
              51.5277363
            ],
            [
              -0.1355352,
              51.5272812
            ],
            [
              -0.1357835,
              51.5271405
            ],
            [
              -0.1364331,
              51.5266798
            ],
            [
              -0.1368372,
              51.5263339
            ],
            [
              -0.1373294,
              51.5258816
            ],
            [
              -0.1379263,
              51.5253681
            ],
            [
              -0.1386048,
              51.524822
            ],
            [
              -0.1390144,
              51.5245087
            ],
            [
              -0.1395405,
              51.5240272
            ],
            [
              -0.1401454,
              51.5235041
            ],
            [
              -0.1405801,
              51.5231016
            ],
            [
              -0.140785,
              51.5228873
            ],
            [
              -0.141236,
              51.5224157
            ],
            [
              -0.1413995,
              51.5221922
            ],
            [
              -0.1415645,
              51.5219021
            ],
            [
              -0.1416575,
              51.5216595
            ],
            [
              -0.1417923,
              51.5214247
            ],
            [
              -0.1419183,
              51.5211797
            ],
            [
              -0.1420719,
              51.5207431
            ],
            [
              -0.14222,
              51.5202818
            ],
            [
              -0.1423126,
              51.5198978
            ],
            [
              -0.1422086,
              51.5186879
            ],
            [
              -0.142227,
              51.5176523
            ],
            [
              -0.1421951,
              51.5171332
            ],
            [
              -0.1420837,
              51.516644
            ],
            [
              -0.1418921,
              51.5160712
            ],
            [
              -0.1417687,
              51.5156576
            ],
            [
              -0.1416426,
              51.5152272
            ],
            [
              -0.1414978,
              51.5143448
            ],
            [
              -0.1414707,
              51.513967
            ],
            [
              -0.141514,
              51.5135767
            ],
            [
              -0.1416089,
              51.5132326
            ],
            [
              -0.1417451,
              51.5129218
            ],
            [
              -0.1419045,
              51.5126319
            ],
            [
              -0.1421252,
              51.512337
            ],
            [
              -0.1430273,
              51.511032
            ],
            [
              -0.1432583,
              51.5106343
            ],
            [
              -0.1433848,
              51.5103233
            ],
            [
              -0.1434483,
              51.5101423
            ],
            [
              -0.1434814,
              51.5099916
            ],
            [
              -0.1435183,
              51.5096787
            ],
            [
              -0.1435347,
              51.5092739
            ],
            [
              -0.1434306,
              51.5087634
            ],
            [
              -0.1433422,
              51.5084178
            ],
            [
              -0.1432069,
              51.5080752
            ],
            [
              -0.1423275,
              51.5067533
            ],
            [
              -0.1415305,
              51.505721
            ],
            [
              -0.1414442,
              51.5055896
            ],
            [
              -0.1412392,
              51.5051147
            ],
            [
              -0.1409032,
              51.5043855
            ],
            [
              -0.140511,
              51.5033025
            ],
            [
              -0.1403449,
              51.5028305
            ],
            [
              -0.1401732,
              51.5022565
            ],
            [
              -0.140124,
              51.5017842
            ],
            [
              -0.1401914,
              51.5012807
            ],
            [
              -0.1403655,
              51.5005395
            ],
            [
              -0.140771,
              51.4996085
            ],
            [
              -0.1413081,
              51.4987486
            ],
            [
              -0.1421451,
              51.497746
            ],
            [
              -0.1425213,
              51.4972281
            ],
            [
              -0.1425921,
              51.4970968
            ],
            [
              -0.142684,
              51.4969199
            ],
            [
              -0.1428252,
              51.4966707
            ],
            [
              -0.1429505,
              51.49648
            ],
            [
              -0.1431893,
              51.4961348
            ],
            [
              -0.1432968,
              51.4959564
            ],
            [
              -0.1433883,
              51.4957774
            ],
            [
              -0.1435264,
              51.4952799
            ],
            [
              -0.143598,
              51.4949146
            ],
            [
              -0.1436912,
              51.494279
            ],
            [
              -0.1437674,
              51.4935941
            ],
            [
              -0.1435464,
              51.4931047
            ],
            [
              -0.1432303,
              51.4927166
            ],
            [
              -0.1427151,
              51.4920532
            ],
            [
              -0.1422703,
              51.4916277
            ],
            [
              -0.1416565,
              51.4911666
            ],
            [
              -0.1412113,
              51.4908727
            ],
            [
              -0.1404631,
              51.4905067
            ],
            [
              -0.1397573,
              51.4901745
            ],
            [
              -0.1392879,
              51.4900068
            ],
            [
              -0.138848,
              51.4898656
            ],
            [
              -0.1381227,
              51.4896703
            ],
            [
              -0.1371521,
              51.489496
            ],
            [
              -0.1359928,
              51.4893641
            ],
            [
              -0.1350023,
              51.4893014
            ],
            [
              -0.134254,
              51.4892267
            ],
            [
              -0.1331734,
              51.4891008
            ],
            [
              -0.1329187,
              51.4890755
            ],
            [
              -0.1319263,
              51.4889384
            ],
            [
              -0.1309763,
              51.4886817
            ],
            [
              -0.1301236,
              51.488485
            ],
            [
              -0.1293181,
              51.4882166
            ],
            [
              -0.1283721,
              51.4878393
            ],
            [
              -0.1274576,
              51.4874061
            ],
            [
              -0.1258788,
              51.4866581
            ],
            [
              -0.1243434,
              51.4859279
            ],
            [
              -0.1232161,
              51.4853832
            ],
            [
              -0.1228642,
              51.4851408
            ],
            [
              -0.1227534,
              51.4850853
            ],
            [
              -0.122524,
              51.4848997
            ],
            [
              -0.1223854,
              51.4848015
            ],
            [
              -0.1219807,
              51.4844226
            ],
            [
              -0.1217043,
              51.4840512
            ],
            [
              -0.121538,
              51.4837896
            ],
            [
              -0.1213306,
              51.4833565
            ],
            [
              -0.1211755,
              51.4829096
            ],
            [
              -0.1210025,
              51.4823125
            ],
            [
              -0.1208289,
              51.4817205
            ],
            [
              -0.120613,
              51.4810024
            ],
            [
              -0.1205053,
              51.4806521
            ],
            [
              -0.1201554,
              51.479536
            ],
            [
              -0.1198811,
              51.4786669
            ],
            [
              -0.1195653,
              51.4776874
            ],
            [
              -0.1194608,
              51.4773764
            ],
            [
              -0.1194112,
              51.4771794
            ],
            [
              -0.1193437,
              51.4768424
            ],
            [
              -0.1192857,
              51.4764757
            ],
            [
              -0.1192648,
              51.4761816
            ],
            [
              -0.1192745,
              51.4759909
            ],
            [
              -0.119321,
              51.4756952
            ],
            [
              -0.1193655,
              51.4754385
            ],
            [
              -0.1194698,
              51.4751562
            ],
            [
              -0.1196098,
              51.4748392
            ],
            [
              -0.11965,
              51.4747384
            ],
            [
              -0.1197089,
              51.474595
            ],
            [
              -0.1198879,
              51.4743021
            ],
            [
              -0.1201767,
              51.4739825
            ],
            [
              -0.120426,
              51.4737098
            ],
            [
              -0.1208056,
              51.4733491
            ],
            [
              -0.1208762,
              51.4732875
            ],
            [
              -0.1211517,
              51.4730647
            ],
            [
              -0.1212298,
              51.4729947
            ],
            [
              -0.1219935,
              51.4723429
            ],
            [
              -0.1231678,
              51.471273
            ],
            [
              -0.1233661,
              51.4710949
            ],
            [
              -0.123811,
              51.4707186
            ],
            [
              -0.12409,
              51.4703884
            ],
            [
              -0.1246261,
              51.4695797
            ],
            [
              -0.1247808,
              51.4689548
            ],
            [
              -0.1248431,
              51.4682883
            ],
            [
              -0.1248362,
              51.4678798
            ],
            [
              -0.1247975,
              51.4676099
            ],
            [
              -0.1245547,
              51.4669178
            ],
            [
              -0.1244741,
              51.466745
            ],
            [
              -0.1243082,
              51.4664666
            ],
            [
              -0.123783,
              51.4657903
            ],
            [
              -0.1233219,
              51.465346
            ],
            [
              -0.1230649,
              51.4651427
            ],
            [
              -0.1225973,
              51.4648451
            ],
            [
              -0.1221524,
              51.4645797
            ],
            [
              -0.1217813,
              51.4644018
            ],
            [
              -0.1213383,
              51.4642092
            ],
            [
              -0.1205805,
              51.4639098
            ],
            [
              -0.1200904,
              51.4637644
            ],
            [
              -0.1195184,
              51.4636202
            ],
            [
              -0.1167001,
              51.463101
            ],
            [
              -0.1153906,
              51.4628298
            ],
            [
              -0.1146311,
              51.4626748
            ],
            [
              -0.1135491,
              51.4624759
            ]
          ],
          [
            [
              -0.1426094,
              51.4971016
            ],
            [
              -0.1426493,
              51.4971126
            ],
            [
              -0.1426612,
              51.4970904
            ],
            [
              -0.1427521,
              51.4969218
            ],
            [
              -0.1427899,
              51.4968474
            ],
            [
              -0.1428861,
              51.4966814
            ],
            [
              -0.1431191,
              51.4963344
            ],
            [
              -0.1431266,
              51.4963232
            ],
            [
              -0.1431571,
              51.4962774
            ],
            [
              -0.1431846,
              51.4962362
            ],
            [
              -0.1432113,
              51.4961963
            ],
            [
              -0.1432382,
              51.496156
            ],
            [
              -0.1432435,
              51.4961481
            ],
            [
              -0.143207,
              51.4961392
            ],
            [
              -0.1432018,
              51.4961469
            ],
            [
              -0.1431748,
              51.4961865
            ],
            [
              -0.1431477,
              51.4962269
            ],
            [
              -0.14312,
              51.4962675
            ],
            [
              -0.1430889,
              51.4963138
            ],
            [
              -0.1429781,
              51.4964749
            ],
            [
              -0.1428651,
              51.496642
            ],
            [
              -0.1428434,
              51.4966741
            ],
            [
              -0.1428327,
              51.4966926
            ],
            [
              -0.1428025,
              51.4967447
            ],
            [
              -0.1427567,
              51.4968247
            ],
            [
              -0.1427493,
              51.4968387
            ],
            [
              -0.1427079,
              51.4969115
            ],
            [
              -0.1426201,
              51.4970809
            ],
            [
              -0.1426094,
              51.4971016
            ]
          ],
          [
            [
              -0.1209901,
              51.5313064
            ],
            [
              -0.1217215,
              51.5310921
            ],
            [
              -0.1219913,
              51.531013
            ],
            [
              -0.1224527,
              51.5308778
            ],
            [
              -0.1225192,
              51.5308583
            ]
          ]
        ]
      },
      "id": "relation/7672072"
    },
    {
      "type": "Feature",
      "properties": {
        "@id": "relation/7672073",
        "bicycle:conditional": "no @ \"except folded bicycles\"",
        "brand": "Transport for London",
        "brand:wikidata": "Q682520",
        "colour": "#0a9cda",
        "from": "Brixton",
        "name": "Victoria line: Brixton → Seven Sisters",
        "network": "London Underground",
        "network:wikidata": "Q20075",
        "network:wikipedia": "en:London Underground",
        "operator": "Transport for London",
        "operator:wikidata": "Q682520",
        "public_transport:version": "2",
        "ref": "Victoria",
        "ref:colour": "#0098D8",
        "ref:colour_bg": "white",
        "ref:colour_tx": "white",
        "route": "subway",
        "to": "Seven Sisters",
        "type": "route",
        "wheelchair": "yes",
        "wikidata": "Q203030",
        "wikipedia": "en:Victoria line",
        "@relations": [
          {
            "role": "",
            "rel": 6354922,
            "reltags": {
              "brand": "Transport for London",
              "colour": "#0a9cda",
              "name": "Victoria line",
              "name:en": "Victoria line",
              "name:ru": "Линия Виктория",
              "name:uk": "Лінія Вікторія",
              "network": "London Underground",
              "network:wikidata": "Q20075",
              "network:wikipedia": "en:London Underground",
              "operator": "Transport for London",
              "operator:wikidata": "Q682520",
              "operator:wikipedia": "en:Transport for London",
              "ref": "Victoria",
              "ref:colour": "#0098D8",
              "ref:colour_bg": "white",
              "ref:colour_tx": "white",
              "route_master": "subway",
              "type": "route_master",
              "wheelchair": "yes",
              "wikidata": "Q203030",
              "wikipedia": "en:Victoria line"
            }
          }
        ]
      },
      "geometry": {
        "type": "MultiLineString",
        "coordinates": [
          [
            [
              -0.1136141,
              51.4623466
            ],
            [
              -0.1147779,
              51.4625844
            ],
            [
              -0.1154612,
              51.4627201
            ],
            [
              -0.1157781,
              51.4627831
            ],
            [
              -0.1158493,
              51.4627972
            ],
            [
              -0.1167776,
              51.4629816
            ],
            [
              -0.1168597,
              51.4629979
            ],
            [
              -0.1170938,
              51.4630444
            ],
            [
              -0.1176894,
              51.4631627
            ],
            [
              -0.1187229,
              51.4633052
            ],
            [
              -0.119257,
              51.4634032
            ],
            [
              -0.1195529,
              51.4634568
            ],
            [
              -0.1199552,
              51.4635248
            ],
            [
              -0.1202909,
              51.4635917
            ],
            [
              -0.1204863,
              51.4636394
            ],
            [
              -0.1208759,
              51.4637498
            ],
            [
              -0.1210509,
              51.4637992
            ],
            [
              -0.1211693,
              51.4638356
            ],
            [
              -0.1212665,
              51.4638601
            ],
            [
              -0.1217005,
              51.4640217
            ],
            [
              -0.121961,
              51.464121
            ],
            [
              -0.1224636,
              51.4643177
            ],
            [
              -0.1228867,
              51.4645135
            ],
            [
              -0.123236,
              51.4646857
            ],
            [
              -0.1239431,
              51.4651543
            ],
            [
              -0.1242804,
              51.465407
            ],
            [
              -0.1245999,
              51.4656952
            ],
            [
              -0.1249683,
              51.4660871
            ],
            [
              -0.1250697,
              51.4662085
            ],
            [
              -0.1252623,
              51.4664884
            ],
            [
              -0.1254117,
              51.4667282
            ],
            [
              -0.1255491,
              51.4670015
            ],
            [
              -0.1256917,
              51.4674444
            ],
            [
              -0.1258014,
              51.4679003
            ],
            [
              -0.1258079,
              51.4680161
            ],
            [
              -0.1258081,
              51.46803
            ],
            [
              -0.125814,
              51.4684122
            ],
            [
              -0.1258039,
              51.4684308
            ],
            [
              -0.1257789,
              51.4688554
            ],
            [
              -0.1257394,
              51.4691998
            ],
            [
              -0.1256959,
              51.4694342
            ],
            [
              -0.1255615,
              51.4697004
            ],
            [
              -0.1254297,
              51.4699314
            ],
            [
              -0.1252671,
              51.4702165
            ],
            [
              -0.1252636,
              51.4702226
            ],
            [
              -0.1252575,
              51.4702288
            ],
            [
              -0.1251857,
              51.4703025
            ],
            [
              -0.1250846,
              51.4704061
            ],
            [
              -0.1240539,
              51.4712048
            ],
            [
              -0.1232026,
              51.4719112
            ],
            [
              -0.1228089,
              51.4724276
            ],
            [
              -0.1224765,
              51.4728988
            ],
            [
              -0.1222451,
              51.4731642
            ],
            [
              -0.1220531,
              51.4733711
            ],
            [
              -0.1218721,
              51.4735155
            ],
            [
              -0.1213529,
              51.4740167
            ],
            [
              -0.1210684,
              51.4742971
            ],
            [
              -0.1207095,
              51.4747169
            ],
            [
              -0.1205632,
              51.4749479
            ],
            [
              -0.1204695,
              51.4751219
            ],
            [
              -0.1204036,
              51.4752565
            ],
            [
              -0.1202958,
              51.4754817
            ],
            [
              -0.1201807,
              51.4757558
            ],
            [
              -0.1200742,
              51.4759513
            ],
            [
              -0.1200245,
              51.4761005
            ],
            [
              -0.1199464,
              51.4764156
            ],
            [
              -0.1199064,
              51.4767518
            ],
            [
              -0.1199032,
              51.4770298
            ],
            [
              -0.1199139,
              51.4772182
            ],
            [
              -0.1199615,
              51.4775328
            ],
            [
              -0.1200175,
              51.4777672
            ],
            [
              -0.1202446,
              51.4787019
            ],
            [
              -0.120501,
              51.4796085
            ],
            [
              -0.1207764,
              51.4806215
            ],
            [
              -0.1208972,
              51.4810877
            ],
            [
              -0.1210764,
              51.4818027
            ],
            [
              -0.1211822,
              51.4821788
            ],
            [
              -0.1212077,
              51.4822695
            ],
            [
              -0.1214017,
              51.4828382
            ],
            [
              -0.1216691,
              51.4834535
            ],
            [
              -0.1218939,
              51.483775
            ],
            [
              -0.1219775,
              51.4838903
            ],
            [
              -0.1220514,
              51.4839939
            ],
            [
              -0.1222135,
              51.4841973
            ],
            [
              -0.1225806,
              51.4846975
            ],
            [
              -0.1226666,
              51.4847273
            ],
            [
              -0.1230796,
              51.4849717
            ],
            [
              -0.12351,
              51.4852148
            ],
            [
              -0.1254704,
              51.4861505
            ],
            [
              -0.1261099,
              51.4864809
            ],
            [
              -0.1276667,
              51.4872567
            ],
            [
              -0.1285958,
              51.4877197
            ],
            [
              -0.129483,
              51.4880992
            ],
            [
              -0.1302772,
              51.4883418
            ],
            [
              -0.1311313,
              51.4885657
            ],
            [
              -0.1320079,
              51.4887686
            ],
            [
              -0.1329542,
              51.4888907
            ],
            [
              -0.1333116,
              51.4889244
            ],
            [
              -0.1333957,
              51.4889335
            ],
            [
              -0.1342788,
              51.4890061
            ],
            [
              -0.1362038,
              51.4891267
            ],
            [
              -0.1373914,
              51.4892301
            ],
            [
              -0.1382835,
              51.4893511
            ],
            [
              -0.1385621,
              51.4893958
            ],
            [
              -0.1393832,
              51.4895931
            ],
            [
              -0.1400192,
              51.4897829
            ],
            [
              -0.1407994,
              51.4900755
            ],
            [
              -0.1414628,
              51.4903893
            ],
            [
              -0.1417006,
              51.4905218
            ],
            [
              -0.1420341,
              51.4907432
            ],
            [
              -0.1425921,
              51.4911768
            ],
            [
              -0.1428383,
              51.491386
            ],
            [
              -0.143153,
              51.4916808
            ],
            [
              -0.1433404,
              51.4919166
            ],
            [
              -0.1437269,
              51.4925289
            ],
            [
              -0.1438185,
              51.4927082
            ],
            [
              -0.143933,
              51.4929579
            ],
            [
              -0.1440119,
              51.4931621
            ],
            [
              -0.1441467,
              51.4936013
            ],
            [
              -0.1440767,
              51.4943076
            ],
            [
              -0.1439564,
              51.494976
            ],
            [
              -0.1438601,
              51.4953449
            ],
            [
              -0.1436586,
              51.4958365
            ],
            [
              -0.1435798,
              51.4960207
            ],
            [
              -0.1434672,
              51.4962036
            ],
            [
              -0.1432385,
              51.4965389
            ],
            [
              -0.1430645,
              51.4967722
            ],
            [
              -0.142876,
              51.4969968
            ],
            [
              -0.1427545,
              51.4971415
            ],
            [
              -0.1426905,
              51.4972299
            ],
            [
              -0.1426533,
              51.4972813
            ],
            [
              -0.1422803,
              51.4978004
            ],
            [
              -0.141483,
              51.4988127
            ],
            [
              -0.1410038,
              51.4996495
            ],
            [
              -0.1406149,
              51.5005709
            ],
            [
              -0.1403881,
              51.5012993
            ],
            [
              -0.1403343,
              51.5017901
            ],
            [
              -0.1403882,
              51.5022439
            ],
            [
              -0.1405476,
              51.5028081
            ],
            [
              -0.141056,
              51.5041567
            ],
            [
              -0.1414815,
              51.5050369
            ],
            [
              -0.1417807,
              51.5055608
            ],
            [
              -0.142581,
              51.5066493
            ],
            [
              -0.142649,
              51.5067462
            ],
            [
              -0.1434977,
              51.5079557
            ],
            [
              -0.1435382,
              51.5080795
            ],
            [
              -0.1437038,
              51.5085997
            ],
            [
              -0.1437469,
              51.5091406
            ],
            [
              -0.1437413,
              51.5094074
            ],
            [
              -0.1437076,
              51.5097343
            ],
            [
              -0.1436604,
              51.5099587
            ],
            [
              -0.1434348,
              51.5105877
            ],
            [
              -0.1430498,
              51.5113719
            ],
            [
              -0.1426443,
              51.5121165
            ],
            [
              -0.1425397,
              51.5123128
            ],
            [
              -0.1424545,
              51.5124577
            ],
            [
              -0.1423529,
              51.5127321
            ],
            [
              -0.1422684,
              51.5130056
            ],
            [
              -0.1422276,
              51.5132213
            ],
            [
              -0.1421356,
              51.5136529
            ],
            [
              -0.1420502,
              51.5143572
            ],
            [
              -0.1421471,
              51.5150516
            ],
            [
              -0.1421576,
              51.5151266
            ],
            [
              -0.1421925,
              51.5153337
            ],
            [
              -0.1422817,
              51.515625
            ],
            [
              -0.1424339,
              51.5161347
            ],
            [
              -0.1425939,
              51.5166083
            ],
            [
              -0.1426252,
              51.5171316
            ],
            [
              -0.1426316,
              51.5176237
            ],
            [
              -0.1426426,
              51.5186805
            ],
            [
              -0.142715,
              51.5197874
            ],
            [
              -0.1426483,
              51.5202063
            ],
            [
              -0.1425423,
              51.5204338
            ],
            [
              -0.1424044,
              51.5207426
            ],
            [
              -0.1422451,
              51.5210169
            ],
            [
              -0.1421085,
              51.5212352
            ],
            [
              -0.1418188,
              51.5216356
            ],
            [
              -0.1415898,
              51.5219508
            ],
            [
              -0.1413893,
              51.5221626
            ],
            [
              -0.1412776,
              51.5222609
            ],
            [
              -0.1411397,
              51.5223685
            ],
            [
              -0.1407755,
              51.5226243
            ],
            [
              -0.1402031,
              51.5231403
            ],
            [
              -0.1397455,
              51.5235686
            ],
            [
              -0.1392628,
              51.5240213
            ],
            [
              -0.1388072,
              51.5244929
            ],
            [
              -0.1372745,
              51.5258577
            ],
            [
              -0.1368105,
              51.5262123
            ],
            [
              -0.1363962,
              51.5265421
            ],
            [
              -0.1357967,
              51.5268952
            ],
            [
              -0.1355746,
              51.5270204
            ],
            [
              -0.1353419,
              51.5271367
            ],
            [
              -0.134407,
              51.52763
            ],
            [
              -0.1343977,
              51.527635
            ],
            [
              -0.1339879,
              51.5278552
            ],
            [
              -0.1336345,
              51.5280167
            ],
            [
              -0.1332093,
              51.5282074
            ],
            [
              -0.1328103,
              51.5283627
            ],
            [
              -0.1322216,
              51.5285438
            ],
            [
              -0.131492,
              51.528764
            ],
            [
              -0.1309935,
              51.5289223
            ],
            [
              -0.1304706,
              51.5290805
            ],
            [
              -0.1299311,
              51.5292382
            ],
            [
              -0.1291599,
              51.5294367
            ],
            [
              -0.12842,
              51.5296029
            ],
            [
              -0.127719,
              51.5297392
            ],
            [
              -0.1268072,
              51.5298876
            ],
            [
              -0.1255839,
              51.5300589
            ],
            [
              -0.1245337,
              51.5302433
            ],
            [
              -0.1237215,
              51.530405
            ],
            [
              -0.1229436,
              51.5306048
            ],
            [
              -0.1224641,
              51.5307343
            ],
            [
              -0.1220478,
              51.5308426
            ],
            [
              -0.1216069,
              51.5309643
            ],
            [
              -0.1208822,
              51.5311881
            ],
            [
              -0.1202915,
              51.5314053
            ],
            [
              -0.1197184,
              51.5316453
            ],
            [
              -0.1056429,
              51.5384287
            ],
            [
              -0.105404,
              51.5386076
            ],
            [
              -0.1052072,
              51.538814
            ],
            [
              -0.1047275,
              51.5396336
            ],
            [
              -0.1044421,
              51.5401072
            ],
            [
              -0.1040382,
              51.5407053
            ],
            [
              -0.103804,
              51.5411937
            ],
            [
              -0.1036894,
              51.5414897
            ],
            [
              -0.10357,
              51.5418157
            ],
            [
              -0.1034899,
              51.5424111
            ],
            [
              -0.1034085,
              51.5427959
            ],
            [
              -0.1031474,
              51.5441344
            ],
            [
              -0.1031766,
              51.5450042
            ],
            [
              -0.1034284,
              51.5458239
            ],
            [
              -0.1034765,
              51.5460139
            ],
            [
              -0.1035535,
              51.5463143
            ],
            [
              -0.1036984,
              51.5467941
            ],
            [
              -0.1039103,
              51.5475064
            ],
            [
              -0.1040999,
              51.5481328
            ],
            [
              -0.1055587,
              51.5519039
            ],
            [
              -0.1058556,
              51.5526714
            ],
            [
              -0.1064468,
              51.5542309
            ],
            [
              -0.1065886,
              51.5547038
            ],
            [
              -0.1067355,
              51.555199
            ],
            [
              -0.1070257,
              51.5568581
            ],
            [
              -0.1070661,
              51.5576026
            ],
            [
              -0.1069176,
              51.5592866
            ],
            [
              -0.1069087,
              51.5597586
            ],
            [
              -0.1069216,
              51.560856
            ],
            [
              -0.1069645,
              51.5611546
            ],
            [
              -0.1070672,
              51.5615674
            ],
            [
              -0.1070818,
              51.561732
            ],
            [
              -0.1070585,
              51.5621283
            ],
            [
              -0.1069696,
              51.5628281
            ],
            [
              -0.1068041,
              51.5640293
            ],
            [
              -0.1066944,
              51.5648248
            ],
            [
              -0.1066341,
              51.5650907
            ],
            [
              -0.1066226,
              51.5651495
            ],
            [
              -0.1065346,
              51.565599
            ],
            [
              -0.106125,
              51.5673585
            ],
            [
              -0.1057608,
              51.5681561
            ],
            [
              -0.1054655,
              51.5685306
            ],
            [
              -0.1051112,
              51.5688242
            ],
            [
              -0.1046358,
              51.5690993
            ],
            [
              -0.1040512,
              51.5693329
            ],
            [
              -0.103358,
              51.5695198
            ],
            [
              -0.0988524,
              51.570218
            ],
            [
              -0.0969937,
              51.5705918
            ],
            [
              -0.0956396,
              51.5709279
            ],
            [
              -0.0912512,
              51.5724467
            ],
            [
              -0.0910641,
              51.5725033
            ],
            [
              -0.0889499,
              51.573236
            ],
            [
              -0.0882274,
              51.5735153
            ],
            [
              -0.0879755,
              51.5736177
            ],
            [
              -0.0871665,
              51.5740288
            ],
            [
              -0.0864696,
              51.5745243
            ],
            [
              -0.0858377,
              51.5750234
            ],
            [
              -0.0852117,
              51.5755556
            ],
            [
              -0.0825543,
              51.5781944
            ],
            [
              -0.0815917,
              51.57891
            ],
            [
              -0.0807738,
              51.5793669
            ],
            [
              -0.0796348,
              51.5799756
            ],
            [
              -0.0773235,
              51.5811928
            ],
            [
              -0.0767917,
              51.5814729
            ],
            [
              -0.0751139,
              51.5824478
            ],
            [
              -0.0745028,
              51.5827261
            ],
            [
              -0.0727884,
              51.5834588
            ]
          ],
          [
            [
              -0.1434506,
              51.4961994
            ],
            [
              -0.1434435,
              51.4962097
            ],
            [
              -0.1434155,
              51.49625
            ],
            [
              -0.1433883,
              51.4962892
            ],
            [
              -0.1433597,
              51.49633
            ],
            [
              -0.1433307,
              51.4963714
            ],
            [
              -0.1432163,
              51.4965349
            ],
            [
              -0.1431354,
              51.4966501
            ],
            [
              -0.1430937,
              51.4967031
            ],
            [
              -0.1430555,
              51.4967523
            ],
            [
              -0.1430469,
              51.4967633
            ],
            [
              -0.1430144,
              51.4968022
            ],
            [
              -0.142953,
              51.4968758
            ],
            [
              -0.1428567,
              51.4969907
            ],
            [
              -0.1427495,
              51.4971167
            ],
            [
              -0.1427333,
              51.4971357
            ],
            [
              -0.1426903,
              51.4971239
            ],
            [
              -0.1427091,
              51.4971038
            ],
            [
              -0.1428173,
              51.4969786
            ],
            [
              -0.1429027,
              51.4968757
            ],
            [
              -0.143006,
              51.4967512
            ],
            [
              -0.143281,
              51.4963786
            ],
            [
              -0.143293,
              51.4963615
            ],
            [
              -0.1433227,
              51.4963203
            ],
            [
              -0.1433518,
              51.4962798
            ],
            [
              -0.1433801,
              51.4962404
            ],
            [
              -0.1434086,
              51.4962007
            ],
            [
              -0.143416,
              51.4961903
            ],
            [
              -0.1434506,
              51.4961994
            ]
          ]
        ]
      },
      "id": "relation/7672073"
    },
    {
      "type": "Feature",
      "properties": {
        "@id": "way/163794009",
        "announcement": "yes",
        "area": "yes",
        "bench": "yes",
        "bin": "no",
        "indoor": "yes",
        "layer": "-4",
        "level": "-4",
        "name": "Northbound Platform 3",
        "naptan:AtcoCode": "9400ZZLUVIC2",
        "platform": "subway",
        "public_transport": "platform",
        "railway": "platform",
        "ref": "3",
        "ref:GB:tfl_uid": "HUBVIC-Plat03-NB-victoria",
        "subway": "yes",
        "tactile_paving": "yes",
        "tunnel": "yes",
        "wheelchair": "yes",
        "@relations": [
          {
            "role": "platform",
            "rel": 6354920,
            "reltags": {
              "bicycle:conditional": "no @ \"except folded bicycles\"",
              "brand": "Transport for London",
              "brand:wikidata": "Q682520",
              "colour": "#0a9cda",
              "from": "Brixton",
              "name": "Victoria line: Brixton → Walthamstow Central",
              "network": "London Underground",
              "network:wikidata": "Q20075",
              "network:wikipedia": "en:London Underground",
              "operator": "Transport for London",
              "operator:wikidata": "Q682520",
              "public_transport:version": "2",
              "ref": "Victoria",
              "ref:colour": "#0098D8",
              "ref:colour_bg": "white",
              "ref:colour_tx": "white",
              "route": "subway",
              "to": "Walthamstow Central",
              "type": "route",
              "wheelchair": "yes",
              "wikidata": "Q203030",
              "wikipedia": "en:Victoria line"
            }
          },
          {
            "role": "platform",
            "rel": 7672073,
            "reltags": {
              "bicycle:conditional": "no @ \"except folded bicycles\"",
              "brand": "Transport for London",
              "brand:wikidata": "Q682520",
              "colour": "#0a9cda",
              "from": "Brixton",
              "name": "Victoria line: Brixton → Seven Sisters",
              "network": "London Underground",
              "network:wikidata": "Q20075",
              "network:wikipedia": "en:London Underground",
              "operator": "Transport for London",
              "operator:wikidata": "Q682520",
              "public_transport:version": "2",
              "ref": "Victoria",
              "ref:colour": "#0098D8",
              "ref:colour_bg": "white",
              "ref:colour_tx": "white",
              "route": "subway",
              "to": "Seven Sisters",
              "type": "route",
              "wheelchair": "yes",
              "wikidata": "Q203030",
              "wikipedia": "en:Victoria line"
            }
          }
        ]
      },
      "geometry": {
        "type": "Polygon",
        "coordinates": [
          [
            [
              -0.1434506,
              51.4961994
            ],
            [
              -0.143416,
              51.4961903
            ],
            [
              -0.1434086,
              51.4962007
            ],
            [
              -0.1433801,
              51.4962404
            ],
            [
              -0.1433518,
              51.4962798
            ],
            [
              -0.1433227,
              51.4963203
            ],
            [
              -0.143293,
              51.4963615
            ],
            [
              -0.143281,
              51.4963786
            ],
            [
              -0.143006,
              51.4967512
            ],
            [
              -0.1429027,
              51.4968757
            ],
            [
              -0.1428173,
              51.4969786
            ],
            [
              -0.1427091,
              51.4971038
            ],
            [
              -0.1426903,
              51.4971239
            ],
            [
              -0.1427333,
              51.4971357
            ],
            [
              -0.1427495,
              51.4971167
            ],
            [
              -0.1428567,
              51.4969907
            ],
            [
              -0.142953,
              51.4968758
            ],
            [
              -0.1430144,
              51.4968022
            ],
            [
              -0.1430469,
              51.4967633
            ],
            [
              -0.1430555,
              51.4967523
            ],
            [
              -0.1430937,
              51.4967031
            ],
            [
              -0.1431354,
              51.4966501
            ],
            [
              -0.1432163,
              51.4965349
            ],
            [
              -0.1433307,
              51.4963714
            ],
            [
              -0.1433597,
              51.49633
            ],
            [
              -0.1433883,
              51.4962892
            ],
            [
              -0.1434155,
              51.49625
            ],
            [
              -0.1434435,
              51.4962097
            ],
            [
              -0.1434506,
              51.4961994
            ]
          ]
        ]
      },
      "id": "way/163794009"
    },
    {
      "type": "Feature",
      "properties": {
        "@id": "way/163794013",
        "announcement": "yes",
        "area": "yes",
        "bench": "yes",
        "bin": "no",
        "indoor": "yes",
        "layer": "-4",
        "level": "-4",
        "name": "Southbound Platform 4",
        "naptan:AtcoCode": "9400ZZLUVIC3",
        "platform": "subway",
        "public_transport": "platform",
        "railway": "platform",
        "ref": "4",
        "ref:GB:tfl_uid": "HUBVIC-Plat04-SB-victoria",
        "subway": "yes",
        "tactile_paving": "yes",
        "tunnel": "yes",
        "wheelchair": "yes",
        "@relations": [
          {
            "role": "platform",
            "rel": 6354921,
            "reltags": {
              "bicycle:conditional": "no @ \"except folded bicycles\"",
              "brand": "Transport for London",
              "brand:wikidata": "Q682520",
              "colour": "#0a9cda",
              "from": "Walthamstow Central",
              "name": "Victoria line: Walthamstow Central → Brixton",
              "network": "London Underground",
              "network:wikidata": "Q20075",
              "network:wikipedia": "en:London Underground",
              "operator": "Transport for London",
              "operator:wikidata": "Q682520",
              "public_transport:version": "2",
              "ref": "Victoria",
              "ref:colour": "#0098D8",
              "ref:colour_bg": "white",
              "ref:colour_tx": "white",
              "route": "subway",
              "to": "Brixton",
              "type": "route",
              "wheelchair": "yes",
              "wikidata": "Q203030",
              "wikipedia": "en:Victoria line"
            }
          },
          {
            "role": "platform",
            "rel": 7672072,
            "reltags": {
              "bicycle:conditional": "no @ \"except folded bicycles\"",
              "brand": "Transport for London",
              "brand:wikidata": "Q682520",
              "colour": "#0a9cda",
              "from": "Seven Sisters",
              "name": "Victoria line: Seven Sisters → Brixton",
              "network": "London Underground",
              "network:wikidata": "Q20075",
              "network:wikipedia": "en:London Underground",
              "operator": "Transport for London",
              "operator:wikidata": "Q682520",
              "public_transport:version": "2",
              "ref": "Victoria",
              "ref:colour": "#0098D8",
              "ref:colour_bg": "white",
              "ref:colour_tx": "white",
              "route": "subway",
              "to": "Brixton",
              "type": "route",
              "wheelchair": "yes",
              "wikidata": "Q203030",
              "wikipedia": "en:Victoria line"
            }
          }
        ]
      },
      "geometry": {
        "type": "Polygon",
        "coordinates": [
          [
            [
              -0.1426094,
              51.4971016
            ],
            [
              -0.1426493,
              51.4971126
            ],
            [
              -0.1426612,
              51.4970904
            ],
            [
              -0.1427521,
              51.4969218
            ],
            [
              -0.1427899,
              51.4968474
            ],
            [
              -0.1428861,
              51.4966814
            ],
            [
              -0.1431191,
              51.4963344
            ],
            [
              -0.1431266,
              51.4963232
            ],
            [
              -0.1431571,
              51.4962774
            ],
            [
              -0.1431846,
              51.4962362
            ],
            [
              -0.1432113,
              51.4961963
            ],
            [
              -0.1432382,
              51.496156
            ],
            [
              -0.1432435,
              51.4961481
            ],
            [
              -0.143207,
              51.4961392
            ],
            [
              -0.1432018,
              51.4961469
            ],
            [
              -0.1431748,
              51.4961865
            ],
            [
              -0.1431477,
              51.4962269
            ],
            [
              -0.14312,
              51.4962675
            ],
            [
              -0.1430889,
              51.4963138
            ],
            [
              -0.1429781,
              51.4964749
            ],
            [
              -0.1428651,
              51.496642
            ],
            [
              -0.1428434,
              51.4966741
            ],
            [
              -0.1428327,
              51.4966926
            ],
            [
              -0.1428025,
              51.4967447
            ],
            [
              -0.1427567,
              51.4968247
            ],
            [
              -0.1427493,
              51.4968387
            ],
            [
              -0.1427079,
              51.4969115
            ],
            [
              -0.1426201,
              51.4970809
            ],
            [
              -0.1426094,
              51.4971016
            ]
          ]
        ]
      },
      "id": "way/163794013"
    },
    {
      "type": "Feature",
      "properties": {
        "@id": "way/4494887",
        "electrified": "4th_rail",
        "frequency": "0",
        "gauge": "1435",
        "layer": "-4",
        "line": "Victoria",
        "loading_gauge": "deep-tube",
        "name": "Victoria Line",
        "network": "London Underground",
        "operator": "London Underground",
        "operator:wikidata": "Q20075",
        "railway": "subway",
        "start_date": "1968-09-01",
        "tunnel": "yes",
        "voltage": "630",
        "@relations": [
          {
            "role": "",
            "rel": 6354921,
            "reltags": {
              "bicycle:conditional": "no @ \"except folded bicycles\"",
              "brand": "Transport for London",
              "brand:wikidata": "Q682520",
              "colour": "#0a9cda",
              "from": "Walthamstow Central",
              "name": "Victoria line: Walthamstow Central → Brixton",
              "network": "London Underground",
              "network:wikidata": "Q20075",
              "network:wikipedia": "en:London Underground",
              "operator": "Transport for London",
              "operator:wikidata": "Q682520",
              "public_transport:version": "2",
              "ref": "Victoria",
              "ref:colour": "#0098D8",
              "ref:colour_bg": "white",
              "ref:colour_tx": "white",
              "route": "subway",
              "to": "Brixton",
              "type": "route",
              "wheelchair": "yes",
              "wikidata": "Q203030",
              "wikipedia": "en:Victoria line"
            }
          },
          {
            "role": "",
            "rel": 7672072,
            "reltags": {
              "bicycle:conditional": "no @ \"except folded bicycles\"",
              "brand": "Transport for London",
              "brand:wikidata": "Q682520",
              "colour": "#0a9cda",
              "from": "Seven Sisters",
              "name": "Victoria line: Seven Sisters → Brixton",
              "network": "London Underground",
              "network:wikidata": "Q20075",
              "network:wikipedia": "en:London Underground",
              "operator": "Transport for London",
              "operator:wikidata": "Q682520",
              "public_transport:version": "2",
              "ref": "Victoria",
              "ref:colour": "#0098D8",
              "ref:colour_bg": "white",
              "ref:colour_tx": "white",
              "route": "subway",
              "to": "Brixton",
              "type": "route",
              "wheelchair": "yes",
              "wikidata": "Q203030",
              "wikipedia": "en:Victoria line"
            }
          }
        ]
      },
      "geometry": {
        "type": "LineString",
        "coordinates": [
          [
            -0.0800042,
            51.5796031
          ],
          [
            -0.0806482,
            51.5792676
          ],
          [
            -0.0814314,
            51.578835
          ],
          [
            -0.0823807,
            51.5781403
          ],
          [
            -0.0850983,
            51.5755214
          ],
          [
            -0.0856643,
            51.5749591
          ],
          [
            -0.0863091,
            51.5744557
          ],
          [
            -0.0870317,
            51.5739396
          ],
          [
            -0.0878851,
            51.5735131
          ],
          [
            -0.0888298,
            51.5731215
          ],
          [
            -0.0940128,
            51.5713746
          ],
          [
            -0.0955821,
            51.5708457
          ],
          [
            -0.096897,
            51.5705185
          ],
          [
            -0.098779,
            51.5701041
          ],
          [
            -0.1032607,
            51.5693998
          ],
          [
            -0.1039349,
            51.5692174
          ],
          [
            -0.1044654,
            51.5689969
          ],
          [
            -0.1049143,
            51.5687202
          ],
          [
            -0.1052448,
            51.5684487
          ],
          [
            -0.1055312,
            51.5680606
          ],
          [
            -0.105779,
            51.5673774
          ],
          [
            -0.1062634,
            51.5655473
          ]
        ]
      },
      "id": "way/4494887"
    },
    {
      "type": "Feature",
      "properties": {
        "@id": "way/15719181",
        "electrified": "4th_rail",
        "frequency": "0",
        "gauge": "1435",
        "layer": "-4",
        "line": "Victoria",
        "loading_gauge": "deep-tube",
        "name": "Victoria Line",
        "network": "London Underground",
        "operator": "London Underground",
        "operator:wikidata": "Q20075",
        "railway": "subway",
        "start_date": "1968-12-01",
        "tunnel": "yes",
        "voltage": "630",
        "@relations": [
          {
            "role": "",
            "rel": 6354920,
            "reltags": {
              "bicycle:conditional": "no @ \"except folded bicycles\"",
              "brand": "Transport for London",
              "brand:wikidata": "Q682520",
              "colour": "#0a9cda",
              "from": "Brixton",
              "name": "Victoria line: Brixton → Walthamstow Central",
              "network": "London Underground",
              "network:wikidata": "Q20075",
              "network:wikipedia": "en:London Underground",
              "operator": "Transport for London",
              "operator:wikidata": "Q682520",
              "public_transport:version": "2",
              "ref": "Victoria",
              "ref:colour": "#0098D8",
              "ref:colour_bg": "white",
              "ref:colour_tx": "white",
              "route": "subway",
              "to": "Walthamstow Central",
              "type": "route",
              "wheelchair": "yes",
              "wikidata": "Q203030",
              "wikipedia": "en:Victoria line"
            }
          },
          {
            "role": "",
            "rel": 7672073,
            "reltags": {
              "bicycle:conditional": "no @ \"except folded bicycles\"",
              "brand": "Transport for London",
              "brand:wikidata": "Q682520",
              "colour": "#0a9cda",
              "from": "Brixton",
              "name": "Victoria line: Brixton → Seven Sisters",
              "network": "London Underground",
              "network:wikidata": "Q20075",
              "network:wikipedia": "en:London Underground",
              "operator": "Transport for London",
              "operator:wikidata": "Q682520",
              "public_transport:version": "2",
              "ref": "Victoria",
              "ref:colour": "#0098D8",
              "ref:colour_bg": "white",
              "ref:colour_tx": "white",
              "route": "subway",
              "to": "Seven Sisters",
              "type": "route",
              "wheelchair": "yes",
              "wikidata": "Q203030",
              "wikipedia": "en:Victoria line"
            }
          }
        ]
      },
      "geometry": {
        "type": "LineString",
        "coordinates": [
          [
            -0.1304706,
            51.5290805
          ],
          [
            -0.1299311,
            51.5292382
          ],
          [
            -0.1291599,
            51.5294367
          ]
        ]
      },
      "id": "way/15719181"
    },
    {
      "type": "Feature",
      "properties": {
        "@id": "way/15719197",
        "electrified": "4th_rail",
        "frequency": "0",
        "gauge": "1435",
        "layer": "-4",
        "line": "Victoria",
        "loading_gauge": "deep-tube",
        "name": "Victoria Line",
        "name:ja": "ヴィクトリア線",
        "network": "London Underground",
        "operator": "London Underground",
        "operator:wikidata": "Q20075",
        "railway": "subway",
        "start_date": "1968-12-01",
        "tunnel": "yes",
        "voltage": "630",
        "@relations": [
          {
            "role": "",
            "rel": 6354920,
            "reltags": {
              "bicycle:conditional": "no @ \"except folded bicycles\"",
              "brand": "Transport for London",
              "brand:wikidata": "Q682520",
              "colour": "#0a9cda",
              "from": "Brixton",
              "name": "Victoria line: Brixton → Walthamstow Central",
              "network": "London Underground",
              "network:wikidata": "Q20075",
              "network:wikipedia": "en:London Underground",
              "operator": "Transport for London",
              "operator:wikidata": "Q682520",
              "public_transport:version": "2",
              "ref": "Victoria",
              "ref:colour": "#0098D8",
              "ref:colour_bg": "white",
              "ref:colour_tx": "white",
              "route": "subway",
              "to": "Walthamstow Central",
              "type": "route",
              "wheelchair": "yes",
              "wikidata": "Q203030",
              "wikipedia": "en:Victoria line"
            }
          },
          {
            "role": "",
            "rel": 7672073,
            "reltags": {
              "bicycle:conditional": "no @ \"except folded bicycles\"",
              "brand": "Transport for London",
              "brand:wikidata": "Q682520",
              "colour": "#0a9cda",
              "from": "Brixton",
              "name": "Victoria line: Brixton → Seven Sisters",
              "network": "London Underground",
              "network:wikidata": "Q20075",
              "network:wikipedia": "en:London Underground",
              "operator": "Transport for London",
              "operator:wikidata": "Q682520",
              "public_transport:version": "2",
              "ref": "Victoria",
              "ref:colour": "#0098D8",
              "ref:colour_bg": "white",
              "ref:colour_tx": "white",
              "route": "subway",
              "to": "Seven Sisters",
              "type": "route",
              "wheelchair": "yes",
              "wikidata": "Q203030",
              "wikipedia": "en:Victoria line"
            }
          }
        ]
      },
      "geometry": {
        "type": "LineString",
        "coordinates": [
          [
            -0.1291599,
            51.5294367
          ],
          [
            -0.12842,
            51.5296029
          ],
          [
            -0.127719,
            51.5297392
          ],
          [
            -0.1268072,
            51.5298876
          ],
          [
            -0.1255839,
            51.5300589
          ],
          [
            -0.1245337,
            51.5302433
          ],
          [
            -0.1237215,
            51.530405
          ],
          [
            -0.1229436,
            51.5306048
          ],
          [
            -0.1224641,
            51.5307343
          ],
          [
            -0.1220478,
            51.5308426
          ],
          [
            -0.1216069,
            51.5309643
          ],
          [
            -0.1208822,
            51.5311881
          ]
        ]
      },
      "id": "way/15719197"
    },
    {
      "type": "Feature",
      "properties": {
        "@id": "way/17538233",
        "electrified": "4th_rail",
        "frequency": "0",
        "gauge": "1435",
        "layer": "-4",
        "line": "Victoria",
        "loading_gauge": "deep-tube",
        "name": "Victoria Line Northbound",
        "network": "London Underground",
        "network:wikidata": "Q20075",
        "operator": "London Underground",
        "operator:wikidata": "Q20075",
        "railway": "subway",
        "start_date": "1969-03-07",
        "tunnel": "yes",
        "voltage": "630",
        "@relations": [
          {
            "role": "",
            "rel": 6354920,
            "reltags": {
              "bicycle:conditional": "no @ \"except folded bicycles\"",
              "brand": "Transport for London",
              "brand:wikidata": "Q682520",
              "colour": "#0a9cda",
              "from": "Brixton",
              "name": "Victoria line: Brixton → Walthamstow Central",
              "network": "London Underground",
              "network:wikidata": "Q20075",
              "network:wikipedia": "en:London Underground",
              "operator": "Transport for London",
              "operator:wikidata": "Q682520",
              "public_transport:version": "2",
              "ref": "Victoria",
              "ref:colour": "#0098D8",
              "ref:colour_bg": "white",
              "ref:colour_tx": "white",
              "route": "subway",
              "to": "Walthamstow Central",
              "type": "route",
              "wheelchair": "yes",
              "wikidata": "Q203030",
              "wikipedia": "en:Victoria line"
            }
          },
          {
            "role": "",
            "rel": 7672073,
            "reltags": {
              "bicycle:conditional": "no @ \"except folded bicycles\"",
              "brand": "Transport for London",
              "brand:wikidata": "Q682520",
              "colour": "#0a9cda",
              "from": "Brixton",
              "name": "Victoria line: Brixton → Seven Sisters",
              "network": "London Underground",
              "network:wikidata": "Q20075",
              "network:wikipedia": "en:London Underground",
              "operator": "Transport for London",
              "operator:wikidata": "Q682520",
              "public_transport:version": "2",
              "ref": "Victoria",
              "ref:colour": "#0098D8",
              "ref:colour_bg": "white",
              "ref:colour_tx": "white",
              "route": "subway",
              "to": "Seven Sisters",
              "type": "route",
              "wheelchair": "yes",
              "wikidata": "Q203030",
              "wikipedia": "en:Victoria line"
            }
          }
        ]
      },
      "geometry": {
        "type": "LineString",
        "coordinates": [
          [
            -0.1435382,
            51.5080795
          ],
          [
            -0.1437038,
            51.5085997
          ],
          [
            -0.1437469,
            51.5091406
          ],
          [
            -0.1437413,
            51.5094074
          ],
          [
            -0.1437076,
            51.5097343
          ],
          [
            -0.1436604,
            51.5099587
          ],
          [
            -0.1434348,
            51.5105877
          ],
          [
            -0.1430498,
            51.5113719
          ],
          [
            -0.1426443,
            51.5121165
          ],
          [
            -0.1425397,
            51.5123128
          ],
          [
            -0.1424545,
            51.5124577
          ],
          [
            -0.1423529,
            51.5127321
          ],
          [
            -0.1422684,
            51.5130056
          ],
          [
            -0.1422276,
            51.5132213
          ],
          [
            -0.1421356,
            51.5136529
          ],
          [
            -0.1420502,
            51.5143572
          ],
          [
            -0.1421471,
            51.5150516
          ],
          [
            -0.1421576,
            51.5151266
          ],
          [
            -0.1421925,
            51.5153337
          ],
          [
            -0.1422817,
            51.515625
          ],
          [
            -0.1424339,
            51.5161347
          ],
          [
            -0.1425939,
            51.5166083
          ],
          [
            -0.1426252,
            51.5171316
          ],
          [
            -0.1426316,
            51.5176237
          ]
        ]
      },
      "id": "way/17538233"
    },
    {
      "type": "Feature",
      "properties": {
        "@id": "way/17542118",
        "electrified": "4th_rail",
        "frequency": "0",
        "gauge": "1435",
        "layer": "-4",
        "level": "-2",
        "line": "Victoria",
        "loading_gauge": "deep-tube",
        "maxspeed": "62 mph",
        "name": "Victoria Line",
        "network": "London Underground",
        "network:wikidata": "Q20075",
        "operator": "London Underground",
        "operator:wikidata": "Q20075",
        "railway": "subway",
        "start_date": "1971-07-23",
        "tunnel": "yes",
        "voltage": "630",
        "@relations": [
          {
            "role": "",
            "rel": 6354921,
            "reltags": {
              "bicycle:conditional": "no @ \"except folded bicycles\"",
              "brand": "Transport for London",
              "brand:wikidata": "Q682520",
              "colour": "#0a9cda",
              "from": "Walthamstow Central",
              "name": "Victoria line: Walthamstow Central → Brixton",
              "network": "London Underground",
              "network:wikidata": "Q20075",
              "network:wikipedia": "en:London Underground",
              "operator": "Transport for London",
              "operator:wikidata": "Q682520",
              "public_transport:version": "2",
              "ref": "Victoria",
              "ref:colour": "#0098D8",
              "ref:colour_bg": "white",
              "ref:colour_tx": "white",
              "route": "subway",
              "to": "Brixton",
              "type": "route",
              "wheelchair": "yes",
              "wikidata": "Q203030",
              "wikipedia": "en:Victoria line"
            }
          },
          {
            "role": "",
            "rel": 7672072,
            "reltags": {
              "bicycle:conditional": "no @ \"except folded bicycles\"",
              "brand": "Transport for London",
              "brand:wikidata": "Q682520",
              "colour": "#0a9cda",
              "from": "Seven Sisters",
              "name": "Victoria line: Seven Sisters → Brixton",
              "network": "London Underground",
              "network:wikidata": "Q20075",
              "network:wikipedia": "en:London Underground",
              "operator": "Transport for London",
              "operator:wikidata": "Q682520",
              "public_transport:version": "2",
              "ref": "Victoria",
              "ref:colour": "#0098D8",
              "ref:colour_bg": "white",
              "ref:colour_tx": "white",
              "route": "subway",
              "to": "Brixton",
              "type": "route",
              "wheelchair": "yes",
              "wikidata": "Q203030",
              "wikipedia": "en:Victoria line"
            }
          }
        ]
      },
      "geometry": {
        "type": "LineString",
        "coordinates": [
          [
            -0.1212298,
            51.4729947
          ],
          [
            -0.1219935,
            51.4723429
          ],
          [
            -0.1231678,
            51.471273
          ],
          [
            -0.1233661,
            51.4710949
          ],
          [
            -0.123811,
            51.4707186
          ],
          [
            -0.12409,
            51.4703884
          ],
          [
            -0.1246261,
            51.4695797
          ],
          [
            -0.1247808,
            51.4689548
          ]
        ]
      },
      "id": "way/17542118"
    },
    {
      "type": "Feature",
      "properties": {
        "@id": "way/18013010",
        "electrified": "4th_rail",
        "frequency": "0",
        "gauge": "1435",
        "layer": "-3",
        "level": "-2;-1",
        "line": "Victoria",
        "loading_gauge": "deep-tube",
        "maxspeed": "62 mph",
        "name": "Victoria Line",
        "network": "London Underground",
        "operator": "London Underground",
        "operator:wikidata": "Q20075",
        "railway": "subway",
        "tunnel": "yes",
        "voltage": "630",
        "@relations": [
          {
            "role": "",
            "rel": 6354921,
            "reltags": {
              "bicycle:conditional": "no @ \"except folded bicycles\"",
              "brand": "Transport for London",
              "brand:wikidata": "Q682520",
              "colour": "#0a9cda",
              "from": "Walthamstow Central",
              "name": "Victoria line: Walthamstow Central → Brixton",
              "network": "London Underground",
              "network:wikidata": "Q20075",
              "network:wikipedia": "en:London Underground",
              "operator": "Transport for London",
              "operator:wikidata": "Q682520",
              "public_transport:version": "2",
              "ref": "Victoria",
              "ref:colour": "#0098D8",
              "ref:colour_bg": "white",
              "ref:colour_tx": "white",
              "route": "subway",
              "to": "Brixton",
              "type": "route",
              "wheelchair": "yes",
              "wikidata": "Q203030",
              "wikipedia": "en:Victoria line"
            }
          },
          {
            "role": "",
            "rel": 7672072,
            "reltags": {
              "bicycle:conditional": "no @ \"except folded bicycles\"",
              "brand": "Transport for London",
              "brand:wikidata": "Q682520",
              "colour": "#0a9cda",
              "from": "Seven Sisters",
              "name": "Victoria line: Seven Sisters → Brixton",
              "network": "London Underground",
              "network:wikidata": "Q20075",
              "network:wikipedia": "en:London Underground",
              "operator": "Transport for London",
              "operator:wikidata": "Q682520",
              "public_transport:version": "2",
              "ref": "Victoria",
              "ref:colour": "#0098D8",
              "ref:colour_bg": "white",
              "ref:colour_tx": "white",
              "route": "subway",
              "to": "Brixton",
              "type": "route",
              "wheelchair": "yes",
              "wikidata": "Q203030",
              "wikipedia": "en:Victoria line"
            }
          }
        ]
      },
      "geometry": {
        "type": "LineString",
        "coordinates": [
          [
            -0.1064317,
            51.5640102
          ],
          [
            -0.106478,
            51.5635839
          ],
          [
            -0.1066858,
            51.562793
          ],
          [
            -0.1067982,
            51.5621685
          ],
          [
            -0.1068335,
            51.5617738
          ],
          [
            -0.1068269,
            51.5608653
          ],
          [
            -0.106837,
            51.5597484
          ],
          [
            -0.1068412,
            51.5594298
          ],
          [
            -0.1068436,
            51.5592914
          ]
        ]
      },
      "id": "way/18013010"
    },
    {
      "type": "Feature",
      "properties": {
        "@id": "way/18013018",
        "electrified": "4th_rail",
        "frequency": "0",
        "gauge": "1435",
        "layer": "-2",
        "level": "-2",
        "line": "Victoria",
        "loading_gauge": "deep-tube",
        "maxspeed": "62 mph",
        "name": "Victoria Line",
        "network": "London Underground",
        "oneway": "yes",
        "operator": "London Underground",
        "operator:wikidata": "Q20075",
        "railway": "subway",
        "source:route:crompton_avenue": "http://www.islington.gov.uk/publicrecords/documents/Environment/Pdf/ldf_pack/Autumn_2011/Site_Allocations_PS_low_res.pdf",
        "start_date": "1968-09-01",
        "tunnel": "yes",
        "voltage": "630",
        "@relations": [
          {
            "role": "",
            "rel": 6354921,
            "reltags": {
              "bicycle:conditional": "no @ \"except folded bicycles\"",
              "brand": "Transport for London",
              "brand:wikidata": "Q682520",
              "colour": "#0a9cda",
              "from": "Walthamstow Central",
              "name": "Victoria line: Walthamstow Central → Brixton",
              "network": "London Underground",
              "network:wikidata": "Q20075",
              "network:wikipedia": "en:London Underground",
              "operator": "Transport for London",
              "operator:wikidata": "Q682520",
              "public_transport:version": "2",
              "ref": "Victoria",
              "ref:colour": "#0098D8",
              "ref:colour_bg": "white",
              "ref:colour_tx": "white",
              "route": "subway",
              "to": "Brixton",
              "type": "route",
              "wheelchair": "yes",
              "wikidata": "Q203030",
              "wikipedia": "en:Victoria line"
            }
          },
          {
            "role": "",
            "rel": 7672072,
            "reltags": {
              "bicycle:conditional": "no @ \"except folded bicycles\"",
              "brand": "Transport for London",
              "brand:wikidata": "Q682520",
              "colour": "#0a9cda",
              "from": "Seven Sisters",
              "name": "Victoria line: Seven Sisters → Brixton",
              "network": "London Underground",
              "network:wikidata": "Q20075",
              "network:wikipedia": "en:London Underground",
              "operator": "Transport for London",
              "operator:wikidata": "Q682520",
              "public_transport:version": "2",
              "ref": "Victoria",
              "ref:colour": "#0098D8",
              "ref:colour_bg": "white",
              "ref:colour_tx": "white",
              "route": "subway",
              "to": "Brixton",
              "type": "route",
              "wheelchair": "yes",
              "wikidata": "Q203030",
              "wikipedia": "en:Victoria line"
            }
          }
        ]
      },
      "geometry": {
        "type": "LineString",
        "coordinates": [
          [
            -0.1068436,
            51.5592914
          ],
          [
            -0.1068109,
            51.5579802
          ],
          [
            -0.1067607,
            51.557599
          ],
          [
            -0.1059866,
            51.5544302
          ],
          [
            -0.1056903,
            51.5529247
          ],
          [
            -0.1053983,
            51.5519599
          ],
          [
            -0.1048083,
            51.5505002
          ]
        ]
      },
      "id": "way/18013018"
    },
    {
      "type": "Feature",
      "properties": {
        "@id": "way/110314467",
        "electrified": "4th_rail",
        "frequency": "0",
        "gauge": "1435",
        "layer": "-4",
        "line": "Victoria",
        "loading_gauge": "deep-tube",
        "maxspeed": "62 mph",
        "name": "Victoria Line",
        "network": "London Underground",
        "network:wikidata": "Q20075",
        "operator": "London Underground",
        "operator:wikidata": "Q20075",
        "railway": "subway",
        "start_date": "1971-07-23",
        "tunnel": "yes",
        "voltage": "630",
        "@relations": [
          {
            "role": "",
            "rel": 6354921,
            "reltags": {
              "bicycle:conditional": "no @ \"except folded bicycles\"",
              "brand": "Transport for London",
              "brand:wikidata": "Q682520",
              "colour": "#0a9cda",
              "from": "Walthamstow Central",
              "name": "Victoria line: Walthamstow Central → Brixton",
              "network": "London Underground",
              "network:wikidata": "Q20075",
              "network:wikipedia": "en:London Underground",
              "operator": "Transport for London",
              "operator:wikidata": "Q682520",
              "public_transport:version": "2",
              "ref": "Victoria",
              "ref:colour": "#0098D8",
              "ref:colour_bg": "white",
              "ref:colour_tx": "white",
              "route": "subway",
              "to": "Brixton",
              "type": "route",
              "wheelchair": "yes",
              "wikidata": "Q203030",
              "wikipedia": "en:Victoria line"
            }
          },
          {
            "role": "",
            "rel": 7672072,
            "reltags": {
              "bicycle:conditional": "no @ \"except folded bicycles\"",
              "brand": "Transport for London",
              "brand:wikidata": "Q682520",
              "colour": "#0a9cda",
              "from": "Seven Sisters",
              "name": "Victoria line: Seven Sisters → Brixton",
              "network": "London Underground",
              "network:wikidata": "Q20075",
              "network:wikipedia": "en:London Underground",
              "operator": "Transport for London",
              "operator:wikidata": "Q682520",
              "public_transport:version": "2",
              "ref": "Victoria",
              "ref:colour": "#0098D8",
              "ref:colour_bg": "white",
              "ref:colour_tx": "white",
              "route": "subway",
              "to": "Brixton",
              "type": "route",
              "wheelchair": "yes",
              "wikidata": "Q203030",
              "wikipedia": "en:Victoria line"
            }
          }
        ]
      },
      "geometry": {
        "type": "LineString",
        "coordinates": [
          [
            -0.1247808,
            51.4689548
          ],
          [
            -0.1248431,
            51.4682883
          ],
          [
            -0.1248362,
            51.4678798
          ],
          [
            -0.1247975,
            51.4676099
          ],
          [
            -0.1245547,
            51.4669178
          ],
          [
            -0.1244741,
            51.466745
          ],
          [
            -0.1243082,
            51.4664666
          ],
          [
            -0.123783,
            51.4657903
          ],
          [
            -0.1233219,
            51.465346
          ],
          [
            -0.1230649,
            51.4651427
          ],
          [
            -0.1225973,
            51.4648451
          ],
          [
            -0.1221524,
            51.4645797
          ],
          [
            -0.1217813,
            51.4644018
          ],
          [
            -0.1213383,
            51.4642092
          ],
          [
            -0.1205805,
            51.4639098
          ],
          [
            -0.1200904,
            51.4637644
          ],
          [
            -0.1195184,
            51.4636202
          ],
          [
            -0.1167001,
            51.463101
          ],
          [
            -0.1153906,
            51.4628298
          ],
          [
            -0.1146311,
            51.4626748
          ],
          [
            -0.1135491,
            51.4624759
          ]
        ]
      },
      "id": "way/110314467"
    },
    {
      "type": "Feature",
      "properties": {
        "@id": "way/110399418",
        "electrified": "4th_rail",
        "frequency": "0",
        "gauge": "1435",
        "layer": "-4",
        "line": "Victoria",
        "loading_gauge": "deep-tube",
        "name": "Victoria Line",
        "network": "London Underground",
        "network:wikidata": "Q20075",
        "operator": "London Underground",
        "operator:wikidata": "Q20075",
        "railway": "subway",
        "start_date": "1969-03-07",
        "tunnel": "yes",
        "voltage": "630",
        "@relations": [
          {
            "role": "",
            "rel": 6354920,
            "reltags": {
              "bicycle:conditional": "no @ \"except folded bicycles\"",
              "brand": "Transport for London",
              "brand:wikidata": "Q682520",
              "colour": "#0a9cda",
              "from": "Brixton",
              "name": "Victoria line: Brixton → Walthamstow Central",
              "network": "London Underground",
              "network:wikidata": "Q20075",
              "network:wikipedia": "en:London Underground",
              "operator": "Transport for London",
              "operator:wikidata": "Q682520",
              "public_transport:version": "2",
              "ref": "Victoria",
              "ref:colour": "#0098D8",
              "ref:colour_bg": "white",
              "ref:colour_tx": "white",
              "route": "subway",
              "to": "Walthamstow Central",
              "type": "route",
              "wheelchair": "yes",
              "wikidata": "Q203030",
              "wikipedia": "en:Victoria line"
            }
          },
          {
            "role": "",
            "rel": 7672073,
            "reltags": {
              "bicycle:conditional": "no @ \"except folded bicycles\"",
              "brand": "Transport for London",
              "brand:wikidata": "Q682520",
              "colour": "#0a9cda",
              "from": "Brixton",
              "name": "Victoria line: Brixton → Seven Sisters",
              "network": "London Underground",
              "network:wikidata": "Q20075",
              "network:wikipedia": "en:London Underground",
              "operator": "Transport for London",
              "operator:wikidata": "Q682520",
              "public_transport:version": "2",
              "ref": "Victoria",
              "ref:colour": "#0098D8",
              "ref:colour_bg": "white",
              "ref:colour_tx": "white",
              "route": "subway",
              "to": "Seven Sisters",
              "type": "route",
              "wheelchair": "yes",
              "wikidata": "Q203030",
              "wikipedia": "en:Victoria line"
            }
          }
        ]
      },
      "geometry": {
        "type": "LineString",
        "coordinates": [
          [
            -0.1426316,
            51.5176237
          ],
          [
            -0.1426426,
            51.5186805
          ]
        ]
      },
      "id": "way/110399418"
    },
    {
      "type": "Feature",
      "properties": {
        "@id": "way/110399421",
        "electrified": "4th_rail",
        "frequency": "0",
        "gauge": "1435",
        "layer": "-2",
        "line": "Victoria",
        "loading_gauge": "deep-tube",
        "name": "Victoria Line",
        "network": "London Underground",
        "network:wikidata": "Q20075",
        "oneway": "yes",
        "operator": "London Underground",
        "operator:wikidata": "Q20075",
        "railway": "subway",
        "start_date": "1969-03-07",
        "tunnel": "yes",
        "voltage": "630",
        "@relations": [
          {
            "role": "",
            "rel": 6354921,
            "reltags": {
              "bicycle:conditional": "no @ \"except folded bicycles\"",
              "brand": "Transport for London",
              "brand:wikidata": "Q682520",
              "colour": "#0a9cda",
              "from": "Walthamstow Central",
              "name": "Victoria line: Walthamstow Central → Brixton",
              "network": "London Underground",
              "network:wikidata": "Q20075",
              "network:wikipedia": "en:London Underground",
              "operator": "Transport for London",
              "operator:wikidata": "Q682520",
              "public_transport:version": "2",
              "ref": "Victoria",
              "ref:colour": "#0098D8",
              "ref:colour_bg": "white",
              "ref:colour_tx": "white",
              "route": "subway",
              "to": "Brixton",
              "type": "route",
              "wheelchair": "yes",
              "wikidata": "Q203030",
              "wikipedia": "en:Victoria line"
            }
          },
          {
            "role": "",
            "rel": 7672072,
            "reltags": {
              "bicycle:conditional": "no @ \"except folded bicycles\"",
              "brand": "Transport for London",
              "brand:wikidata": "Q682520",
              "colour": "#0a9cda",
              "from": "Seven Sisters",
              "name": "Victoria line: Seven Sisters → Brixton",
              "network": "London Underground",
              "network:wikidata": "Q20075",
              "network:wikipedia": "en:London Underground",
              "operator": "Transport for London",
              "operator:wikidata": "Q682520",
              "public_transport:version": "2",
              "ref": "Victoria",
              "ref:colour": "#0098D8",
              "ref:colour_bg": "white",
              "ref:colour_tx": "white",
              "route": "subway",
              "to": "Brixton",
              "type": "route",
              "wheelchair": "yes",
              "wikidata": "Q203030",
              "wikipedia": "en:Victoria line"
            }
          }
        ]
      },
      "geometry": {
        "type": "LineString",
        "coordinates": [
          [
            -0.1417451,
            51.5129218
          ],
          [
            -0.1419045,
            51.5126319
          ],
          [
            -0.1421252,
            51.512337
          ],
          [
            -0.1430273,
            51.511032
          ],
          [
            -0.1432583,
            51.5106343
          ],
          [
            -0.1433848,
            51.5103233
          ],
          [
            -0.1434483,
            51.5101423
          ],
          [
            -0.1434814,
            51.5099916
          ],
          [
            -0.1435183,
            51.5096787
          ],
          [
            -0.1435347,
            51.5092739
          ],
          [
            -0.1434306,
            51.5087634
          ],
          [
            -0.1433422,
            51.5084178
          ],
          [
            -0.1432069,
            51.5080752
          ],
          [
            -0.1423275,
            51.5067533
          ],
          [
            -0.1415305,
            51.505721
          ],
          [
            -0.1414442,
            51.5055896
          ],
          [
            -0.1412392,
            51.5051147
          ],
          [
            -0.1409032,
            51.5043855
          ],
          [
            -0.140511,
            51.5033025
          ],
          [
            -0.1403449,
            51.5028305
          ],
          [
            -0.1401732,
            51.5022565
          ],
          [
            -0.140124,
            51.5017842
          ],
          [
            -0.1401914,
            51.5012807
          ],
          [
            -0.1403655,
            51.5005395
          ],
          [
            -0.140771,
            51.4996085
          ],
          [
            -0.1413081,
            51.4987486
          ],
          [
            -0.1421451,
            51.497746
          ],
          [
            -0.1425213,
            51.4972281
          ]
        ]
      },
      "id": "way/110399421"
    },
    {
      "type": "Feature",
      "properties": {
        "@id": "way/110643744",
        "electrified": "4th_rail",
        "frequency": "0",
        "gauge": "1435",
        "layer": "-5",
        "line": "Victoria",
        "loading_gauge": "deep-tube",
        "name": "Victoria Line",
        "network": "London Underground",
        "network:wikidata": "Q20075",
        "operator": "London Underground",
        "operator:wikidata": "Q20075",
        "railway": "subway",
        "start_date": "1969-03-07",
        "tunnel": "yes",
        "voltage": "630",
        "@relations": [
          {
            "role": "",
            "rel": 6354920,
            "reltags": {
              "bicycle:conditional": "no @ \"except folded bicycles\"",
              "brand": "Transport for London",
              "brand:wikidata": "Q682520",
              "colour": "#0a9cda",
              "from": "Brixton",
              "name": "Victoria line: Brixton → Walthamstow Central",
              "network": "London Underground",
              "network:wikidata": "Q20075",
              "network:wikipedia": "en:London Underground",
              "operator": "Transport for London",
              "operator:wikidata": "Q682520",
              "public_transport:version": "2",
              "ref": "Victoria",
              "ref:colour": "#0098D8",
              "ref:colour_bg": "white",
              "ref:colour_tx": "white",
              "route": "subway",
              "to": "Walthamstow Central",
              "type": "route",
              "wheelchair": "yes",
              "wikidata": "Q203030",
              "wikipedia": "en:Victoria line"
            }
          },
          {
            "role": "",
            "rel": 7672073,
            "reltags": {
              "bicycle:conditional": "no @ \"except folded bicycles\"",
              "brand": "Transport for London",
              "brand:wikidata": "Q682520",
              "colour": "#0a9cda",
              "from": "Brixton",
              "name": "Victoria line: Brixton → Seven Sisters",
              "network": "London Underground",
              "network:wikidata": "Q20075",
              "network:wikipedia": "en:London Underground",
              "operator": "Transport for London",
              "operator:wikidata": "Q682520",
              "public_transport:version": "2",
              "ref": "Victoria",
              "ref:colour": "#0098D8",
              "ref:colour_bg": "white",
              "ref:colour_tx": "white",
              "route": "subway",
              "to": "Seven Sisters",
              "type": "route",
              "wheelchair": "yes",
              "wikidata": "Q203030",
              "wikipedia": "en:Victoria line"
            }
          }
        ]
      },
      "geometry": {
        "type": "LineString",
        "coordinates": [
          [
            -0.1426426,
            51.5186805
          ],
          [
            -0.142715,
            51.5197874
          ],
          [
            -0.1426483,
            51.5202063
          ],
          [
            -0.1425423,
            51.5204338
          ],
          [
            -0.1424044,
            51.5207426
          ],
          [
            -0.1422451,
            51.5210169
          ],
          [
            -0.1421085,
            51.5212352
          ],
          [
            -0.1418188,
            51.5216356
          ],
          [
            -0.1415898,
            51.5219508
          ],
          [
            -0.1413893,
            51.5221626
          ],
          [
            -0.1412776,
            51.5222609
          ],
          [
            -0.1411397,
            51.5223685
          ],
          [
            -0.1407755,
            51.5226243
          ],
          [
            -0.1402031,
            51.5231403
          ],
          [
            -0.1397455,
            51.5235686
          ]
        ]
      },
      "id": "way/110643744"
    },
    {
      "type": "Feature",
      "properties": {
        "@id": "way/110653544",
        "electrified": "4th_rail",
        "frequency": "0",
        "gauge": "1435",
        "layer": "-4",
        "line": "Victoria",
        "loading_gauge": "deep-tube",
        "name": "Victoria Line",
        "network": "London Underground",
        "oneway": "yes",
        "operator": "London Underground",
        "operator:wikidata": "Q20075",
        "railway": "subway",
        "start_date": "1968-12-01",
        "tunnel": "yes",
        "voltage": "630",
        "@relations": [
          {
            "role": "",
            "rel": 6354920,
            "reltags": {
              "bicycle:conditional": "no @ \"except folded bicycles\"",
              "brand": "Transport for London",
              "brand:wikidata": "Q682520",
              "colour": "#0a9cda",
              "from": "Brixton",
              "name": "Victoria line: Brixton → Walthamstow Central",
              "network": "London Underground",
              "network:wikidata": "Q20075",
              "network:wikipedia": "en:London Underground",
              "operator": "Transport for London",
              "operator:wikidata": "Q682520",
              "public_transport:version": "2",
              "ref": "Victoria",
              "ref:colour": "#0098D8",
              "ref:colour_bg": "white",
              "ref:colour_tx": "white",
              "route": "subway",
              "to": "Walthamstow Central",
              "type": "route",
              "wheelchair": "yes",
              "wikidata": "Q203030",
              "wikipedia": "en:Victoria line"
            }
          },
          {
            "role": "",
            "rel": 7672073,
            "reltags": {
              "bicycle:conditional": "no @ \"except folded bicycles\"",
              "brand": "Transport for London",
              "brand:wikidata": "Q682520",
              "colour": "#0a9cda",
              "from": "Brixton",
              "name": "Victoria line: Brixton → Seven Sisters",
              "network": "London Underground",
              "network:wikidata": "Q20075",
              "network:wikipedia": "en:London Underground",
              "operator": "Transport for London",
              "operator:wikidata": "Q682520",
              "public_transport:version": "2",
              "ref": "Victoria",
              "ref:colour": "#0098D8",
              "ref:colour_bg": "white",
              "ref:colour_tx": "white",
              "route": "subway",
              "to": "Seven Sisters",
              "type": "route",
              "wheelchair": "yes",
              "wikidata": "Q203030",
              "wikipedia": "en:Victoria line"
            }
          }
        ]
      },
      "geometry": {
        "type": "LineString",
        "coordinates": [
          [
            -0.1339879,
            51.5278552
          ],
          [
            -0.1336345,
            51.5280167
          ],
          [
            -0.1332093,
            51.5282074
          ],
          [
            -0.1328103,
            51.5283627
          ],
          [
            -0.1322216,
            51.5285438
          ],
          [
            -0.131492,
            51.528764
          ],
          [
            -0.1309935,
            51.5289223
          ],
          [
            -0.1304706,
            51.5290805
          ]
        ]
      },
      "id": "way/110653544"
    },
    {
      "type": "Feature",
      "properties": {
        "@id": "way/110653545",
        "electrified": "4th_rail",
        "frequency": "0",
        "gauge": "1435",
        "layer": "-4",
        "line": "Victoria",
        "loading_gauge": "deep-tube",
        "name": "Victoria Line",
        "network": "London Underground",
        "operator": "London Underground",
        "operator:wikidata": "Q20075",
        "railway": "subway",
        "start_date": "1968-12-01",
        "tunnel": "yes",
        "voltage": "630",
        "@relations": [
          {
            "role": "",
            "rel": 6354920,
            "reltags": {
              "bicycle:conditional": "no @ \"except folded bicycles\"",
              "brand": "Transport for London",
              "brand:wikidata": "Q682520",
              "colour": "#0a9cda",
              "from": "Brixton",
              "name": "Victoria line: Brixton → Walthamstow Central",
              "network": "London Underground",
              "network:wikidata": "Q20075",
              "network:wikipedia": "en:London Underground",
              "operator": "Transport for London",
              "operator:wikidata": "Q682520",
              "public_transport:version": "2",
              "ref": "Victoria",
              "ref:colour": "#0098D8",
              "ref:colour_bg": "white",
              "ref:colour_tx": "white",
              "route": "subway",
              "to": "Walthamstow Central",
              "type": "route",
              "wheelchair": "yes",
              "wikidata": "Q203030",
              "wikipedia": "en:Victoria line"
            }
          },
          {
            "role": "",
            "rel": 7672073,
            "reltags": {
              "bicycle:conditional": "no @ \"except folded bicycles\"",
              "brand": "Transport for London",
              "brand:wikidata": "Q682520",
              "colour": "#0a9cda",
              "from": "Brixton",
              "name": "Victoria line: Brixton → Seven Sisters",
              "network": "London Underground",
              "network:wikidata": "Q20075",
              "network:wikipedia": "en:London Underground",
              "operator": "Transport for London",
              "operator:wikidata": "Q682520",
              "public_transport:version": "2",
              "ref": "Victoria",
              "ref:colour": "#0098D8",
              "ref:colour_bg": "white",
              "ref:colour_tx": "white",
              "route": "subway",
              "to": "Seven Sisters",
              "type": "route",
              "wheelchair": "yes",
              "wikidata": "Q203030",
              "wikipedia": "en:Victoria line"
            }
          }
        ]
      },
      "geometry": {
        "type": "LineString",
        "coordinates": [
          [
            -0.1372745,
            51.5258577
          ],
          [
            -0.1368105,
            51.5262123
          ],
          [
            -0.1363962,
            51.5265421
          ],
          [
            -0.1357967,
            51.5268952
          ],
          [
            -0.1355746,
            51.5270204
          ],
          [
            -0.1353419,
            51.5271367
          ],
          [
            -0.134407,
            51.52763
          ],
          [
            -0.1343977,
            51.527635
          ],
          [
            -0.1339879,
            51.5278552
          ]
        ]
      },
      "id": "way/110653545"
    },
    {
      "type": "Feature",
      "properties": {
        "@id": "way/110653546",
        "electrified": "4th_rail",
        "frequency": "0",
        "gauge": "1435",
        "layer": "-5",
        "line": "Victoria",
        "loading_gauge": "deep-tube",
        "name": "Victoria Line",
        "network": "London Underground",
        "network:wikidata": "Q20075",
        "oneway": "yes",
        "operator": "London Underground",
        "operator:wikidata": "Q20075",
        "railway": "subway",
        "start_date": "1968-12-01",
        "tunnel": "yes",
        "voltage": "630",
        "@relations": [
          {
            "role": "",
            "rel": 6354921,
            "reltags": {
              "bicycle:conditional": "no @ \"except folded bicycles\"",
              "brand": "Transport for London",
              "brand:wikidata": "Q682520",
              "colour": "#0a9cda",
              "from": "Walthamstow Central",
              "name": "Victoria line: Walthamstow Central → Brixton",
              "network": "London Underground",
              "network:wikidata": "Q20075",
              "network:wikipedia": "en:London Underground",
              "operator": "Transport for London",
              "operator:wikidata": "Q682520",
              "public_transport:version": "2",
              "ref": "Victoria",
              "ref:colour": "#0098D8",
              "ref:colour_bg": "white",
              "ref:colour_tx": "white",
              "route": "subway",
              "to": "Brixton",
              "type": "route",
              "wheelchair": "yes",
              "wikidata": "Q203030",
              "wikipedia": "en:Victoria line"
            }
          },
          {
            "role": "",
            "rel": 7672072,
            "reltags": {
              "bicycle:conditional": "no @ \"except folded bicycles\"",
              "brand": "Transport for London",
              "brand:wikidata": "Q682520",
              "colour": "#0a9cda",
              "from": "Seven Sisters",
              "name": "Victoria line: Seven Sisters → Brixton",
              "network": "London Underground",
              "network:wikidata": "Q20075",
              "network:wikipedia": "en:London Underground",
              "operator": "Transport for London",
              "operator:wikidata": "Q682520",
              "public_transport:version": "2",
              "ref": "Victoria",
              "ref:colour": "#0098D8",
              "ref:colour_bg": "white",
              "ref:colour_tx": "white",
              "route": "subway",
              "to": "Brixton",
              "type": "route",
              "wheelchair": "yes",
              "wikidata": "Q203030",
              "wikipedia": "en:Victoria line"
            }
          }
        ]
      },
      "geometry": {
        "type": "LineString",
        "coordinates": [
          [
            -0.1210137,
            51.5313319
          ],
          [
            -0.121758,
            51.5311084
          ],
          [
            -0.1225351,
            51.5308751
          ],
          [
            -0.1232202,
            51.5306809
          ],
          [
            -0.1240429,
            51.5304743
          ],
          [
            -0.1245739,
            51.5303748
          ],
          [
            -0.1254551,
            51.5302451
          ],
          [
            -0.1268297,
            51.5300368
          ],
          [
            -0.1277473,
            51.5298879
          ],
          [
            -0.1284599,
            51.5297542
          ],
          [
            -0.1292366,
            51.5295575
          ],
          [
            -0.1299724,
            51.5293469
          ],
          [
            -0.1305176,
            51.5291696
          ],
          [
            -0.1310578,
            51.5289886
          ],
          [
            -0.1315304,
            51.5288355
          ],
          [
            -0.1327972,
            51.5284457
          ],
          [
            -0.1330011,
            51.5283897
          ],
          [
            -0.1333154,
            51.5282945
          ],
          [
            -0.1335572,
            51.5282066
          ],
          [
            -0.1338759,
            51.5280708
          ],
          [
            -0.1341323,
            51.5279614
          ],
          [
            -0.1345376,
            51.5277363
          ],
          [
            -0.1355352,
            51.5272812
          ],
          [
            -0.1357835,
            51.5271405
          ],
          [
            -0.1364331,
            51.5266798
          ],
          [
            -0.1368372,
            51.5263339
          ],
          [
            -0.1373294,
            51.5258816
          ],
          [
            -0.1379263,
            51.5253681
          ],
          [
            -0.1386048,
            51.524822
          ],
          [
            -0.1390144,
            51.5245087
          ],
          [
            -0.1395405,
            51.5240272
          ],
          [
            -0.1401454,
            51.5235041
          ]
        ]
      },
      "id": "way/110653546"
    },
    {
      "type": "Feature",
      "properties": {
        "@id": "way/166703801",
        "electrified": "4th_rail",
        "frequency": "0",
        "gauge": "1435",
        "layer": "-2",
        "line": "Victoria",
        "loading_gauge": "deep-tube",
        "name": "Victoria Line Northbound",
        "network": "London Underground",
        "network:wikidata": "Q20075",
        "oneway": "yes",
        "operator": "London Underground",
        "operator:wikidata": "Q20075",
        "railway": "subway",
        "start_date": "1969-03-07",
        "tunnel": "yes",
        "voltage": "630",
        "@relations": [
          {
            "role": "",
            "rel": 6354920,
            "reltags": {
              "bicycle:conditional": "no @ \"except folded bicycles\"",
              "brand": "Transport for London",
              "brand:wikidata": "Q682520",
              "colour": "#0a9cda",
              "from": "Brixton",
              "name": "Victoria line: Brixton → Walthamstow Central",
              "network": "London Underground",
              "network:wikidata": "Q20075",
              "network:wikipedia": "en:London Underground",
              "operator": "Transport for London",
              "operator:wikidata": "Q682520",
              "public_transport:version": "2",
              "ref": "Victoria",
              "ref:colour": "#0098D8",
              "ref:colour_bg": "white",
              "ref:colour_tx": "white",
              "route": "subway",
              "to": "Walthamstow Central",
              "type": "route",
              "wheelchair": "yes",
              "wikidata": "Q203030",
              "wikipedia": "en:Victoria line"
            }
          },
          {
            "role": "",
            "rel": 7672073,
            "reltags": {
              "bicycle:conditional": "no @ \"except folded bicycles\"",
              "brand": "Transport for London",
              "brand:wikidata": "Q682520",
              "colour": "#0a9cda",
              "from": "Brixton",
              "name": "Victoria line: Brixton → Seven Sisters",
              "network": "London Underground",
              "network:wikidata": "Q20075",
              "network:wikipedia": "en:London Underground",
              "operator": "Transport for London",
              "operator:wikidata": "Q682520",
              "public_transport:version": "2",
              "ref": "Victoria",
              "ref:colour": "#0098D8",
              "ref:colour_bg": "white",
              "ref:colour_tx": "white",
              "route": "subway",
              "to": "Seven Sisters",
              "type": "route",
              "wheelchair": "yes",
              "wikidata": "Q203030",
              "wikipedia": "en:Victoria line"
            }
          }
        ]
      },
      "geometry": {
        "type": "LineString",
        "coordinates": [
          [
            -0.1426533,
            51.4972813
          ],
          [
            -0.1422803,
            51.4978004
          ],
          [
            -0.141483,
            51.4988127
          ],
          [
            -0.1410038,
            51.4996495
          ],
          [
            -0.1406149,
            51.5005709
          ],
          [
            -0.1403881,
            51.5012993
          ],
          [
            -0.1403343,
            51.5017901
          ],
          [
            -0.1403882,
            51.5022439
          ],
          [
            -0.1405476,
            51.5028081
          ],
          [
            -0.141056,
            51.5041567
          ],
          [
            -0.1414815,
            51.5050369
          ],
          [
            -0.1417807,
            51.5055608
          ],
          [
            -0.142581,
            51.5066493
          ],
          [
            -0.142649,
            51.5067462
          ],
          [
            -0.1434977,
            51.5079557
          ],
          [
            -0.1435382,
            51.5080795
          ]
        ]
      },
      "id": "way/166703801"
    },
    {
      "type": "Feature",
      "properties": {
        "@id": "way/179811172",
        "electrified": "4th_rail",
        "fixme": "to be fixed - temporary hack to join lines",
        "frequency": "0",
        "gauge": "1435",
        "layer": "-4",
        "line": "Victoria",
        "loading_gauge": "deep-tube",
        "name": "Victoria Line Northbound",
        "network": "London Underground",
        "oneway": "yes",
        "operator": "London Underground",
        "operator:wikidata": "Q20075",
        "railway": "subway",
        "start_date": "1968-09-01",
        "tunnel": "yes",
        "voltage": "630",
        "@relations": [
          {
            "role": "",
            "rel": 6354920,
            "reltags": {
              "bicycle:conditional": "no @ \"except folded bicycles\"",
              "brand": "Transport for London",
              "brand:wikidata": "Q682520",
              "colour": "#0a9cda",
              "from": "Brixton",
              "name": "Victoria line: Brixton → Walthamstow Central",
              "network": "London Underground",
              "network:wikidata": "Q20075",
              "network:wikipedia": "en:London Underground",
              "operator": "Transport for London",
              "operator:wikidata": "Q682520",
              "public_transport:version": "2",
              "ref": "Victoria",
              "ref:colour": "#0098D8",
              "ref:colour_bg": "white",
              "ref:colour_tx": "white",
              "route": "subway",
              "to": "Walthamstow Central",
              "type": "route",
              "wheelchair": "yes",
              "wikidata": "Q203030",
              "wikipedia": "en:Victoria line"
            }
          },
          {
            "role": "",
            "rel": 7672073,
            "reltags": {
              "bicycle:conditional": "no @ \"except folded bicycles\"",
              "brand": "Transport for London",
              "brand:wikidata": "Q682520",
              "colour": "#0a9cda",
              "from": "Brixton",
              "name": "Victoria line: Brixton → Seven Sisters",
              "network": "London Underground",
              "network:wikidata": "Q20075",
              "network:wikipedia": "en:London Underground",
              "operator": "Transport for London",
              "operator:wikidata": "Q682520",
              "public_transport:version": "2",
              "ref": "Victoria",
              "ref:colour": "#0098D8",
              "ref:colour_bg": "white",
              "ref:colour_tx": "white",
              "route": "subway",
              "to": "Seven Sisters",
              "type": "route",
              "wheelchair": "yes",
              "wikidata": "Q203030",
              "wikipedia": "en:Victoria line"
            }
          }
        ]
      },
      "geometry": {
        "type": "LineString",
        "coordinates": [
          [
            -0.0807738,
            51.5793669
          ],
          [
            -0.0796348,
            51.5799756
          ]
        ]
      },
      "id": "way/179811172"
    },
    {
      "type": "Feature",
      "properties": {
        "@id": "way/184994184",
        "electrified": "4th_rail",
        "frequency": "0",
        "gauge": "1435",
        "layer": "-4",
        "line": "Victoria",
        "loading_gauge": "deep-tube",
        "name": "Victoria Line Southbound",
        "network": "London Underground",
        "network:wikidata": "Q20075",
        "operator": "London Underground",
        "operator:wikidata": "Q20075",
        "railway": "subway",
        "start_date": "1969-03-07",
        "tunnel": "yes",
        "voltage": "630",
        "@relations": [
          {
            "role": "",
            "rel": 6354921,
            "reltags": {
              "bicycle:conditional": "no @ \"except folded bicycles\"",
              "brand": "Transport for London",
              "brand:wikidata": "Q682520",
              "colour": "#0a9cda",
              "from": "Walthamstow Central",
              "name": "Victoria line: Walthamstow Central → Brixton",
              "network": "London Underground",
              "network:wikidata": "Q20075",
              "network:wikipedia": "en:London Underground",
              "operator": "Transport for London",
              "operator:wikidata": "Q682520",
              "public_transport:version": "2",
              "ref": "Victoria",
              "ref:colour": "#0098D8",
              "ref:colour_bg": "white",
              "ref:colour_tx": "white",
              "route": "subway",
              "to": "Brixton",
              "type": "route",
              "wheelchair": "yes",
              "wikidata": "Q203030",
              "wikipedia": "en:Victoria line"
            }
          },
          {
            "role": "",
            "rel": 7672072,
            "reltags": {
              "bicycle:conditional": "no @ \"except folded bicycles\"",
              "brand": "Transport for London",
              "brand:wikidata": "Q682520",
              "colour": "#0a9cda",
              "from": "Seven Sisters",
              "name": "Victoria line: Seven Sisters → Brixton",
              "network": "London Underground",
              "network:wikidata": "Q20075",
              "network:wikipedia": "en:London Underground",
              "operator": "Transport for London",
              "operator:wikidata": "Q682520",
              "public_transport:version": "2",
              "ref": "Victoria",
              "ref:colour": "#0098D8",
              "ref:colour_bg": "white",
              "ref:colour_tx": "white",
              "route": "subway",
              "to": "Brixton",
              "type": "route",
              "wheelchair": "yes",
              "wikidata": "Q203030",
              "wikipedia": "en:Victoria line"
            }
          }
        ]
      },
      "geometry": {
        "type": "LineString",
        "coordinates": [
          [
            -0.142227,
            51.5176523
          ],
          [
            -0.1421951,
            51.5171332
          ],
          [
            -0.1420837,
            51.516644
          ],
          [
            -0.1418921,
            51.5160712
          ],
          [
            -0.1417687,
            51.5156576
          ],
          [
            -0.1416426,
            51.5152272
          ],
          [
            -0.1414978,
            51.5143448
          ],
          [
            -0.1414707,
            51.513967
          ],
          [
            -0.141514,
            51.5135767
          ],
          [
            -0.1416089,
            51.5132326
          ]
        ]
      },
      "id": "way/184994184"
    },
    {
      "type": "Feature",
      "properties": {
        "@id": "way/184994185",
        "electrified": "4th_rail",
        "frequency": "0",
        "gauge": "1435",
        "layer": "-4",
        "line": "Victoria",
        "loading_gauge": "deep-tube",
        "name": "Victoria Line",
        "network": "London Underground",
        "network:wikidata": "Q20075",
        "operator": "London Underground",
        "operator:wikidata": "Q20075",
        "railway": "subway",
        "start_date": "1969-03-07",
        "tunnel": "yes",
        "voltage": "630",
        "@relations": [
          {
            "role": "",
            "rel": 6354921,
            "reltags": {
              "bicycle:conditional": "no @ \"except folded bicycles\"",
              "brand": "Transport for London",
              "brand:wikidata": "Q682520",
              "colour": "#0a9cda",
              "from": "Walthamstow Central",
              "name": "Victoria line: Walthamstow Central → Brixton",
              "network": "London Underground",
              "network:wikidata": "Q20075",
              "network:wikipedia": "en:London Underground",
              "operator": "Transport for London",
              "operator:wikidata": "Q682520",
              "public_transport:version": "2",
              "ref": "Victoria",
              "ref:colour": "#0098D8",
              "ref:colour_bg": "white",
              "ref:colour_tx": "white",
              "route": "subway",
              "to": "Brixton",
              "type": "route",
              "wheelchair": "yes",
              "wikidata": "Q203030",
              "wikipedia": "en:Victoria line"
            }
          },
          {
            "role": "",
            "rel": 7672072,
            "reltags": {
              "bicycle:conditional": "no @ \"except folded bicycles\"",
              "brand": "Transport for London",
              "brand:wikidata": "Q682520",
              "colour": "#0a9cda",
              "from": "Seven Sisters",
              "name": "Victoria line: Seven Sisters → Brixton",
              "network": "London Underground",
              "network:wikidata": "Q20075",
              "network:wikipedia": "en:London Underground",
              "operator": "Transport for London",
              "operator:wikidata": "Q682520",
              "public_transport:version": "2",
              "ref": "Victoria",
              "ref:colour": "#0098D8",
              "ref:colour_bg": "white",
              "ref:colour_tx": "white",
              "route": "subway",
              "to": "Brixton",
              "type": "route",
              "wheelchair": "yes",
              "wikidata": "Q203030",
              "wikipedia": "en:Victoria line"
            }
          }
        ]
      },
      "geometry": {
        "type": "LineString",
        "coordinates": [
          [
            -0.1416089,
            51.5132326
          ],
          [
            -0.1417451,
            51.5129218
          ]
        ]
      },
      "id": "way/184994185"
    },
    {
      "type": "Feature",
      "properties": {
        "@id": "way/184994186",
        "electrified": "4th_rail",
        "frequency": "0",
        "gauge": "1435",
        "layer": "-4",
        "line": "Victoria",
        "loading_gauge": "deep-tube",
        "name": "Victoria Line",
        "network": "London Underground",
        "operator": "London Underground",
        "operator:wikidata": "Q20075",
        "railway": "subway",
        "start_date": "1968-09-01",
        "tunnel": "yes",
        "voltage": "630",
        "@relations": [
          {
            "role": "",
            "rel": 6354921,
            "reltags": {
              "bicycle:conditional": "no @ \"except folded bicycles\"",
              "brand": "Transport for London",
              "brand:wikidata": "Q682520",
              "colour": "#0a9cda",
              "from": "Walthamstow Central",
              "name": "Victoria line: Walthamstow Central → Brixton",
              "network": "London Underground",
              "network:wikidata": "Q20075",
              "network:wikipedia": "en:London Underground",
              "operator": "Transport for London",
              "operator:wikidata": "Q682520",
              "public_transport:version": "2",
              "ref": "Victoria",
              "ref:colour": "#0098D8",
              "ref:colour_bg": "white",
              "ref:colour_tx": "white",
              "route": "subway",
              "to": "Brixton",
              "type": "route",
              "wheelchair": "yes",
              "wikidata": "Q203030",
              "wikipedia": "en:Victoria line"
            }
          }
        ]
      },
      "geometry": {
        "type": "LineString",
        "coordinates": [
          [
            -0.0550333,
            51.5874512
          ],
          [
            -0.0559455,
            51.5876192
          ],
          [
            -0.0561989,
            51.5876672
          ],
          [
            -0.056487,
            51.5877152
          ],
          [
            -0.0567016,
            51.5877557
          ],
          [
            -0.0569752,
            51.5878008
          ],
          [
            -0.0574228,
            51.5878775
          ],
          [
            -0.0582465,
            51.5879721
          ],
          [
            -0.0583516,
            51.5879776
          ],
          [
            -0.0588795,
            51.5880051
          ],
          [
            -0.0598103,
            51.5880033
          ],
          [
            -0.0615895,
            51.5878702
          ],
          [
            -0.0621626,
            51.5878273
          ],
          [
            -0.0631228,
            51.5876767
          ],
          [
            -0.0640213,
            51.5874539
          ],
          [
            -0.065179,
            51.5870264
          ],
          [
            -0.0667065,
            51.5862491
          ],
          [
            -0.0672285,
            51.5859515
          ],
          [
            -0.067779,
            51.5856573
          ],
          [
            -0.069172,
            51.5849249
          ],
          [
            -0.0703571,
            51.5842492
          ],
          [
            -0.0710403,
            51.5838693
          ],
          [
            -0.0720425,
            51.5833671
          ]
        ]
      },
      "id": "way/184994186"
    },
    {
      "type": "Feature",
      "properties": {
        "@id": "way/184994189",
        "electrified": "4th_rail",
        "frequency": "0",
        "gauge": "1435",
        "layer": "-4",
        "line": "Victoria",
        "loading_gauge": "deep-tube",
        "name": "Victoria Line Northbound",
        "network": "London Underground",
        "oneway": "yes",
        "operator": "London Underground",
        "operator:wikidata": "Q20075",
        "railway": "subway",
        "start_date": "1968-09-01",
        "tunnel": "yes",
        "voltage": "630",
        "@relations": [
          {
            "role": "",
            "rel": 6354920,
            "reltags": {
              "bicycle:conditional": "no @ \"except folded bicycles\"",
              "brand": "Transport for London",
              "brand:wikidata": "Q682520",
              "colour": "#0a9cda",
              "from": "Brixton",
              "name": "Victoria line: Brixton → Walthamstow Central",
              "network": "London Underground",
              "network:wikidata": "Q20075",
              "network:wikipedia": "en:London Underground",
              "operator": "Transport for London",
              "operator:wikidata": "Q682520",
              "public_transport:version": "2",
              "ref": "Victoria",
              "ref:colour": "#0098D8",
              "ref:colour_bg": "white",
              "ref:colour_tx": "white",
              "route": "subway",
              "to": "Walthamstow Central",
              "type": "route",
              "wheelchair": "yes",
              "wikidata": "Q203030",
              "wikipedia": "en:Victoria line"
            }
          }
        ]
      },
      "geometry": {
        "type": "LineString",
        "coordinates": [
          [
            -0.0549893,
            51.5876042
          ],
          [
            -0.0544059,
            51.5874767
          ],
          [
            -0.05316,
            51.5871414
          ],
          [
            -0.0514956,
            51.5867389
          ],
          [
            -0.0508873,
            51.5866215
          ],
          [
            -0.0500664,
            51.5865445
          ],
          [
            -0.0489161,
            51.5865541
          ],
          [
            -0.0463885,
            51.5867559
          ],
          [
            -0.0448944,
            51.5868807
          ],
          [
            -0.0446368,
            51.5868951
          ],
          [
            -0.0435775,
            51.5869541
          ],
          [
            -0.0426949,
            51.5869498
          ],
          [
            -0.0412711,
            51.5869017
          ],
          [
            -0.0406365,
            51.5868587
          ],
          [
            -0.0398737,
            51.5867787
          ],
          [
            -0.038833,
            51.5866414
          ],
          [
            -0.0359145,
            51.5860858
          ],
          [
            -0.021491,
            51.5832034
          ],
          [
            -0.0208991,
            51.5830831
          ]
        ]
      },
      "id": "way/184994189"
    },
    {
      "type": "Feature",
      "properties": {
        "@id": "way/184994190",
        "electrified": "4th_rail",
        "frequency": "0",
        "gauge": "1435",
        "layer": "-4",
        "line": "Victoria",
        "loading_gauge": "deep-tube",
        "name": "Victoria Line Northbound",
        "network": "London Underground",
        "oneway": "yes",
        "operator": "London Underground",
        "operator:wikidata": "Q20075",
        "railway": "subway",
        "start_date": "1968-09-01",
        "tunnel": "yes",
        "voltage": "630",
        "@relations": [
          {
            "role": "",
            "rel": 6354920,
            "reltags": {
              "bicycle:conditional": "no @ \"except folded bicycles\"",
              "brand": "Transport for London",
              "brand:wikidata": "Q682520",
              "colour": "#0a9cda",
              "from": "Brixton",
              "name": "Victoria line: Brixton → Walthamstow Central",
              "network": "London Underground",
              "network:wikidata": "Q20075",
              "network:wikipedia": "en:London Underground",
              "operator": "Transport for London",
              "operator:wikidata": "Q682520",
              "public_transport:version": "2",
              "ref": "Victoria",
              "ref:colour": "#0098D8",
              "ref:colour_bg": "white",
              "ref:colour_tx": "white",
              "route": "subway",
              "to": "Walthamstow Central",
              "type": "route",
              "wheelchair": "yes",
              "wikidata": "Q203030",
              "wikipedia": "en:Victoria line"
            }
          }
        ]
      },
      "geometry": {
        "type": "LineString",
        "coordinates": [
          [
            -0.0727884,
            51.5834588
          ],
          [
            -0.070914,
            51.5842585
          ],
          [
            -0.0706037,
            51.5844321
          ],
          [
            -0.0693999,
            51.5850755
          ],
          [
            -0.0680058,
            51.5858409
          ],
          [
            -0.0674166,
            51.5861285
          ],
          [
            -0.0668774,
            51.5864463
          ],
          [
            -0.0659895,
            51.5869346
          ],
          [
            -0.0651712,
            51.5873599
          ],
          [
            -0.0642871,
            51.5877057
          ],
          [
            -0.0631872,
            51.5879583
          ],
          [
            -0.0627902,
            51.5880338
          ],
          [
            -0.062202,
            51.5881226
          ],
          [
            -0.0605173,
            51.5882722
          ],
          [
            -0.060344,
            51.5882876
          ],
          [
            -0.0595332,
            51.5882541
          ],
          [
            -0.0594704,
            51.5882459
          ],
          [
            -0.0589707,
            51.588194
          ],
          [
            -0.0583699,
            51.5881046
          ],
          [
            -0.0578823,
            51.5880443
          ],
          [
            -0.0572708,
            51.5879806
          ],
          [
            -0.0569537,
            51.5879445
          ],
          [
            -0.0565514,
            51.5878865
          ],
          [
            -0.0549893,
            51.5876042
          ]
        ]
      },
      "id": "way/184994190"
    },
    {
      "type": "Feature",
      "properties": {
        "@id": "way/198094333",
        "electrified": "4th_rail",
        "frequency": "0",
        "gauge": "1435",
        "layer": "-4",
        "line": "Victoria",
        "loading_gauge": "deep-tube",
        "maxspeed": "62 mph",
        "name": "Victoria Line",
        "network": "London Underground",
        "network:wikidata": "Q20075",
        "operator": "London Underground",
        "operator:wikidata": "Q20075",
        "railway": "subway",
        "start_date": "1971-07-23",
        "tunnel": "yes",
        "voltage": "630",
        "@relations": [
          {
            "role": "",
            "rel": 6354921,
            "reltags": {
              "bicycle:conditional": "no @ \"except folded bicycles\"",
              "brand": "Transport for London",
              "brand:wikidata": "Q682520",
              "colour": "#0a9cda",
              "from": "Walthamstow Central",
              "name": "Victoria line: Walthamstow Central → Brixton",
              "network": "London Underground",
              "network:wikidata": "Q20075",
              "network:wikipedia": "en:London Underground",
              "operator": "Transport for London",
              "operator:wikidata": "Q682520",
              "public_transport:version": "2",
              "ref": "Victoria",
              "ref:colour": "#0098D8",
              "ref:colour_bg": "white",
              "ref:colour_tx": "white",
              "route": "subway",
              "to": "Brixton",
              "type": "route",
              "wheelchair": "yes",
              "wikidata": "Q203030",
              "wikipedia": "en:Victoria line"
            }
          },
          {
            "role": "",
            "rel": 7672072,
            "reltags": {
              "bicycle:conditional": "no @ \"except folded bicycles\"",
              "brand": "Transport for London",
              "brand:wikidata": "Q682520",
              "colour": "#0a9cda",
              "from": "Seven Sisters",
              "name": "Victoria line: Seven Sisters → Brixton",
              "network": "London Underground",
              "network:wikidata": "Q20075",
              "network:wikipedia": "en:London Underground",
              "operator": "Transport for London",
              "operator:wikidata": "Q682520",
              "public_transport:version": "2",
              "ref": "Victoria",
              "ref:colour": "#0098D8",
              "ref:colour_bg": "white",
              "ref:colour_tx": "white",
              "route": "subway",
              "to": "Brixton",
              "type": "route",
              "wheelchair": "yes",
              "wikidata": "Q203030",
              "wikipedia": "en:Victoria line"
            }
          }
        ]
      },
      "geometry": {
        "type": "LineString",
        "coordinates": [
          [
            -0.1437674,
            51.4935941
          ],
          [
            -0.1435464,
            51.4931047
          ],
          [
            -0.1432303,
            51.4927166
          ],
          [
            -0.1427151,
            51.4920532
          ],
          [
            -0.1422703,
            51.4916277
          ],
          [
            -0.1416565,
            51.4911666
          ],
          [
            -0.1412113,
            51.4908727
          ],
          [
            -0.1404631,
            51.4905067
          ],
          [
            -0.1397573,
            51.4901745
          ],
          [
            -0.1392879,
            51.4900068
          ],
          [
            -0.138848,
            51.4898656
          ],
          [
            -0.1381227,
            51.4896703
          ],
          [
            -0.1371521,
            51.489496
          ],
          [
            -0.1359928,
            51.4893641
          ],
          [
            -0.1350023,
            51.4893014
          ],
          [
            -0.134254,
            51.4892267
          ],
          [
            -0.1331734,
            51.4891008
          ],
          [
            -0.1329187,
            51.4890755
          ],
          [
            -0.1319263,
            51.4889384
          ],
          [
            -0.1309763,
            51.4886817
          ],
          [
            -0.1301236,
            51.488485
          ],
          [
            -0.1293181,
            51.4882166
          ],
          [
            -0.1283721,
            51.4878393
          ],
          [
            -0.1274576,
            51.4874061
          ],
          [
            -0.1258788,
            51.4866581
          ],
          [
            -0.1243434,
            51.4859279
          ],
          [
            -0.1232161,
            51.4853832
          ],
          [
            -0.1228642,
            51.4851408
          ],
          [
            -0.1227534,
            51.4850853
          ],
          [
            -0.122524,
            51.4848997
          ],
          [
            -0.1223854,
            51.4848015
          ],
          [
            -0.1219807,
            51.4844226
          ],
          [
            -0.1217043,
            51.4840512
          ],
          [
            -0.121538,
            51.4837896
          ],
          [
            -0.1213306,
            51.4833565
          ],
          [
            -0.1211755,
            51.4829096
          ],
          [
            -0.1210025,
            51.4823125
          ],
          [
            -0.1208289,
            51.4817205
          ],
          [
            -0.120613,
            51.4810024
          ],
          [
            -0.1205053,
            51.4806521
          ],
          [
            -0.1201554,
            51.479536
          ],
          [
            -0.1198811,
            51.4786669
          ],
          [
            -0.1195653,
            51.4776874
          ],
          [
            -0.1194608,
            51.4773764
          ],
          [
            -0.1194112,
            51.4771794
          ],
          [
            -0.1193437,
            51.4768424
          ],
          [
            -0.1192857,
            51.4764757
          ],
          [
            -0.1192648,
            51.4761816
          ],
          [
            -0.1192745,
            51.4759909
          ],
          [
            -0.119321,
            51.4756952
          ],
          [
            -0.1193655,
            51.4754385
          ],
          [
            -0.1194698,
            51.4751562
          ],
          [
            -0.1196098,
            51.4748392
          ],
          [
            -0.11965,
            51.4747384
          ],
          [
            -0.1197089,
            51.474595
          ],
          [
            -0.1198879,
            51.4743021
          ],
          [
            -0.1201767,
            51.4739825
          ],
          [
            -0.120426,
            51.4737098
          ],
          [
            -0.1208056,
            51.4733491
          ],
          [
            -0.1208762,
            51.4732875
          ],
          [
            -0.1211517,
            51.4730647
          ],
          [
            -0.1212298,
            51.4729947
          ]
        ]
      },
      "id": "way/198094333"
    },
    {
      "type": "Feature",
      "properties": {
        "@id": "way/205619926",
        "bench": "yes",
        "bin": "yes",
        "layer": "-4",
        "level": "-3",
        "name": "Southbound",
        "naptan:AtcoCode": "9400ZZLUKSX2",
        "public_transport": "platform",
        "railway": "platform",
        "ref": "4",
        "tactile_paving": "yes",
        "tunnel": "yes",
        "@relations": [
          {
            "role": "platform",
            "rel": 6354921,
            "reltags": {
              "bicycle:conditional": "no @ \"except folded bicycles\"",
              "brand": "Transport for London",
              "brand:wikidata": "Q682520",
              "colour": "#0a9cda",
              "from": "Walthamstow Central",
              "name": "Victoria line: Walthamstow Central → Brixton",
              "network": "London Underground",
              "network:wikidata": "Q20075",
              "network:wikipedia": "en:London Underground",
              "operator": "Transport for London",
              "operator:wikidata": "Q682520",
              "public_transport:version": "2",
              "ref": "Victoria",
              "ref:colour": "#0098D8",
              "ref:colour_bg": "white",
              "ref:colour_tx": "white",
              "route": "subway",
              "to": "Brixton",
              "type": "route",
              "wheelchair": "yes",
              "wikidata": "Q203030",
              "wikipedia": "en:Victoria line"
            }
          },
          {
            "role": "platform",
            "rel": 7672072,
            "reltags": {
              "bicycle:conditional": "no @ \"except folded bicycles\"",
              "brand": "Transport for London",
              "brand:wikidata": "Q682520",
              "colour": "#0a9cda",
              "from": "Seven Sisters",
              "name": "Victoria line: Seven Sisters → Brixton",
              "network": "London Underground",
              "network:wikidata": "Q20075",
              "network:wikipedia": "en:London Underground",
              "operator": "Transport for London",
              "operator:wikidata": "Q682520",
              "public_transport:version": "2",
              "ref": "Victoria",
              "ref:colour": "#0098D8",
              "ref:colour_bg": "white",
              "ref:colour_tx": "white",
              "route": "subway",
              "to": "Brixton",
              "type": "route",
              "wheelchair": "yes",
              "wikidata": "Q203030",
              "wikipedia": "en:Victoria line"
            }
          }
        ]
      },
      "geometry": {
        "type": "LineString",
        "coordinates": [
          [
            -0.1209901,
            51.5313064
          ],
          [
            -0.1217215,
            51.5310921
          ],
          [
            -0.1219913,
            51.531013
          ],
          [
            -0.1224527,
            51.5308778
          ],
          [
            -0.1225192,
            51.5308583
          ]
        ]
      },
      "id": "way/205619926"
    },
    {
      "type": "Feature",
      "properties": {
        "@id": "way/226936542",
        "electrified": "4th_rail",
        "frequency": "0",
        "gauge": "1435",
        "layer": "-2",
        "line": "Victoria",
        "loading_gauge": "deep-tube",
        "name": "Victoria Line",
        "network": "London Underground",
        "oneway": "yes",
        "operator": "London Underground",
        "operator:wikidata": "Q20075",
        "railway": "subway",
        "source:route:crompton_avenue": "http://www.islington.gov.uk/publicrecords/documents/Environment/Pdf/ldf_pack/Autumn_2011/Site_Allocations_PS_low_res.pdf",
        "start_date": "1968-12-01",
        "tunnel": "yes",
        "voltage": "630",
        "@relations": [
          {
            "role": "",
            "rel": 6354920,
            "reltags": {
              "bicycle:conditional": "no @ \"except folded bicycles\"",
              "brand": "Transport for London",
              "brand:wikidata": "Q682520",
              "colour": "#0a9cda",
              "from": "Brixton",
              "name": "Victoria line: Brixton → Walthamstow Central",
              "network": "London Underground",
              "network:wikidata": "Q20075",
              "network:wikipedia": "en:London Underground",
              "operator": "Transport for London",
              "operator:wikidata": "Q682520",
              "public_transport:version": "2",
              "ref": "Victoria",
              "ref:colour": "#0098D8",
              "ref:colour_bg": "white",
              "ref:colour_tx": "white",
              "route": "subway",
              "to": "Walthamstow Central",
              "type": "route",
              "wheelchair": "yes",
              "wikidata": "Q203030",
              "wikipedia": "en:Victoria line"
            }
          },
          {
            "role": "",
            "rel": 7672073,
            "reltags": {
              "bicycle:conditional": "no @ \"except folded bicycles\"",
              "brand": "Transport for London",
              "brand:wikidata": "Q682520",
              "colour": "#0a9cda",
              "from": "Brixton",
              "name": "Victoria line: Brixton → Seven Sisters",
              "network": "London Underground",
              "network:wikidata": "Q20075",
              "network:wikipedia": "en:London Underground",
              "operator": "Transport for London",
              "operator:wikidata": "Q682520",
              "public_transport:version": "2",
              "ref": "Victoria",
              "ref:colour": "#0098D8",
              "ref:colour_bg": "white",
              "ref:colour_tx": "white",
              "route": "subway",
              "to": "Seven Sisters",
              "type": "route",
              "wheelchair": "yes",
              "wikidata": "Q203030",
              "wikipedia": "en:Victoria line"
            }
          }
        ]
      },
      "geometry": {
        "type": "LineString",
        "coordinates": [
          [
            -0.1208822,
            51.5311881
          ],
          [
            -0.1202915,
            51.5314053
          ],
          [
            -0.1197184,
            51.5316453
          ],
          [
            -0.1056429,
            51.5384287
          ]
        ]
      },
      "id": "way/226936542"
    },
    {
      "type": "Feature",
      "properties": {
        "@id": "way/227920758",
        "electrified": "4th_rail",
        "frequency": "0",
        "gauge": "1435",
        "layer": "-3",
        "line": "Victoria",
        "loading_gauge": "deep-tube",
        "name": "Victoria Line",
        "network": "London Underground",
        "oneway": "yes",
        "operator": "London Underground",
        "operator:wikidata": "Q20075",
        "railway": "subway",
        "source:route:crompton_avenue": "http://www.islington.gov.uk/publicrecords/documents/Environment/Pdf/ldf_pack/Autumn_2011/Site_Allocations_PS_low_res.pdf",
        "start_date": "1968-12-01",
        "tunnel": "yes",
        "voltage": "630",
        "@relations": [
          {
            "role": "",
            "rel": 6354920,
            "reltags": {
              "bicycle:conditional": "no @ \"except folded bicycles\"",
              "brand": "Transport for London",
              "brand:wikidata": "Q682520",
              "colour": "#0a9cda",
              "from": "Brixton",
              "name": "Victoria line: Brixton → Walthamstow Central",
              "network": "London Underground",
              "network:wikidata": "Q20075",
              "network:wikipedia": "en:London Underground",
              "operator": "Transport for London",
              "operator:wikidata": "Q682520",
              "public_transport:version": "2",
              "ref": "Victoria",
              "ref:colour": "#0098D8",
              "ref:colour_bg": "white",
              "ref:colour_tx": "white",
              "route": "subway",
              "to": "Walthamstow Central",
              "type": "route",
              "wheelchair": "yes",
              "wikidata": "Q203030",
              "wikipedia": "en:Victoria line"
            }
          },
          {
            "role": "",
            "rel": 7672073,
            "reltags": {
              "bicycle:conditional": "no @ \"except folded bicycles\"",
              "brand": "Transport for London",
              "brand:wikidata": "Q682520",
              "colour": "#0a9cda",
              "from": "Brixton",
              "name": "Victoria line: Brixton → Seven Sisters",
              "network": "London Underground",
              "network:wikidata": "Q20075",
              "network:wikipedia": "en:London Underground",
              "operator": "Transport for London",
              "operator:wikidata": "Q682520",
              "public_transport:version": "2",
              "ref": "Victoria",
              "ref:colour": "#0098D8",
              "ref:colour_bg": "white",
              "ref:colour_tx": "white",
              "route": "subway",
              "to": "Seven Sisters",
              "type": "route",
              "wheelchair": "yes",
              "wikidata": "Q203030",
              "wikipedia": "en:Victoria line"
            }
          }
        ]
      },
      "geometry": {
        "type": "LineString",
        "coordinates": [
          [
            -0.1034085,
            51.5427959
          ],
          [
            -0.1031474,
            51.5441344
          ],
          [
            -0.1031766,
            51.5450042
          ],
          [
            -0.1034284,
            51.5458239
          ],
          [
            -0.1034765,
            51.5460139
          ],
          [
            -0.1035535,
            51.5463143
          ],
          [
            -0.1036984,
            51.5467941
          ]
        ]
      },
      "id": "way/227920758"
    },
    {
      "type": "Feature",
      "properties": {
        "@id": "way/227920759",
        "electrified": "4th_rail",
        "frequency": "0",
        "gauge": "1435",
        "layer": "-3",
        "line": "Victoria",
        "loading_gauge": "deep-tube",
        "name": "Victoria Line",
        "network": "London Underground",
        "oneway": "yes",
        "operator": "London Underground",
        "operator:wikidata": "Q20075",
        "railway": "subway",
        "source:route:crompton_avenue": "http://www.islington.gov.uk/publicrecords/documents/Environment/Pdf/ldf_pack/Autumn_2011/Site_Allocations_PS_low_res.pdf",
        "start_date": "1968-12-01",
        "tunnel": "yes",
        "voltage": "630",
        "@relations": [
          {
            "role": "",
            "rel": 6354920,
            "reltags": {
              "bicycle:conditional": "no @ \"except folded bicycles\"",
              "brand": "Transport for London",
              "brand:wikidata": "Q682520",
              "colour": "#0a9cda",
              "from": "Brixton",
              "name": "Victoria line: Brixton → Walthamstow Central",
              "network": "London Underground",
              "network:wikidata": "Q20075",
              "network:wikipedia": "en:London Underground",
              "operator": "Transport for London",
              "operator:wikidata": "Q682520",
              "public_transport:version": "2",
              "ref": "Victoria",
              "ref:colour": "#0098D8",
              "ref:colour_bg": "white",
              "ref:colour_tx": "white",
              "route": "subway",
              "to": "Walthamstow Central",
              "type": "route",
              "wheelchair": "yes",
              "wikidata": "Q203030",
              "wikipedia": "en:Victoria line"
            }
          },
          {
            "role": "",
            "rel": 7672073,
            "reltags": {
              "bicycle:conditional": "no @ \"except folded bicycles\"",
              "brand": "Transport for London",
              "brand:wikidata": "Q682520",
              "colour": "#0a9cda",
              "from": "Brixton",
              "name": "Victoria line: Brixton → Seven Sisters",
              "network": "London Underground",
              "network:wikidata": "Q20075",
              "network:wikipedia": "en:London Underground",
              "operator": "Transport for London",
              "operator:wikidata": "Q682520",
              "public_transport:version": "2",
              "ref": "Victoria",
              "ref:colour": "#0098D8",
              "ref:colour_bg": "white",
              "ref:colour_tx": "white",
              "route": "subway",
              "to": "Seven Sisters",
              "type": "route",
              "wheelchair": "yes",
              "wikidata": "Q203030",
              "wikipedia": "en:Victoria line"
            }
          }
        ]
      },
      "geometry": {
        "type": "LineString",
        "coordinates": [
          [
            -0.1056429,
            51.5384287
          ],
          [
            -0.105404,
            51.5386076
          ],
          [
            -0.1052072,
            51.538814
          ],
          [
            -0.1047275,
            51.5396336
          ],
          [
            -0.1044421,
            51.5401072
          ],
          [
            -0.1040382,
            51.5407053
          ],
          [
            -0.103804,
            51.5411937
          ],
          [
            -0.1036894,
            51.5414897
          ],
          [
            -0.10357,
            51.5418157
          ],
          [
            -0.1034899,
            51.5424111
          ],
          [
            -0.1034085,
            51.5427959
          ]
        ]
      },
      "id": "way/227920759"
    },
    {
      "type": "Feature",
      "properties": {
        "@id": "way/299398665",
        "electrified": "4th_rail",
        "frequency": "0",
        "gauge": "1435",
        "layer": "-3",
        "line": "Victoria",
        "loading_gauge": "deep-tube",
        "name": "Victoria Line",
        "network": "London Underground",
        "oneway": "yes",
        "operator": "London Underground",
        "operator:wikidata": "Q20075",
        "railway": "subway",
        "source:route:crompton_avenue": "http://www.islington.gov.uk/publicrecords/documents/Environment/Pdf/ldf_pack/Autumn_2011/Site_Allocations_PS_low_res.pdf",
        "start_date": "1968-12-01",
        "tunnel": "yes",
        "voltage": "630",
        "@relations": [
          {
            "role": "",
            "rel": 6354921,
            "reltags": {
              "bicycle:conditional": "no @ \"except folded bicycles\"",
              "brand": "Transport for London",
              "brand:wikidata": "Q682520",
              "colour": "#0a9cda",
              "from": "Walthamstow Central",
              "name": "Victoria line: Walthamstow Central → Brixton",
              "network": "London Underground",
              "network:wikidata": "Q20075",
              "network:wikipedia": "en:London Underground",
              "operator": "Transport for London",
              "operator:wikidata": "Q682520",
              "public_transport:version": "2",
              "ref": "Victoria",
              "ref:colour": "#0098D8",
              "ref:colour_bg": "white",
              "ref:colour_tx": "white",
              "route": "subway",
              "to": "Brixton",
              "type": "route",
              "wheelchair": "yes",
              "wikidata": "Q203030",
              "wikipedia": "en:Victoria line"
            }
          },
          {
            "role": "",
            "rel": 7672072,
            "reltags": {
              "bicycle:conditional": "no @ \"except folded bicycles\"",
              "brand": "Transport for London",
              "brand:wikidata": "Q682520",
              "colour": "#0a9cda",
              "from": "Seven Sisters",
              "name": "Victoria line: Seven Sisters → Brixton",
              "network": "London Underground",
              "network:wikidata": "Q20075",
              "network:wikipedia": "en:London Underground",
              "operator": "Transport for London",
              "operator:wikidata": "Q682520",
              "public_transport:version": "2",
              "ref": "Victoria",
              "ref:colour": "#0098D8",
              "ref:colour_bg": "white",
              "ref:colour_tx": "white",
              "route": "subway",
              "to": "Brixton",
              "type": "route",
              "wheelchair": "yes",
              "wikidata": "Q203030",
              "wikipedia": "en:Victoria line"
            }
          }
        ]
      },
      "geometry": {
        "type": "LineString",
        "coordinates": [
          [
            -0.1032773,
            51.5468257
          ],
          [
            -0.1032298,
            51.5467285
          ],
          [
            -0.1028986,
            51.546136
          ],
          [
            -0.1026424,
            51.5457697
          ],
          [
            -0.102419,
            51.5453324
          ],
          [
            -0.1022675,
            51.5450224
          ],
          [
            -0.1021325,
            51.5447374
          ],
          [
            -0.1020149,
            51.5439573
          ],
          [
            -0.1020446,
            51.543722
          ],
          [
            -0.1021798,
            51.5431136
          ],
          [
            -0.1023133,
            51.5426365
          ],
          [
            -0.1024553,
            51.5423444
          ],
          [
            -0.1026852,
            51.5419792
          ],
          [
            -0.1029444,
            51.5416959
          ],
          [
            -0.1034434,
            51.5411523
          ],
          [
            -0.1041067,
            51.5404769
          ],
          [
            -0.1044421,
            51.5401072
          ],
          [
            -0.1052337,
            51.5391115
          ],
          [
            -0.1054346,
            51.5388094
          ],
          [
            -0.1055726,
            51.5386637
          ],
          [
            -0.1057642,
            51.5385264
          ],
          [
            -0.1198566,
            51.5317376
          ],
          [
            -0.1200921,
            51.5316383
          ],
          [
            -0.1203976,
            51.5315338
          ],
          [
            -0.1210137,
            51.5313319
          ]
        ]
      },
      "id": "way/299398665"
    },
    {
      "type": "Feature",
      "properties": {
        "@id": "way/299398666",
        "electrified": "4th_rail",
        "frequency": "0",
        "gauge": "1435",
        "layer": "-3",
        "line": "Victoria",
        "loading_gauge": "deep-tube",
        "maxspeed": "62 mph",
        "name": "Victoria Line",
        "network": "London Underground",
        "oneway": "yes",
        "operator": "London Underground",
        "operator:wikidata": "Q20075",
        "railway": "subway",
        "source:route:crompton_avenue": "http://www.islington.gov.uk/publicrecords/documents/Environment/Pdf/ldf_pack/Autumn_2011/Site_Allocations_PS_low_res.pdf",
        "start_date": "1968-09-01",
        "tunnel": "yes",
        "voltage": "630",
        "@relations": [
          {
            "role": "",
            "rel": 6354920,
            "reltags": {
              "bicycle:conditional": "no @ \"except folded bicycles\"",
              "brand": "Transport for London",
              "brand:wikidata": "Q682520",
              "colour": "#0a9cda",
              "from": "Brixton",
              "name": "Victoria line: Brixton → Walthamstow Central",
              "network": "London Underground",
              "network:wikidata": "Q20075",
              "network:wikipedia": "en:London Underground",
              "operator": "Transport for London",
              "operator:wikidata": "Q682520",
              "public_transport:version": "2",
              "ref": "Victoria",
              "ref:colour": "#0098D8",
              "ref:colour_bg": "white",
              "ref:colour_tx": "white",
              "route": "subway",
              "to": "Walthamstow Central",
              "type": "route",
              "wheelchair": "yes",
              "wikidata": "Q203030",
              "wikipedia": "en:Victoria line"
            }
          },
          {
            "role": "",
            "rel": 7672073,
            "reltags": {
              "bicycle:conditional": "no @ \"except folded bicycles\"",
              "brand": "Transport for London",
              "brand:wikidata": "Q682520",
              "colour": "#0a9cda",
              "from": "Brixton",
              "name": "Victoria line: Brixton → Seven Sisters",
              "network": "London Underground",
              "network:wikidata": "Q20075",
              "network:wikipedia": "en:London Underground",
              "operator": "Transport for London",
              "operator:wikidata": "Q682520",
              "public_transport:version": "2",
              "ref": "Victoria",
              "ref:colour": "#0098D8",
              "ref:colour_bg": "white",
              "ref:colour_tx": "white",
              "route": "subway",
              "to": "Seven Sisters",
              "type": "route",
              "wheelchair": "yes",
              "wikidata": "Q203030",
              "wikipedia": "en:Victoria line"
            }
          }
        ]
      },
      "geometry": {
        "type": "LineString",
        "coordinates": [
          [
            -0.1066226,
            51.5651495
          ],
          [
            -0.1065346,
            51.565599
          ],
          [
            -0.106125,
            51.5673585
          ],
          [
            -0.1057608,
            51.5681561
          ],
          [
            -0.1054655,
            51.5685306
          ],
          [
            -0.1051112,
            51.5688242
          ],
          [
            -0.1046358,
            51.5690993
          ],
          [
            -0.1040512,
            51.5693329
          ],
          [
            -0.103358,
            51.5695198
          ],
          [
            -0.0988524,
            51.570218
          ],
          [
            -0.0969937,
            51.5705918
          ],
          [
            -0.0956396,
            51.5709279
          ],
          [
            -0.0912512,
            51.5724467
          ],
          [
            -0.0910641,
            51.5725033
          ],
          [
            -0.0889499,
            51.573236
          ],
          [
            -0.0882274,
            51.5735153
          ],
          [
            -0.0879755,
            51.5736177
          ],
          [
            -0.0871665,
            51.5740288
          ],
          [
            -0.0864696,
            51.5745243
          ],
          [
            -0.0858377,
            51.5750234
          ],
          [
            -0.0852117,
            51.5755556
          ],
          [
            -0.0825543,
            51.5781944
          ],
          [
            -0.0815917,
            51.57891
          ],
          [
            -0.0807738,
            51.5793669
          ]
        ]
      },
      "id": "way/299398666"
    },
    {
      "type": "Feature",
      "properties": {
        "@id": "way/299398667",
        "electrified": "4th_rail",
        "frequency": "0",
        "gauge": "1435",
        "layer": "-4",
        "line": "Victoria",
        "loading_gauge": "deep-tube",
        "name": "Victoria Line",
        "network": "London Underground",
        "network:wikidata": "Q20075",
        "operator": "London Underground",
        "operator:wikidata": "Q20075",
        "railway": "subway",
        "start_date": "1968-12-01",
        "tunnel": "yes",
        "voltage": "630",
        "@relations": [
          {
            "role": "",
            "rel": 6354920,
            "reltags": {
              "bicycle:conditional": "no @ \"except folded bicycles\"",
              "brand": "Transport for London",
              "brand:wikidata": "Q682520",
              "colour": "#0a9cda",
              "from": "Brixton",
              "name": "Victoria line: Brixton → Walthamstow Central",
              "network": "London Underground",
              "network:wikidata": "Q20075",
              "network:wikipedia": "en:London Underground",
              "operator": "Transport for London",
              "operator:wikidata": "Q682520",
              "public_transport:version": "2",
              "ref": "Victoria",
              "ref:colour": "#0098D8",
              "ref:colour_bg": "white",
              "ref:colour_tx": "white",
              "route": "subway",
              "to": "Walthamstow Central",
              "type": "route",
              "wheelchair": "yes",
              "wikidata": "Q203030",
              "wikipedia": "en:Victoria line"
            }
          },
          {
            "role": "",
            "rel": 7672073,
            "reltags": {
              "bicycle:conditional": "no @ \"except folded bicycles\"",
              "brand": "Transport for London",
              "brand:wikidata": "Q682520",
              "colour": "#0a9cda",
              "from": "Brixton",
              "name": "Victoria line: Brixton → Seven Sisters",
              "network": "London Underground",
              "network:wikidata": "Q20075",
              "network:wikipedia": "en:London Underground",
              "operator": "Transport for London",
              "operator:wikidata": "Q682520",
              "public_transport:version": "2",
              "ref": "Victoria",
              "ref:colour": "#0098D8",
              "ref:colour_bg": "white",
              "ref:colour_tx": "white",
              "route": "subway",
              "to": "Seven Sisters",
              "type": "route",
              "wheelchair": "yes",
              "wikidata": "Q203030",
              "wikipedia": "en:Victoria line"
            }
          }
        ]
      },
      "geometry": {
        "type": "LineString",
        "coordinates": [
          [
            -0.1397455,
            51.5235686
          ],
          [
            -0.1392628,
            51.5240213
          ],
          [
            -0.1388072,
            51.5244929
          ],
          [
            -0.1372745,
            51.5258577
          ]
        ]
      },
      "id": "way/299398667"
    },
    {
      "type": "Feature",
      "properties": {
        "@id": "way/299398668",
        "electrified": "4th_rail",
        "frequency": "0",
        "gauge": "1435",
        "layer": "-4",
        "line": "Victoria",
        "loading_gauge": "deep-tube",
        "name": "Victoria Line",
        "network": "London Underground",
        "network:wikidata": "Q20075",
        "oneway": "yes",
        "operator": "London Underground",
        "operator:wikidata": "Q20075",
        "railway": "subway",
        "start_date": "1971-07-23",
        "tunnel": "yes",
        "voltage": "630",
        "@relations": [
          {
            "role": "",
            "rel": 6354921,
            "reltags": {
              "bicycle:conditional": "no @ \"except folded bicycles\"",
              "brand": "Transport for London",
              "brand:wikidata": "Q682520",
              "colour": "#0a9cda",
              "from": "Walthamstow Central",
              "name": "Victoria line: Walthamstow Central → Brixton",
              "network": "London Underground",
              "network:wikidata": "Q20075",
              "network:wikipedia": "en:London Underground",
              "operator": "Transport for London",
              "operator:wikidata": "Q682520",
              "public_transport:version": "2",
              "ref": "Victoria",
              "ref:colour": "#0098D8",
              "ref:colour_bg": "white",
              "ref:colour_tx": "white",
              "route": "subway",
              "to": "Brixton",
              "type": "route",
              "wheelchair": "yes",
              "wikidata": "Q203030",
              "wikipedia": "en:Victoria line"
            }
          },
          {
            "role": "",
            "rel": 7672072,
            "reltags": {
              "bicycle:conditional": "no @ \"except folded bicycles\"",
              "brand": "Transport for London",
              "brand:wikidata": "Q682520",
              "colour": "#0a9cda",
              "from": "Seven Sisters",
              "name": "Victoria line: Seven Sisters → Brixton",
              "network": "London Underground",
              "network:wikidata": "Q20075",
              "network:wikipedia": "en:London Underground",
              "operator": "Transport for London",
              "operator:wikidata": "Q682520",
              "public_transport:version": "2",
              "ref": "Victoria",
              "ref:colour": "#0098D8",
              "ref:colour_bg": "white",
              "ref:colour_tx": "white",
              "route": "subway",
              "to": "Brixton",
              "type": "route",
              "wheelchair": "yes",
              "wikidata": "Q203030",
              "wikipedia": "en:Victoria line"
            }
          }
        ]
      },
      "geometry": {
        "type": "LineString",
        "coordinates": [
          [
            -0.1433883,
            51.4957774
          ],
          [
            -0.1435264,
            51.4952799
          ],
          [
            -0.143598,
            51.4949146
          ],
          [
            -0.1436912,
            51.494279
          ],
          [
            -0.1437674,
            51.4935941
          ]
        ]
      },
      "id": "way/299398668"
    },
    {
      "type": "Feature",
      "properties": {
        "@id": "way/299398669",
        "electrified": "4th_rail",
        "frequency": "0",
        "gauge": "1435",
        "layer": "-4",
        "level": "-4",
        "line": "Victoria",
        "name": "Victoria Line",
        "network": "London Underground",
        "network:wikidata": "Q20075",
        "oneway": "yes",
        "operator": "London Underground",
        "operator:wikidata": "Q20075",
        "railway": "subway",
        "start_date": "1969-03-07",
        "tunnel": "yes",
        "voltage": "630",
        "@relations": [
          {
            "role": "",
            "rel": 6354920,
            "reltags": {
              "bicycle:conditional": "no @ \"except folded bicycles\"",
              "brand": "Transport for London",
              "brand:wikidata": "Q682520",
              "colour": "#0a9cda",
              "from": "Brixton",
              "name": "Victoria line: Brixton → Walthamstow Central",
              "network": "London Underground",
              "network:wikidata": "Q20075",
              "network:wikipedia": "en:London Underground",
              "operator": "Transport for London",
              "operator:wikidata": "Q682520",
              "public_transport:version": "2",
              "ref": "Victoria",
              "ref:colour": "#0098D8",
              "ref:colour_bg": "white",
              "ref:colour_tx": "white",
              "route": "subway",
              "to": "Walthamstow Central",
              "type": "route",
              "wheelchair": "yes",
              "wikidata": "Q203030",
              "wikipedia": "en:Victoria line"
            }
          },
          {
            "role": "",
            "rel": 7672073,
            "reltags": {
              "bicycle:conditional": "no @ \"except folded bicycles\"",
              "brand": "Transport for London",
              "brand:wikidata": "Q682520",
              "colour": "#0a9cda",
              "from": "Brixton",
              "name": "Victoria line: Brixton → Seven Sisters",
              "network": "London Underground",
              "network:wikidata": "Q20075",
              "network:wikipedia": "en:London Underground",
              "operator": "Transport for London",
              "operator:wikidata": "Q682520",
              "public_transport:version": "2",
              "ref": "Victoria",
              "ref:colour": "#0098D8",
              "ref:colour_bg": "white",
              "ref:colour_tx": "white",
              "route": "subway",
              "to": "Seven Sisters",
              "type": "route",
              "wheelchair": "yes",
              "wikidata": "Q203030",
              "wikipedia": "en:Victoria line"
            }
          }
        ]
      },
      "geometry": {
        "type": "LineString",
        "coordinates": [
          [
            -0.1436586,
            51.4958365
          ],
          [
            -0.1435798,
            51.4960207
          ],
          [
            -0.1434672,
            51.4962036
          ],
          [
            -0.1432385,
            51.4965389
          ],
          [
            -0.1430645,
            51.4967722
          ],
          [
            -0.142876,
            51.4969968
          ],
          [
            -0.1427545,
            51.4971415
          ],
          [
            -0.1426905,
            51.4972299
          ],
          [
            -0.1426533,
            51.4972813
          ]
        ]
      },
      "id": "way/299398669"
    },
    {
      "type": "Feature",
      "properties": {
        "@id": "way/299398670",
        "electrified": "4th_rail",
        "frequency": "0",
        "gauge": "1435",
        "layer": "-4",
        "line": "Victoria",
        "loading_gauge": "deep-tube",
        "name": "Victoria Line",
        "network": "London Underground",
        "network:wikidata": "Q20075",
        "oneway": "yes",
        "operator": "London Underground",
        "operator:wikidata": "Q20075",
        "railway": "subway",
        "start_date": "1969-03-07",
        "tunnel": "yes",
        "voltage": "630",
        "@relations": [
          {
            "role": "",
            "rel": 6354921,
            "reltags": {
              "bicycle:conditional": "no @ \"except folded bicycles\"",
              "brand": "Transport for London",
              "brand:wikidata": "Q682520",
              "colour": "#0a9cda",
              "from": "Walthamstow Central",
              "name": "Victoria line: Walthamstow Central → Brixton",
              "network": "London Underground",
              "network:wikidata": "Q20075",
              "network:wikipedia": "en:London Underground",
              "operator": "Transport for London",
              "operator:wikidata": "Q682520",
              "public_transport:version": "2",
              "ref": "Victoria",
              "ref:colour": "#0098D8",
              "ref:colour_bg": "white",
              "ref:colour_tx": "white",
              "route": "subway",
              "to": "Brixton",
              "type": "route",
              "wheelchair": "yes",
              "wikidata": "Q203030",
              "wikipedia": "en:Victoria line"
            }
          },
          {
            "role": "",
            "rel": 7672072,
            "reltags": {
              "bicycle:conditional": "no @ \"except folded bicycles\"",
              "brand": "Transport for London",
              "brand:wikidata": "Q682520",
              "colour": "#0a9cda",
              "from": "Seven Sisters",
              "name": "Victoria line: Seven Sisters → Brixton",
              "network": "London Underground",
              "network:wikidata": "Q20075",
              "network:wikipedia": "en:London Underground",
              "operator": "Transport for London",
              "operator:wikidata": "Q682520",
              "public_transport:version": "2",
              "ref": "Victoria",
              "ref:colour": "#0098D8",
              "ref:colour_bg": "white",
              "ref:colour_tx": "white",
              "route": "subway",
              "to": "Brixton",
              "type": "route",
              "wheelchair": "yes",
              "wikidata": "Q203030",
              "wikipedia": "en:Victoria line"
            }
          }
        ]
      },
      "geometry": {
        "type": "LineString",
        "coordinates": [
          [
            -0.1401454,
            51.5235041
          ],
          [
            -0.1405801,
            51.5231016
          ],
          [
            -0.140785,
            51.5228873
          ],
          [
            -0.141236,
            51.5224157
          ],
          [
            -0.1413995,
            51.5221922
          ],
          [
            -0.1415645,
            51.5219021
          ],
          [
            -0.1416575,
            51.5216595
          ],
          [
            -0.1417923,
            51.5214247
          ],
          [
            -0.1419183,
            51.5211797
          ],
          [
            -0.1420719,
            51.5207431
          ],
          [
            -0.14222,
            51.5202818
          ],
          [
            -0.1423126,
            51.5198978
          ],
          [
            -0.1422086,
            51.5186879
          ],
          [
            -0.142227,
            51.5176523
          ]
        ]
      },
      "id": "way/299398670"
    },
    {
      "type": "Feature",
      "properties": {
        "@id": "way/312219897",
        "electrified": "4th_rail",
        "frequency": "0",
        "gauge": "1435",
        "layer": "-4",
        "line": "Victoria",
        "loading_gauge": "deep-tube",
        "name": "Victoria Line Northbound",
        "network": "London Underground",
        "operator": "London Underground",
        "operator:wikidata": "Q20075",
        "railway": "subway",
        "start_date": "1968-09-01",
        "tunnel": "yes",
        "voltage": "630",
        "@relations": [
          {
            "role": "",
            "rel": 6354920,
            "reltags": {
              "bicycle:conditional": "no @ \"except folded bicycles\"",
              "brand": "Transport for London",
              "brand:wikidata": "Q682520",
              "colour": "#0a9cda",
              "from": "Brixton",
              "name": "Victoria line: Brixton → Walthamstow Central",
              "network": "London Underground",
              "network:wikidata": "Q20075",
              "network:wikipedia": "en:London Underground",
              "operator": "Transport for London",
              "operator:wikidata": "Q682520",
              "public_transport:version": "2",
              "ref": "Victoria",
              "ref:colour": "#0098D8",
              "ref:colour_bg": "white",
              "ref:colour_tx": "white",
              "route": "subway",
              "to": "Walthamstow Central",
              "type": "route",
              "wheelchair": "yes",
              "wikidata": "Q203030",
              "wikipedia": "en:Victoria line"
            }
          }
        ]
      },
      "geometry": {
        "type": "LineString",
        "coordinates": [
          [
            -0.0208991,
            51.5830831
          ],
          [
            -0.020556,
            51.5830224
          ],
          [
            -0.0199949,
            51.582941
          ]
        ]
      },
      "id": "way/312219897"
    },
    {
      "type": "Feature",
      "properties": {
        "@id": "way/312219900",
        "electrified": "4th_rail",
        "frequency": "0",
        "gauge": "1435",
        "layer": "-4",
        "line": "Victoria",
        "loading_gauge": "deep-tube",
        "name": "Victoria Line",
        "network": "London Underground",
        "oneway": "yes",
        "operator": "London Underground",
        "operator:wikidata": "Q20075",
        "railway": "subway",
        "start_date": "1968-09-01",
        "tunnel": "yes",
        "voltage": "630",
        "@relations": [
          {
            "role": "",
            "rel": 6354921,
            "reltags": {
              "bicycle:conditional": "no @ \"except folded bicycles\"",
              "brand": "Transport for London",
              "brand:wikidata": "Q682520",
              "colour": "#0a9cda",
              "from": "Walthamstow Central",
              "name": "Victoria line: Walthamstow Central → Brixton",
              "network": "London Underground",
              "network:wikidata": "Q20075",
              "network:wikipedia": "en:London Underground",
              "operator": "Transport for London",
              "operator:wikidata": "Q682520",
              "public_transport:version": "2",
              "ref": "Victoria",
              "ref:colour": "#0098D8",
              "ref:colour_bg": "white",
              "ref:colour_tx": "white",
              "route": "subway",
              "to": "Brixton",
              "type": "route",
              "wheelchair": "yes",
              "wikidata": "Q203030",
              "wikipedia": "en:Victoria line"
            }
          }
        ]
      },
      "geometry": {
        "type": "LineString",
        "coordinates": [
          [
            -0.0209383,
            51.5830256
          ],
          [
            -0.0215269,
            51.5831369
          ],
          [
            -0.0359616,
            51.585985
          ],
          [
            -0.038892,
            51.5865209
          ],
          [
            -0.039829,
            51.5866592
          ],
          [
            -0.0406596,
            51.5867459
          ],
          [
            -0.0412998,
            51.5867727
          ],
          [
            -0.0427259,
            51.5868126
          ],
          [
            -0.0429679,
            51.5868186
          ],
          [
            -0.0435144,
            51.5868129
          ],
          [
            -0.0448724,
            51.5867522
          ],
          [
            -0.0463471,
            51.5866416
          ],
          [
            -0.0489132,
            51.5864318
          ],
          [
            -0.0500647,
            51.5864144
          ],
          [
            -0.0509168,
            51.5864826
          ],
          [
            -0.0515506,
            51.5866133
          ],
          [
            -0.0532254,
            51.5870071
          ],
          [
            -0.0540226,
            51.5872211
          ],
          [
            -0.05447,
            51.5873307
          ],
          [
            -0.0550333,
            51.5874512
          ]
        ]
      },
      "id": "way/312219900"
    },
    {
      "type": "Feature",
      "properties": {
        "@id": "way/402582568",
        "electrified": "4th_rail",
        "frequency": "0",
        "gauge": "1435",
        "layer": "-4",
        "level": "-4",
        "line": "Victoria",
        "loading_gauge": "deep-tube",
        "name": "Victoria Line",
        "network": "London Underground",
        "network:wikidata": "Q20075",
        "oneway": "yes",
        "operator": "London Underground",
        "operator:wikidata": "Q20075",
        "railway": "subway",
        "start_date": "1969-03-07",
        "tunnel": "yes",
        "voltage": "630",
        "@relations": [
          {
            "role": "",
            "rel": 6354921,
            "reltags": {
              "bicycle:conditional": "no @ \"except folded bicycles\"",
              "brand": "Transport for London",
              "brand:wikidata": "Q682520",
              "colour": "#0a9cda",
              "from": "Walthamstow Central",
              "name": "Victoria line: Walthamstow Central → Brixton",
              "network": "London Underground",
              "network:wikidata": "Q20075",
              "network:wikipedia": "en:London Underground",
              "operator": "Transport for London",
              "operator:wikidata": "Q682520",
              "public_transport:version": "2",
              "ref": "Victoria",
              "ref:colour": "#0098D8",
              "ref:colour_bg": "white",
              "ref:colour_tx": "white",
              "route": "subway",
              "to": "Brixton",
              "type": "route",
              "wheelchair": "yes",
              "wikidata": "Q203030",
              "wikipedia": "en:Victoria line"
            }
          },
          {
            "role": "",
            "rel": 7672072,
            "reltags": {
              "bicycle:conditional": "no @ \"except folded bicycles\"",
              "brand": "Transport for London",
              "brand:wikidata": "Q682520",
              "colour": "#0a9cda",
              "from": "Seven Sisters",
              "name": "Victoria line: Seven Sisters → Brixton",
              "network": "London Underground",
              "network:wikidata": "Q20075",
              "network:wikipedia": "en:London Underground",
              "operator": "Transport for London",
              "operator:wikidata": "Q682520",
              "public_transport:version": "2",
              "ref": "Victoria",
              "ref:colour": "#0098D8",
              "ref:colour_bg": "white",
              "ref:colour_tx": "white",
              "route": "subway",
              "to": "Brixton",
              "type": "route",
              "wheelchair": "yes",
              "wikidata": "Q203030",
              "wikipedia": "en:Victoria line"
            }
          }
        ]
      },
      "geometry": {
        "type": "LineString",
        "coordinates": [
          [
            -0.1425213,
            51.4972281
          ],
          [
            -0.1425921,
            51.4970968
          ],
          [
            -0.142684,
            51.4969199
          ],
          [
            -0.1428252,
            51.4966707
          ],
          [
            -0.1429505,
            51.49648
          ],
          [
            -0.1431893,
            51.4961348
          ],
          [
            -0.1432968,
            51.4959564
          ],
          [
            -0.1433883,
            51.4957774
          ]
        ]
      },
      "id": "way/402582568"
    },
    {
      "type": "Feature",
      "properties": {
        "@id": "way/534349602",
        "electrified": "4th_rail",
        "frequency": "0",
        "gauge": "1435",
        "layer": "-4",
        "line": "Victoria",
        "loading_gauge": "deep-tube",
        "name": "Victoria Line",
        "network": "London Underground",
        "operator": "London Underground",
        "operator:wikidata": "Q20075",
        "railway": "subway",
        "start_date": "1968-09-01",
        "tunnel": "yes",
        "voltage": "630",
        "@relations": [
          {
            "role": "",
            "rel": 6354921,
            "reltags": {
              "bicycle:conditional": "no @ \"except folded bicycles\"",
              "brand": "Transport for London",
              "brand:wikidata": "Q682520",
              "colour": "#0a9cda",
              "from": "Walthamstow Central",
              "name": "Victoria line: Walthamstow Central → Brixton",
              "network": "London Underground",
              "network:wikidata": "Q20075",
              "network:wikipedia": "en:London Underground",
              "operator": "Transport for London",
              "operator:wikidata": "Q682520",
              "public_transport:version": "2",
              "ref": "Victoria",
              "ref:colour": "#0098D8",
              "ref:colour_bg": "white",
              "ref:colour_tx": "white",
              "route": "subway",
              "to": "Brixton",
              "type": "route",
              "wheelchair": "yes",
              "wikidata": "Q203030",
              "wikipedia": "en:Victoria line"
            }
          },
          {
            "role": "",
            "rel": 7672072,
            "reltags": {
              "bicycle:conditional": "no @ \"except folded bicycles\"",
              "brand": "Transport for London",
              "brand:wikidata": "Q682520",
              "colour": "#0a9cda",
              "from": "Seven Sisters",
              "name": "Victoria line: Seven Sisters → Brixton",
              "network": "London Underground",
              "network:wikidata": "Q20075",
              "network:wikipedia": "en:London Underground",
              "operator": "Transport for London",
              "operator:wikidata": "Q682520",
              "public_transport:version": "2",
              "ref": "Victoria",
              "ref:colour": "#0098D8",
              "ref:colour_bg": "white",
              "ref:colour_tx": "white",
              "route": "subway",
              "to": "Brixton",
              "type": "route",
              "wheelchair": "yes",
              "wikidata": "Q203030",
              "wikipedia": "en:Victoria line"
            }
          }
        ]
      },
      "geometry": {
        "type": "LineString",
        "coordinates": [
          [
            -0.0720425,
            51.5833671
          ],
          [
            -0.0741898,
            51.5824307
          ],
          [
            -0.0760568,
            51.5816008
          ],
          [
            -0.0794712,
            51.5798808
          ],
          [
            -0.0800042,
            51.5796031
          ]
        ]
      },
      "id": "way/534349602"
    },
    {
      "type": "Feature",
      "properties": {
        "@id": "way/534349603",
        "electrified": "4th_rail",
        "frequency": "0",
        "gauge": "1435",
        "layer": "-4",
        "line": "Victoria",
        "loading_gauge": "deep-tube",
        "name": "Victoria Line Northbound",
        "network": "London Underground",
        "oneway": "yes",
        "operator": "London Underground",
        "operator:wikidata": "Q20075",
        "railway": "subway",
        "start_date": "1968-09-01",
        "tunnel": "yes",
        "voltage": "630",
        "@relations": [
          {
            "role": "",
            "rel": 6354920,
            "reltags": {
              "bicycle:conditional": "no @ \"except folded bicycles\"",
              "brand": "Transport for London",
              "brand:wikidata": "Q682520",
              "colour": "#0a9cda",
              "from": "Brixton",
              "name": "Victoria line: Brixton → Walthamstow Central",
              "network": "London Underground",
              "network:wikidata": "Q20075",
              "network:wikipedia": "en:London Underground",
              "operator": "Transport for London",
              "operator:wikidata": "Q682520",
              "public_transport:version": "2",
              "ref": "Victoria",
              "ref:colour": "#0098D8",
              "ref:colour_bg": "white",
              "ref:colour_tx": "white",
              "route": "subway",
              "to": "Walthamstow Central",
              "type": "route",
              "wheelchair": "yes",
              "wikidata": "Q203030",
              "wikipedia": "en:Victoria line"
            }
          },
          {
            "role": "",
            "rel": 7672073,
            "reltags": {
              "bicycle:conditional": "no @ \"except folded bicycles\"",
              "brand": "Transport for London",
              "brand:wikidata": "Q682520",
              "colour": "#0a9cda",
              "from": "Brixton",
              "name": "Victoria line: Brixton → Seven Sisters",
              "network": "London Underground",
              "network:wikidata": "Q20075",
              "network:wikipedia": "en:London Underground",
              "operator": "Transport for London",
              "operator:wikidata": "Q682520",
              "public_transport:version": "2",
              "ref": "Victoria",
              "ref:colour": "#0098D8",
              "ref:colour_bg": "white",
              "ref:colour_tx": "white",
              "route": "subway",
              "to": "Seven Sisters",
              "type": "route",
              "wheelchair": "yes",
              "wikidata": "Q203030",
              "wikipedia": "en:Victoria line"
            }
          }
        ]
      },
      "geometry": {
        "type": "LineString",
        "coordinates": [
          [
            -0.0796348,
            51.5799756
          ],
          [
            -0.0773235,
            51.5811928
          ],
          [
            -0.0767917,
            51.5814729
          ],
          [
            -0.0751139,
            51.5824478
          ],
          [
            -0.0745028,
            51.5827261
          ],
          [
            -0.0727884,
            51.5834588
          ]
        ]
      },
      "id": "way/534349603"
    },
    {
      "type": "Feature",
      "properties": {
        "@id": "way/682470643",
        "bench": "yes",
        "indoor": "yes",
        "layer": "-4",
        "platform": "subway",
        "public_transport": "platform",
        "railway": "platform",
        "ref": "1",
        "tactile_paving": "yes",
        "@relations": [
          {
            "role": "platform",
            "rel": 6354920,
            "reltags": {
              "bicycle:conditional": "no @ \"except folded bicycles\"",
              "brand": "Transport for London",
              "brand:wikidata": "Q682520",
              "colour": "#0a9cda",
              "from": "Brixton",
              "name": "Victoria line: Brixton → Walthamstow Central",
              "network": "London Underground",
              "network:wikidata": "Q20075",
              "network:wikipedia": "en:London Underground",
              "operator": "Transport for London",
              "operator:wikidata": "Q682520",
              "public_transport:version": "2",
              "ref": "Victoria",
              "ref:colour": "#0098D8",
              "ref:colour_bg": "white",
              "ref:colour_tx": "white",
              "route": "subway",
              "to": "Walthamstow Central",
              "type": "route",
              "wheelchair": "yes",
              "wikidata": "Q203030",
              "wikipedia": "en:Victoria line"
            }
          }
        ]
      },
      "geometry": {
        "type": "LineString",
        "coordinates": [
          [
            -0.042977,
            51.5869314
          ],
          [
            -0.041424,
            51.5868698
          ]
        ]
      },
      "id": "way/682470643"
    },
    {
      "type": "Feature",
      "properties": {
        "@id": "way/682470697",
        "bench": "yes",
        "indoor": "yes",
        "layer": "-4",
        "platform": "subway",
        "public_transport": "platform",
        "railway": "platform",
        "ref": "2",
        "tactile_paving": "yes",
        "@relations": [
          {
            "role": "platform",
            "rel": 6354921,
            "reltags": {
              "bicycle:conditional": "no @ \"except folded bicycles\"",
              "brand": "Transport for London",
              "brand:wikidata": "Q682520",
              "colour": "#0a9cda",
              "from": "Walthamstow Central",
              "name": "Victoria line: Walthamstow Central → Brixton",
              "network": "London Underground",
              "network:wikidata": "Q20075",
              "network:wikipedia": "en:London Underground",
              "operator": "Transport for London",
              "operator:wikidata": "Q682520",
              "public_transport:version": "2",
              "ref": "Victoria",
              "ref:colour": "#0098D8",
              "ref:colour_bg": "white",
              "ref:colour_tx": "white",
              "route": "subway",
              "to": "Brixton",
              "type": "route",
              "wheelchair": "yes",
              "wikidata": "Q203030",
              "wikipedia": "en:Victoria line"
            }
          }
        ]
      },
      "geometry": {
        "type": "LineString",
        "coordinates": [
          [
            -0.0429663,
            51.5868481
          ],
          [
            -0.041421,
            51.5868009
          ]
        ]
      },
      "id": "way/682470697"
    },
    {
      "type": "Feature",
      "properties": {
        "@id": "way/815282391",
        "electrified": "4th_rail",
        "frequency": "0",
        "gauge": "1435",
        "layer": "-2",
        "line": "Victoria",
        "loading_gauge": "deep-tube",
        "name": "Victoria Line",
        "network": "London Underground",
        "oneway": "yes",
        "operator": "London Underground",
        "operator:wikidata": "Q20075",
        "railway": "subway",
        "source:route:crompton_avenue": "http://www.islington.gov.uk/publicrecords/documents/Environment/Pdf/ldf_pack/Autumn_2011/Site_Allocations_PS_low_res.pdf",
        "start_date": "1968-09-01",
        "tunnel": "yes",
        "voltage": "630",
        "@relations": [
          {
            "role": "",
            "rel": 6354921,
            "reltags": {
              "bicycle:conditional": "no @ \"except folded bicycles\"",
              "brand": "Transport for London",
              "brand:wikidata": "Q682520",
              "colour": "#0a9cda",
              "from": "Walthamstow Central",
              "name": "Victoria line: Walthamstow Central → Brixton",
              "network": "London Underground",
              "network:wikidata": "Q20075",
              "network:wikipedia": "en:London Underground",
              "operator": "Transport for London",
              "operator:wikidata": "Q682520",
              "public_transport:version": "2",
              "ref": "Victoria",
              "ref:colour": "#0098D8",
              "ref:colour_bg": "white",
              "ref:colour_tx": "white",
              "route": "subway",
              "to": "Brixton",
              "type": "route",
              "wheelchair": "yes",
              "wikidata": "Q203030",
              "wikipedia": "en:Victoria line"
            }
          },
          {
            "role": "",
            "rel": 7672072,
            "reltags": {
              "bicycle:conditional": "no @ \"except folded bicycles\"",
              "brand": "Transport for London",
              "brand:wikidata": "Q682520",
              "colour": "#0a9cda",
              "from": "Seven Sisters",
              "name": "Victoria line: Seven Sisters → Brixton",
              "network": "London Underground",
              "network:wikidata": "Q20075",
              "network:wikipedia": "en:London Underground",
              "operator": "Transport for London",
              "operator:wikidata": "Q682520",
              "public_transport:version": "2",
              "ref": "Victoria",
              "ref:colour": "#0098D8",
              "ref:colour_bg": "white",
              "ref:colour_tx": "white",
              "route": "subway",
              "to": "Brixton",
              "type": "route",
              "wheelchair": "yes",
              "wikidata": "Q203030",
              "wikipedia": "en:Victoria line"
            }
          }
        ]
      },
      "geometry": {
        "type": "LineString",
        "coordinates": [
          [
            -0.1048083,
            51.5505002
          ],
          [
            -0.1039132,
            51.5481647
          ],
          [
            -0.1035813,
            51.5474861
          ],
          [
            -0.1032773,
            51.5468257
          ]
        ]
      },
      "id": "way/815282391"
    },
    {
      "type": "Feature",
      "properties": {
        "@id": "way/1416508291",
        "electrified": "4th_rail",
        "frequency": "0",
        "gauge": "1435",
        "layer": "-3",
        "level": "-1",
        "line": "Victoria",
        "loading_gauge": "deep-tube",
        "maxspeed": "62 mph",
        "name": "Victoria Line",
        "network": "London Underground",
        "oneway": "yes",
        "operator": "London Underground",
        "operator:wikidata": "Q20075",
        "railway": "subway",
        "source:route:crompton_avenue": "http://www.islington.gov.uk/publicrecords/documents/Environment/Pdf/ldf_pack/Autumn_2011/Site_Allocations_PS_low_res.pdf",
        "start_date": "1968-09-01",
        "tunnel": "yes",
        "voltage": "630",
        "@relations": [
          {
            "role": "",
            "rel": 6354920,
            "reltags": {
              "bicycle:conditional": "no @ \"except folded bicycles\"",
              "brand": "Transport for London",
              "brand:wikidata": "Q682520",
              "colour": "#0a9cda",
              "from": "Brixton",
              "name": "Victoria line: Brixton → Walthamstow Central",
              "network": "London Underground",
              "network:wikidata": "Q20075",
              "network:wikipedia": "en:London Underground",
              "operator": "Transport for London",
              "operator:wikidata": "Q682520",
              "public_transport:version": "2",
              "ref": "Victoria",
              "ref:colour": "#0098D8",
              "ref:colour_bg": "white",
              "ref:colour_tx": "white",
              "route": "subway",
              "to": "Walthamstow Central",
              "type": "route",
              "wheelchair": "yes",
              "wikidata": "Q203030",
              "wikipedia": "en:Victoria line"
            }
          },
          {
            "role": "",
            "rel": 7672073,
            "reltags": {
              "bicycle:conditional": "no @ \"except folded bicycles\"",
              "brand": "Transport for London",
              "brand:wikidata": "Q682520",
              "colour": "#0a9cda",
              "from": "Brixton",
              "name": "Victoria line: Brixton → Seven Sisters",
              "network": "London Underground",
              "network:wikidata": "Q20075",
              "network:wikipedia": "en:London Underground",
              "operator": "Transport for London",
              "operator:wikidata": "Q682520",
              "public_transport:version": "2",
              "ref": "Victoria",
              "ref:colour": "#0098D8",
              "ref:colour_bg": "white",
              "ref:colour_tx": "white",
              "route": "subway",
              "to": "Seven Sisters",
              "type": "route",
              "wheelchair": "yes",
              "wikidata": "Q203030",
              "wikipedia": "en:Victoria line"
            }
          }
        ]
      },
      "geometry": {
        "type": "LineString",
        "coordinates": [
          [
            -0.1068041,
            51.5640293
          ],
          [
            -0.1066944,
            51.5648248
          ],
          [
            -0.1066341,
            51.5650907
          ],
          [
            -0.1066226,
            51.5651495
          ]
        ]
      },
      "id": "way/1416508291"
    },
    {
      "type": "Feature",
      "properties": {
        "@id": "way/1416508292",
        "electrified": "4th_rail",
        "frequency": "0",
        "gauge": "1435",
        "layer": "-3",
        "level": "-2",
        "line": "Victoria",
        "loading_gauge": "deep-tube",
        "maxspeed": "62 mph",
        "name": "Victoria Line",
        "network": "London Underground",
        "oneway": "yes",
        "operator": "London Underground",
        "operator:wikidata": "Q20075",
        "railway": "subway",
        "source:route:crompton_avenue": "http://www.islington.gov.uk/publicrecords/documents/Environment/Pdf/ldf_pack/Autumn_2011/Site_Allocations_PS_low_res.pdf",
        "start_date": "1968-09-01",
        "tunnel": "yes",
        "voltage": "630",
        "@relations": [
          {
            "role": "",
            "rel": 6354920,
            "reltags": {
              "bicycle:conditional": "no @ \"except folded bicycles\"",
              "brand": "Transport for London",
              "brand:wikidata": "Q682520",
              "colour": "#0a9cda",
              "from": "Brixton",
              "name": "Victoria line: Brixton → Walthamstow Central",
              "network": "London Underground",
              "network:wikidata": "Q20075",
              "network:wikipedia": "en:London Underground",
              "operator": "Transport for London",
              "operator:wikidata": "Q682520",
              "public_transport:version": "2",
              "ref": "Victoria",
              "ref:colour": "#0098D8",
              "ref:colour_bg": "white",
              "ref:colour_tx": "white",
              "route": "subway",
              "to": "Walthamstow Central",
              "type": "route",
              "wheelchair": "yes",
              "wikidata": "Q203030",
              "wikipedia": "en:Victoria line"
            }
          },
          {
            "role": "",
            "rel": 7672073,
            "reltags": {
              "bicycle:conditional": "no @ \"except folded bicycles\"",
              "brand": "Transport for London",
              "brand:wikidata": "Q682520",
              "colour": "#0a9cda",
              "from": "Brixton",
              "name": "Victoria line: Brixton → Seven Sisters",
              "network": "London Underground",
              "network:wikidata": "Q20075",
              "network:wikipedia": "en:London Underground",
              "operator": "Transport for London",
              "operator:wikidata": "Q682520",
              "public_transport:version": "2",
              "ref": "Victoria",
              "ref:colour": "#0098D8",
              "ref:colour_bg": "white",
              "ref:colour_tx": "white",
              "route": "subway",
              "to": "Seven Sisters",
              "type": "route",
              "wheelchair": "yes",
              "wikidata": "Q203030",
              "wikipedia": "en:Victoria line"
            }
          }
        ]
      },
      "geometry": {
        "type": "LineString",
        "coordinates": [
          [
            -0.1036984,
            51.5467941
          ],
          [
            -0.1039103,
            51.5475064
          ],
          [
            -0.1040999,
            51.5481328
          ],
          [
            -0.1055587,
            51.5519039
          ],
          [
            -0.1058556,
            51.5526714
          ],
          [
            -0.1064468,
            51.5542309
          ],
          [
            -0.1065886,
            51.5547038
          ],
          [
            -0.1067355,
            51.555199
          ],
          [
            -0.1070257,
            51.5568581
          ],
          [
            -0.1070661,
            51.5576026
          ],
          [
            -0.1069176,
            51.5592866
          ]
        ]
      },
      "id": "way/1416508292"
    },
    {
      "type": "Feature",
      "properties": {
        "@id": "way/1416508295",
        "electrified": "4th_rail",
        "frequency": "0",
        "gauge": "1435",
        "layer": "-3",
        "level": "-1",
        "line": "Victoria",
        "loading_gauge": "deep-tube",
        "name": "Victoria Line",
        "network": "London Underground",
        "operator": "London Underground",
        "operator:wikidata": "Q20075",
        "railway": "subway",
        "tunnel": "yes",
        "voltage": "630",
        "@relations": [
          {
            "role": "",
            "rel": 6354921,
            "reltags": {
              "bicycle:conditional": "no @ \"except folded bicycles\"",
              "brand": "Transport for London",
              "brand:wikidata": "Q682520",
              "colour": "#0a9cda",
              "from": "Walthamstow Central",
              "name": "Victoria line: Walthamstow Central → Brixton",
              "network": "London Underground",
              "network:wikidata": "Q20075",
              "network:wikipedia": "en:London Underground",
              "operator": "Transport for London",
              "operator:wikidata": "Q682520",
              "public_transport:version": "2",
              "ref": "Victoria",
              "ref:colour": "#0098D8",
              "ref:colour_bg": "white",
              "ref:colour_tx": "white",
              "route": "subway",
              "to": "Brixton",
              "type": "route",
              "wheelchair": "yes",
              "wikidata": "Q203030",
              "wikipedia": "en:Victoria line"
            }
          },
          {
            "role": "",
            "rel": 7672072,
            "reltags": {
              "bicycle:conditional": "no @ \"except folded bicycles\"",
              "brand": "Transport for London",
              "brand:wikidata": "Q682520",
              "colour": "#0a9cda",
              "from": "Seven Sisters",
              "name": "Victoria line: Seven Sisters → Brixton",
              "network": "London Underground",
              "network:wikidata": "Q20075",
              "network:wikipedia": "en:London Underground",
              "operator": "Transport for London",
              "operator:wikidata": "Q682520",
              "public_transport:version": "2",
              "ref": "Victoria",
              "ref:colour": "#0098D8",
              "ref:colour_bg": "white",
              "ref:colour_tx": "white",
              "route": "subway",
              "to": "Brixton",
              "type": "route",
              "wheelchair": "yes",
              "wikidata": "Q203030",
              "wikipedia": "en:Victoria line"
            }
          }
        ]
      },
      "geometry": {
        "type": "LineString",
        "coordinates": [
          [
            -0.1063067,
            51.5651517
          ],
          [
            -0.1064254,
            51.5640679
          ],
          [
            -0.1064317,
            51.5640102
          ]
        ]
      },
      "id": "way/1416508295"
    },
    {
      "type": "Feature",
      "properties": {
        "@id": "way/1416508296",
        "electrified": "4th_rail",
        "frequency": "0",
        "gauge": "1435",
        "layer": "-3",
        "line": "Victoria",
        "loading_gauge": "deep-tube",
        "name": "Victoria Line",
        "network": "London Underground",
        "operator": "London Underground",
        "operator:wikidata": "Q20075",
        "railway": "subway",
        "tunnel": "yes",
        "voltage": "630",
        "@relations": [
          {
            "role": "",
            "rel": 6354921,
            "reltags": {
              "bicycle:conditional": "no @ \"except folded bicycles\"",
              "brand": "Transport for London",
              "brand:wikidata": "Q682520",
              "colour": "#0a9cda",
              "from": "Walthamstow Central",
              "name": "Victoria line: Walthamstow Central → Brixton",
              "network": "London Underground",
              "network:wikidata": "Q20075",
              "network:wikipedia": "en:London Underground",
              "operator": "Transport for London",
              "operator:wikidata": "Q682520",
              "public_transport:version": "2",
              "ref": "Victoria",
              "ref:colour": "#0098D8",
              "ref:colour_bg": "white",
              "ref:colour_tx": "white",
              "route": "subway",
              "to": "Brixton",
              "type": "route",
              "wheelchair": "yes",
              "wikidata": "Q203030",
              "wikipedia": "en:Victoria line"
            }
          },
          {
            "role": "",
            "rel": 7672072,
            "reltags": {
              "bicycle:conditional": "no @ \"except folded bicycles\"",
              "brand": "Transport for London",
              "brand:wikidata": "Q682520",
              "colour": "#0a9cda",
              "from": "Seven Sisters",
              "name": "Victoria line: Seven Sisters → Brixton",
              "network": "London Underground",
              "network:wikidata": "Q20075",
              "network:wikipedia": "en:London Underground",
              "operator": "Transport for London",
              "operator:wikidata": "Q682520",
              "public_transport:version": "2",
              "ref": "Victoria",
              "ref:colour": "#0098D8",
              "ref:colour_bg": "white",
              "ref:colour_tx": "white",
              "route": "subway",
              "to": "Brixton",
              "type": "route",
              "wheelchair": "yes",
              "wikidata": "Q203030",
              "wikipedia": "en:Victoria line"
            }
          }
        ]
      },
      "geometry": {
        "type": "LineString",
        "coordinates": [
          [
            -0.1062634,
            51.5655473
          ],
          [
            -0.1063067,
            51.5651517
          ]
        ]
      },
      "id": "way/1416508296"
    },
    {
      "type": "Feature",
      "properties": {
        "@id": "way/1461848578",
        "electrified": "4th_rail",
        "frequency": "0",
        "gauge": "1435",
        "layer": "-4",
        "level": "-2",
        "line": "Victoria",
        "maxspeed": "62 mph",
        "name": "Victoria Line",
        "network": "London Underground",
        "network:wikidata": "Q20075",
        "oneway": "yes",
        "operator": "London Underground",
        "operator:wikidata": "Q20075",
        "railway": "subway",
        "start_date": "1971-07-23",
        "tunnel": "yes",
        "voltage": "630",
        "@relations": [
          {
            "role": "",
            "rel": 6354920,
            "reltags": {
              "bicycle:conditional": "no @ \"except folded bicycles\"",
              "brand": "Transport for London",
              "brand:wikidata": "Q682520",
              "colour": "#0a9cda",
              "from": "Brixton",
              "name": "Victoria line: Brixton → Walthamstow Central",
              "network": "London Underground",
              "network:wikidata": "Q20075",
              "network:wikipedia": "en:London Underground",
              "operator": "Transport for London",
              "operator:wikidata": "Q682520",
              "public_transport:version": "2",
              "ref": "Victoria",
              "ref:colour": "#0098D8",
              "ref:colour_bg": "white",
              "ref:colour_tx": "white",
              "route": "subway",
              "to": "Walthamstow Central",
              "type": "route",
              "wheelchair": "yes",
              "wikidata": "Q203030",
              "wikipedia": "en:Victoria line"
            }
          },
          {
            "role": "",
            "rel": 7672073,
            "reltags": {
              "bicycle:conditional": "no @ \"except folded bicycles\"",
              "brand": "Transport for London",
              "brand:wikidata": "Q682520",
              "colour": "#0a9cda",
              "from": "Brixton",
              "name": "Victoria line: Brixton → Seven Sisters",
              "network": "London Underground",
              "network:wikidata": "Q20075",
              "network:wikipedia": "en:London Underground",
              "operator": "Transport for London",
              "operator:wikidata": "Q682520",
              "public_transport:version": "2",
              "ref": "Victoria",
              "ref:colour": "#0098D8",
              "ref:colour_bg": "white",
              "ref:colour_tx": "white",
              "route": "subway",
              "to": "Seven Sisters",
              "type": "route",
              "wheelchair": "yes",
              "wikidata": "Q203030",
              "wikipedia": "en:Victoria line"
            }
          }
        ]
      },
      "geometry": {
        "type": "LineString",
        "coordinates": [
          [
            -0.1136141,
            51.4623466
          ],
          [
            -0.1147779,
            51.4625844
          ],
          [
            -0.1154612,
            51.4627201
          ],
          [
            -0.1157781,
            51.4627831
          ],
          [
            -0.1158493,
            51.4627972
          ],
          [
            -0.1167776,
            51.4629816
          ],
          [
            -0.1168597,
            51.4629979
          ],
          [
            -0.1170938,
            51.4630444
          ],
          [
            -0.1176894,
            51.4631627
          ],
          [
            -0.1187229,
            51.4633052
          ],
          [
            -0.119257,
            51.4634032
          ],
          [
            -0.1195529,
            51.4634568
          ],
          [
            -0.1199552,
            51.4635248
          ],
          [
            -0.1202909,
            51.4635917
          ],
          [
            -0.1204863,
            51.4636394
          ],
          [
            -0.1208759,
            51.4637498
          ],
          [
            -0.1210509,
            51.4637992
          ],
          [
            -0.1211693,
            51.4638356
          ],
          [
            -0.1212665,
            51.4638601
          ],
          [
            -0.1217005,
            51.4640217
          ],
          [
            -0.121961,
            51.464121
          ],
          [
            -0.1224636,
            51.4643177
          ],
          [
            -0.1228867,
            51.4645135
          ],
          [
            -0.123236,
            51.4646857
          ],
          [
            -0.1239431,
            51.4651543
          ],
          [
            -0.1242804,
            51.465407
          ],
          [
            -0.1245999,
            51.4656952
          ],
          [
            -0.1249683,
            51.4660871
          ],
          [
            -0.1250697,
            51.4662085
          ],
          [
            -0.1252623,
            51.4664884
          ],
          [
            -0.1254117,
            51.4667282
          ],
          [
            -0.1255491,
            51.4670015
          ],
          [
            -0.1256917,
            51.4674444
          ],
          [
            -0.1258014,
            51.4679003
          ],
          [
            -0.1258079,
            51.4680161
          ],
          [
            -0.1258081,
            51.46803
          ],
          [
            -0.125814,
            51.4684122
          ],
          [
            -0.1258039,
            51.4684308
          ],
          [
            -0.1257789,
            51.4688554
          ],
          [
            -0.1257394,
            51.4691998
          ],
          [
            -0.1256959,
            51.4694342
          ],
          [
            -0.1255615,
            51.4697004
          ],
          [
            -0.1254297,
            51.4699314
          ],
          [
            -0.1252671,
            51.4702165
          ],
          [
            -0.1252636,
            51.4702226
          ],
          [
            -0.1252575,
            51.4702288
          ],
          [
            -0.1251857,
            51.4703025
          ],
          [
            -0.1250846,
            51.4704061
          ],
          [
            -0.1240539,
            51.4712048
          ],
          [
            -0.1232026,
            51.4719112
          ],
          [
            -0.1228089,
            51.4724276
          ],
          [
            -0.1224765,
            51.4728988
          ],
          [
            -0.1222451,
            51.4731642
          ],
          [
            -0.1220531,
            51.4733711
          ],
          [
            -0.1218721,
            51.4735155
          ],
          [
            -0.1213529,
            51.4740167
          ],
          [
            -0.1210684,
            51.4742971
          ],
          [
            -0.1207095,
            51.4747169
          ],
          [
            -0.1205632,
            51.4749479
          ],
          [
            -0.1204695,
            51.4751219
          ],
          [
            -0.1204036,
            51.4752565
          ],
          [
            -0.1202958,
            51.4754817
          ],
          [
            -0.1201807,
            51.4757558
          ],
          [
            -0.1200742,
            51.4759513
          ],
          [
            -0.1200245,
            51.4761005
          ],
          [
            -0.1199464,
            51.4764156
          ],
          [
            -0.1199064,
            51.4767518
          ],
          [
            -0.1199032,
            51.4770298
          ],
          [
            -0.1199139,
            51.4772182
          ],
          [
            -0.1199615,
            51.4775328
          ],
          [
            -0.1200175,
            51.4777672
          ],
          [
            -0.1202446,
            51.4787019
          ],
          [
            -0.120501,
            51.4796085
          ],
          [
            -0.1207764,
            51.4806215
          ],
          [
            -0.1208972,
            51.4810877
          ],
          [
            -0.1210764,
            51.4818027
          ],
          [
            -0.1211822,
            51.4821788
          ],
          [
            -0.1212077,
            51.4822695
          ],
          [
            -0.1214017,
            51.4828382
          ],
          [
            -0.1216691,
            51.4834535
          ],
          [
            -0.1218939,
            51.483775
          ],
          [
            -0.1219775,
            51.4838903
          ],
          [
            -0.1220514,
            51.4839939
          ],
          [
            -0.1222135,
            51.4841973
          ],
          [
            -0.1225806,
            51.4846975
          ],
          [
            -0.1226666,
            51.4847273
          ],
          [
            -0.1230796,
            51.4849717
          ],
          [
            -0.12351,
            51.4852148
          ],
          [
            -0.1254704,
            51.4861505
          ],
          [
            -0.1261099,
            51.4864809
          ],
          [
            -0.1276667,
            51.4872567
          ],
          [
            -0.1285958,
            51.4877197
          ],
          [
            -0.129483,
            51.4880992
          ],
          [
            -0.1302772,
            51.4883418
          ],
          [
            -0.1311313,
            51.4885657
          ],
          [
            -0.1320079,
            51.4887686
          ],
          [
            -0.1329542,
            51.4888907
          ],
          [
            -0.1333116,
            51.4889244
          ],
          [
            -0.1333957,
            51.4889335
          ],
          [
            -0.1342788,
            51.4890061
          ],
          [
            -0.1362038,
            51.4891267
          ],
          [
            -0.1373914,
            51.4892301
          ],
          [
            -0.1382835,
            51.4893511
          ],
          [
            -0.1385621,
            51.4893958
          ],
          [
            -0.1393832,
            51.4895931
          ],
          [
            -0.1400192,
            51.4897829
          ],
          [
            -0.1407994,
            51.4900755
          ],
          [
            -0.1414628,
            51.4903893
          ],
          [
            -0.1417006,
            51.4905218
          ],
          [
            -0.1420341,
            51.4907432
          ],
          [
            -0.1425921,
            51.4911768
          ],
          [
            -0.1428383,
            51.491386
          ],
          [
            -0.143153,
            51.4916808
          ],
          [
            -0.1433404,
            51.4919166
          ],
          [
            -0.1437269,
            51.4925289
          ],
          [
            -0.1438185,
            51.4927082
          ],
          [
            -0.143933,
            51.4929579
          ],
          [
            -0.1440119,
            51.4931621
          ],
          [
            -0.1441467,
            51.4936013
          ],
          [
            -0.1440767,
            51.4943076
          ],
          [
            -0.1439564,
            51.494976
          ],
          [
            -0.1438601,
            51.4953449
          ],
          [
            -0.1436586,
            51.4958365
          ]
        ]
      },
      "id": "way/1461848578"
    },
    {
      "type": "Feature",
      "properties": {
        "@id": "way/1461849078",
        "electrified": "4th_rail",
        "frequency": "0",
        "gauge": "1435",
        "layer": "-4",
        "line": "Victoria",
        "loading_gauge": "deep-tube",
        "name": "Victoria Line",
        "network": "London Underground",
        "operator": "London Underground",
        "operator:wikidata": "Q20075",
        "railway": "subway",
        "start_date": "1968-09-01",
        "tunnel": "yes",
        "voltage": "630",
        "@relations": [
          {
            "role": "",
            "rel": 6354921,
            "reltags": {
              "bicycle:conditional": "no @ \"except folded bicycles\"",
              "brand": "Transport for London",
              "brand:wikidata": "Q682520",
              "colour": "#0a9cda",
              "from": "Walthamstow Central",
              "name": "Victoria line: Walthamstow Central → Brixton",
              "network": "London Underground",
              "network:wikidata": "Q20075",
              "network:wikipedia": "en:London Underground",
              "operator": "Transport for London",
              "operator:wikidata": "Q682520",
              "public_transport:version": "2",
              "ref": "Victoria",
              "ref:colour": "#0098D8",
              "ref:colour_bg": "white",
              "ref:colour_tx": "white",
              "route": "subway",
              "to": "Brixton",
              "type": "route",
              "wheelchair": "yes",
              "wikidata": "Q203030",
              "wikipedia": "en:Victoria line"
            }
          }
        ]
      },
      "geometry": {
        "type": "LineString",
        "coordinates": [
          [
            -0.0199245,
            51.582818
          ],
          [
            -0.0205988,
            51.582949
          ],
          [
            -0.0209383,
            51.5830256
          ]
        ]
      },
      "id": "way/1461849078"
    },
    {
      "type": "Feature",
      "properties": {
        "@id": "way/1486095645",
        "electrified": "4th_rail",
        "frequency": "0",
        "gauge": "1435",
        "layer": "-3",
        "level": "-2;-1",
        "line": "Victoria",
        "loading_gauge": "deep-tube",
        "maxspeed": "62 mph",
        "name": "Victoria Line",
        "network": "London Underground",
        "oneway": "yes",
        "operator": "London Underground",
        "operator:wikidata": "Q20075",
        "railway": "subway",
        "source:route:crompton_avenue": "http://www.islington.gov.uk/publicrecords/documents/Environment/Pdf/ldf_pack/Autumn_2011/Site_Allocations_PS_low_res.pdf",
        "start_date": "1968-09-01",
        "tunnel": "yes",
        "voltage": "630",
        "@relations": [
          {
            "role": "",
            "rel": 6354920,
            "reltags": {
              "bicycle:conditional": "no @ \"except folded bicycles\"",
              "brand": "Transport for London",
              "brand:wikidata": "Q682520",
              "colour": "#0a9cda",
              "from": "Brixton",
              "name": "Victoria line: Brixton → Walthamstow Central",
              "network": "London Underground",
              "network:wikidata": "Q20075",
              "network:wikipedia": "en:London Underground",
              "operator": "Transport for London",
              "operator:wikidata": "Q682520",
              "public_transport:version": "2",
              "ref": "Victoria",
              "ref:colour": "#0098D8",
              "ref:colour_bg": "white",
              "ref:colour_tx": "white",
              "route": "subway",
              "to": "Walthamstow Central",
              "type": "route",
              "wheelchair": "yes",
              "wikidata": "Q203030",
              "wikipedia": "en:Victoria line"
            }
          },
          {
            "role": "",
            "rel": 7672073,
            "reltags": {
              "bicycle:conditional": "no @ \"except folded bicycles\"",
              "brand": "Transport for London",
              "brand:wikidata": "Q682520",
              "colour": "#0a9cda",
              "from": "Brixton",
              "name": "Victoria line: Brixton → Seven Sisters",
              "network": "London Underground",
              "network:wikidata": "Q20075",
              "network:wikipedia": "en:London Underground",
              "operator": "Transport for London",
              "operator:wikidata": "Q682520",
              "public_transport:version": "2",
              "ref": "Victoria",
              "ref:colour": "#0098D8",
              "ref:colour_bg": "white",
              "ref:colour_tx": "white",
              "route": "subway",
              "to": "Seven Sisters",
              "type": "route",
              "wheelchair": "yes",
              "wikidata": "Q203030",
              "wikipedia": "en:Victoria line"
            }
          }
        ]
      },
      "geometry": {
        "type": "LineString",
        "coordinates": [
          [
            -0.1070818,
            51.561732
          ],
          [
            -0.1070585,
            51.5621283
          ],
          [
            -0.1069696,
            51.5628281
          ],
          [
            -0.1068041,
            51.5640293
          ]
        ]
      },
      "id": "way/1486095645"
    },
    {
      "type": "Feature",
      "properties": {
        "@id": "way/1486095647",
        "electrified": "4th_rail",
        "frequency": "0",
        "gauge": "1435",
        "layer": "-3",
        "level": "-2",
        "line": "Victoria",
        "loading_gauge": "deep-tube",
        "maxspeed": "62 mph",
        "name": "Victoria Line",
        "network": "London Underground",
        "oneway": "yes",
        "operator": "London Underground",
        "operator:wikidata": "Q20075",
        "railway": "subway",
        "source:route:crompton_avenue": "http://www.islington.gov.uk/publicrecords/documents/Environment/Pdf/ldf_pack/Autumn_2011/Site_Allocations_PS_low_res.pdf",
        "start_date": "1968-09-01",
        "tunnel": "yes",
        "voltage": "630",
        "@relations": [
          {
            "role": "",
            "rel": 6354920,
            "reltags": {
              "bicycle:conditional": "no @ \"except folded bicycles\"",
              "brand": "Transport for London",
              "brand:wikidata": "Q682520",
              "colour": "#0a9cda",
              "from": "Brixton",
              "name": "Victoria line: Brixton → Walthamstow Central",
              "network": "London Underground",
              "network:wikidata": "Q20075",
              "network:wikipedia": "en:London Underground",
              "operator": "Transport for London",
              "operator:wikidata": "Q682520",
              "public_transport:version": "2",
              "ref": "Victoria",
              "ref:colour": "#0098D8",
              "ref:colour_bg": "white",
              "ref:colour_tx": "white",
              "route": "subway",
              "to": "Walthamstow Central",
              "type": "route",
              "wheelchair": "yes",
              "wikidata": "Q203030",
              "wikipedia": "en:Victoria line"
            }
          },
          {
            "role": "",
            "rel": 7672073,
            "reltags": {
              "bicycle:conditional": "no @ \"except folded bicycles\"",
              "brand": "Transport for London",
              "brand:wikidata": "Q682520",
              "colour": "#0a9cda",
              "from": "Brixton",
              "name": "Victoria line: Brixton → Seven Sisters",
              "network": "London Underground",
              "network:wikidata": "Q20075",
              "network:wikipedia": "en:London Underground",
              "operator": "Transport for London",
              "operator:wikidata": "Q682520",
              "public_transport:version": "2",
              "ref": "Victoria",
              "ref:colour": "#0098D8",
              "ref:colour_bg": "white",
              "ref:colour_tx": "white",
              "route": "subway",
              "to": "Seven Sisters",
              "type": "route",
              "wheelchair": "yes",
              "wikidata": "Q203030",
              "wikipedia": "en:Victoria line"
            }
          }
        ]
      },
      "geometry": {
        "type": "LineString",
        "coordinates": [
          [
            -0.1069176,
            51.5592866
          ],
          [
            -0.1069087,
            51.5597586
          ],
          [
            -0.1069216,
            51.560856
          ],
          [
            -0.1069645,
            51.5611546
          ],
          [
            -0.1070672,
            51.5615674
          ],
          [
            -0.1070818,
            51.561732
          ]
        ]
      },
      "id": "way/1486095647"
    },
    {
      "type": "Feature",
      "properties": {
        "@id": "node/26267078",
        "name": "Seven Sisters",
        "network": "London Underground",
        "operator": "Transport for London",
        "public_transport": "stop_position",
        "railway": "stop",
        "subway": "yes",
        "@relations": [
          {
            "role": "stop",
            "rel": 6354921,
            "reltags": {
              "bicycle:conditional": "no @ \"except folded bicycles\"",
              "brand": "Transport for London",
              "brand:wikidata": "Q682520",
              "colour": "#0a9cda",
              "from": "Walthamstow Central",
              "name": "Victoria line: Walthamstow Central → Brixton",
              "network": "London Underground",
              "network:wikidata": "Q20075",
              "network:wikipedia": "en:London Underground",
              "operator": "Transport for London",
              "operator:wikidata": "Q682520",
              "public_transport:version": "2",
              "ref": "Victoria",
              "ref:colour": "#0098D8",
              "ref:colour_bg": "white",
              "ref:colour_tx": "white",
              "route": "subway",
              "to": "Brixton",
              "type": "route",
              "wheelchair": "yes",
              "wikidata": "Q203030",
              "wikipedia": "en:Victoria line"
            }
          },
          {
            "role": "stop",
            "rel": 7672072,
            "reltags": {
              "bicycle:conditional": "no @ \"except folded bicycles\"",
              "brand": "Transport for London",
              "brand:wikidata": "Q682520",
              "colour": "#0a9cda",
              "from": "Seven Sisters",
              "name": "Victoria line: Seven Sisters → Brixton",
              "network": "London Underground",
              "network:wikidata": "Q20075",
              "network:wikipedia": "en:London Underground",
              "operator": "Transport for London",
              "operator:wikidata": "Q682520",
              "public_transport:version": "2",
              "ref": "Victoria",
              "ref:colour": "#0098D8",
              "ref:colour_bg": "white",
              "ref:colour_tx": "white",
              "route": "subway",
              "to": "Brixton",
              "type": "route",
              "wheelchair": "yes",
              "wikidata": "Q203030",
              "wikipedia": "en:Victoria line"
            }
          }
        ]
      },
      "geometry": {
        "type": "Point",
        "coordinates": [
          -0.0741898,
          51.5824307
        ]
      },
      "id": "node/26267078"
    },
    {
      "type": "Feature",
      "properties": {
        "@id": "node/26631299",
        "name": "Green Park",
        "network": "London Underground",
        "network:wikidata": "Q20075",
        "operator": "London Underground",
        "public_transport": "stop_position",
        "railway": "stop",
        "subway": "yes",
        "wheelchair": "yes",
        "@relations": [
          {
            "role": "stop",
            "rel": 6354921,
            "reltags": {
              "bicycle:conditional": "no @ \"except folded bicycles\"",
              "brand": "Transport for London",
              "brand:wikidata": "Q682520",
              "colour": "#0a9cda",
              "from": "Walthamstow Central",
              "name": "Victoria line: Walthamstow Central → Brixton",
              "network": "London Underground",
              "network:wikidata": "Q20075",
              "network:wikipedia": "en:London Underground",
              "operator": "Transport for London",
              "operator:wikidata": "Q682520",
              "public_transport:version": "2",
              "ref": "Victoria",
              "ref:colour": "#0098D8",
              "ref:colour_bg": "white",
              "ref:colour_tx": "white",
              "route": "subway",
              "to": "Brixton",
              "type": "route",
              "wheelchair": "yes",
              "wikidata": "Q203030",
              "wikipedia": "en:Victoria line"
            }
          },
          {
            "role": "stop",
            "rel": 7672072,
            "reltags": {
              "bicycle:conditional": "no @ \"except folded bicycles\"",
              "brand": "Transport for London",
              "brand:wikidata": "Q682520",
              "colour": "#0a9cda",
              "from": "Seven Sisters",
              "name": "Victoria line: Seven Sisters → Brixton",
              "network": "London Underground",
              "network:wikidata": "Q20075",
              "network:wikipedia": "en:London Underground",
              "operator": "Transport for London",
              "operator:wikidata": "Q682520",
              "public_transport:version": "2",
              "ref": "Victoria",
              "ref:colour": "#0098D8",
              "ref:colour_bg": "white",
              "ref:colour_tx": "white",
              "route": "subway",
              "to": "Brixton",
              "type": "route",
              "wheelchair": "yes",
              "wikidata": "Q203030",
              "wikipedia": "en:Victoria line"
            }
          }
        ]
      },
      "geometry": {
        "type": "Point",
        "coordinates": [
          -0.1415305,
          51.505721
        ]
      },
      "id": "node/26631299"
    },
    {
      "type": "Feature",
      "properties": {
        "@id": "node/87553546",
        "name": "Tottenham Hale",
        "network": "London Underground",
        "operator": "Transport for London",
        "public_transport": "stop_position",
        "railway": "stop",
        "subway": "yes",
        "@relations": [
          {
            "role": "stop",
            "rel": 6354921,
            "reltags": {
              "bicycle:conditional": "no @ \"except folded bicycles\"",
              "brand": "Transport for London",
              "brand:wikidata": "Q682520",
              "colour": "#0a9cda",
              "from": "Walthamstow Central",
              "name": "Victoria line: Walthamstow Central → Brixton",
              "network": "London Underground",
              "network:wikidata": "Q20075",
              "network:wikipedia": "en:London Underground",
              "operator": "Transport for London",
              "operator:wikidata": "Q682520",
              "public_transport:version": "2",
              "ref": "Victoria",
              "ref:colour": "#0098D8",
              "ref:colour_bg": "white",
              "ref:colour_tx": "white",
              "route": "subway",
              "to": "Brixton",
              "type": "route",
              "wheelchair": "yes",
              "wikidata": "Q203030",
              "wikipedia": "en:Victoria line"
            }
          }
        ]
      },
      "geometry": {
        "type": "Point",
        "coordinates": [
          -0.0615895,
          51.5878702
        ]
      },
      "id": "node/87553546"
    },
    {
      "type": "Feature",
      "properties": {
        "@id": "node/182287268",
        "railway": "switch"
      },
      "geometry": {
        "type": "Point",
        "coordinates": [
          -0.0720425,
          51.5833671
        ]
      },
      "id": "node/182287268"
    },
    {
      "type": "Feature",
      "properties": {
        "@id": "node/186043714",
        "note": "Victoria Line sub-station"
      },
      "geometry": {
        "type": "Point",
        "coordinates": [
          -0.1056903,
          51.5529247
        ]
      },
      "id": "node/186043714"
    },
    {
      "type": "Feature",
      "properties": {
        "@id": "node/1263113380",
        "name": "Euston",
        "network": "London Underground",
        "operator": "London Underground",
        "public_transport": "stop_position",
        "railway": "stop",
        "subway": "yes",
        "@relations": [
          {
            "role": "stop",
            "rel": 6354921,
            "reltags": {
              "bicycle:conditional": "no @ \"except folded bicycles\"",
              "brand": "Transport for London",
              "brand:wikidata": "Q682520",
              "colour": "#0a9cda",
              "from": "Walthamstow Central",
              "name": "Victoria line: Walthamstow Central → Brixton",
              "network": "London Underground",
              "network:wikidata": "Q20075",
              "network:wikipedia": "en:London Underground",
              "operator": "Transport for London",
              "operator:wikidata": "Q682520",
              "public_transport:version": "2",
              "ref": "Victoria",
              "ref:colour": "#0098D8",
              "ref:colour_bg": "white",
              "ref:colour_tx": "white",
              "route": "subway",
              "to": "Brixton",
              "type": "route",
              "wheelchair": "yes",
              "wikidata": "Q203030",
              "wikipedia": "en:Victoria line"
            }
          },
          {
            "role": "stop",
            "rel": 7672072,
            "reltags": {
              "bicycle:conditional": "no @ \"except folded bicycles\"",
              "brand": "Transport for London",
              "brand:wikidata": "Q682520",
              "colour": "#0a9cda",
              "from": "Seven Sisters",
              "name": "Victoria line: Seven Sisters → Brixton",
              "network": "London Underground",
              "network:wikidata": "Q20075",
              "network:wikipedia": "en:London Underground",
              "operator": "Transport for London",
              "operator:wikidata": "Q682520",
              "public_transport:version": "2",
              "ref": "Victoria",
              "ref:colour": "#0098D8",
              "ref:colour_bg": "white",
              "ref:colour_tx": "white",
              "route": "subway",
              "to": "Brixton",
              "type": "route",
              "wheelchair": "yes",
              "wikidata": "Q203030",
              "wikipedia": "en:Victoria line"
            }
          }
        ]
      },
      "geometry": {
        "type": "Point",
        "coordinates": [
          -0.1327972,
          51.5284457
        ]
      },
      "id": "node/1263113380"
    },
    {
      "type": "Feature",
      "properties": {
        "@id": "node/1263113381",
        "name": "Euston",
        "network": "London Underground",
        "operator": "London Underground",
        "public_transport": "stop_position",
        "railway": "stop",
        "subway": "yes",
        "@relations": [
          {
            "role": "stop",
            "rel": 6354920,
            "reltags": {
              "bicycle:conditional": "no @ \"except folded bicycles\"",
              "brand": "Transport for London",
              "brand:wikidata": "Q682520",
              "colour": "#0a9cda",
              "from": "Brixton",
              "name": "Victoria line: Brixton → Walthamstow Central",
              "network": "London Underground",
              "network:wikidata": "Q20075",
              "network:wikipedia": "en:London Underground",
              "operator": "Transport for London",
              "operator:wikidata": "Q682520",
              "public_transport:version": "2",
              "ref": "Victoria",
              "ref:colour": "#0098D8",
              "ref:colour_bg": "white",
              "ref:colour_tx": "white",
              "route": "subway",
              "to": "Walthamstow Central",
              "type": "route",
              "wheelchair": "yes",
              "wikidata": "Q203030",
              "wikipedia": "en:Victoria line"
            }
          },
          {
            "role": "stop",
            "rel": 7672073,
            "reltags": {
              "bicycle:conditional": "no @ \"except folded bicycles\"",
              "brand": "Transport for London",
              "brand:wikidata": "Q682520",
              "colour": "#0a9cda",
              "from": "Brixton",
              "name": "Victoria line: Brixton → Seven Sisters",
              "network": "London Underground",
              "network:wikidata": "Q20075",
              "network:wikipedia": "en:London Underground",
              "operator": "Transport for London",
              "operator:wikidata": "Q682520",
              "public_transport:version": "2",
              "ref": "Victoria",
              "ref:colour": "#0098D8",
              "ref:colour_bg": "white",
              "ref:colour_tx": "white",
              "route": "subway",
              "to": "Seven Sisters",
              "type": "route",
              "wheelchair": "yes",
              "wikidata": "Q203030",
              "wikipedia": "en:Victoria line"
            }
          }
        ]
      },
      "geometry": {
        "type": "Point",
        "coordinates": [
          -0.1322216,
          51.5285438
        ]
      },
      "id": "node/1263113381"
    },
    {
      "type": "Feature",
      "properties": {
        "@id": "node/1577814240",
        "layer": "-3",
        "name": "King's Cross St Pancras",
        "name:ru": "Кингс-Кросс Сент-Панкрасс",
        "network": "London Underground",
        "operator": "London Underground",
        "public_transport": "stop_position",
        "railway": "stop",
        "subway": "yes",
        "@relations": [
          {
            "role": "stop",
            "rel": 6354920,
            "reltags": {
              "bicycle:conditional": "no @ \"except folded bicycles\"",
              "brand": "Transport for London",
              "brand:wikidata": "Q682520",
              "colour": "#0a9cda",
              "from": "Brixton",
              "name": "Victoria line: Brixton → Walthamstow Central",
              "network": "London Underground",
              "network:wikidata": "Q20075",
              "network:wikipedia": "en:London Underground",
              "operator": "Transport for London",
              "operator:wikidata": "Q682520",
              "public_transport:version": "2",
              "ref": "Victoria",
              "ref:colour": "#0098D8",
              "ref:colour_bg": "white",
              "ref:colour_tx": "white",
              "route": "subway",
              "to": "Walthamstow Central",
              "type": "route",
              "wheelchair": "yes",
              "wikidata": "Q203030",
              "wikipedia": "en:Victoria line"
            }
          },
          {
            "role": "stop",
            "rel": 7672073,
            "reltags": {
              "bicycle:conditional": "no @ \"except folded bicycles\"",
              "brand": "Transport for London",
              "brand:wikidata": "Q682520",
              "colour": "#0a9cda",
              "from": "Brixton",
              "name": "Victoria line: Brixton → Seven Sisters",
              "network": "London Underground",
              "network:wikidata": "Q20075",
              "network:wikipedia": "en:London Underground",
              "operator": "Transport for London",
              "operator:wikidata": "Q682520",
              "public_transport:version": "2",
              "ref": "Victoria",
              "ref:colour": "#0098D8",
              "ref:colour_bg": "white",
              "ref:colour_tx": "white",
              "route": "subway",
              "to": "Seven Sisters",
              "type": "route",
              "wheelchair": "yes",
              "wikidata": "Q203030",
              "wikipedia": "en:Victoria line"
            }
          }
        ]
      },
      "geometry": {
        "type": "Point",
        "coordinates": [
          -0.1216069,
          51.5309643
        ]
      },
      "id": "node/1577814240"
    },
    {
      "type": "Feature",
      "properties": {
        "@id": "node/1742756469",
        "name": "Oxford Circus",
        "network": "London Underground",
        "network:wikidata": "Q20075",
        "operator": "London Underground",
        "public_transport": "stop_position",
        "railway": "stop",
        "subway": "yes",
        "wikidata": "Q678791",
        "wikipedia": "en:Oxford Circus tube station",
        "@relations": [
          {
            "role": "stop",
            "rel": 6354921,
            "reltags": {
              "bicycle:conditional": "no @ \"except folded bicycles\"",
              "brand": "Transport for London",
              "brand:wikidata": "Q682520",
              "colour": "#0a9cda",
              "from": "Walthamstow Central",
              "name": "Victoria line: Walthamstow Central → Brixton",
              "network": "London Underground",
              "network:wikidata": "Q20075",
              "network:wikipedia": "en:London Underground",
              "operator": "Transport for London",
              "operator:wikidata": "Q682520",
              "public_transport:version": "2",
              "ref": "Victoria",
              "ref:colour": "#0098D8",
              "ref:colour_bg": "white",
              "ref:colour_tx": "white",
              "route": "subway",
              "to": "Brixton",
              "type": "route",
              "wheelchair": "yes",
              "wikidata": "Q203030",
              "wikipedia": "en:Victoria line"
            }
          },
          {
            "role": "stop",
            "rel": 7672072,
            "reltags": {
              "bicycle:conditional": "no @ \"except folded bicycles\"",
              "brand": "Transport for London",
              "brand:wikidata": "Q682520",
              "colour": "#0a9cda",
              "from": "Seven Sisters",
              "name": "Victoria line: Seven Sisters → Brixton",
              "network": "London Underground",
              "network:wikidata": "Q20075",
              "network:wikipedia": "en:London Underground",
              "operator": "Transport for London",
              "operator:wikidata": "Q682520",
              "public_transport:version": "2",
              "ref": "Victoria",
              "ref:colour": "#0098D8",
              "ref:colour_bg": "white",
              "ref:colour_tx": "white",
              "route": "subway",
              "to": "Brixton",
              "type": "route",
              "wheelchair": "yes",
              "wikidata": "Q203030",
              "wikipedia": "en:Victoria line"
            }
          }
        ]
      },
      "geometry": {
        "type": "Point",
        "coordinates": [
          -0.1417687,
          51.5156576
        ]
      },
      "id": "node/1742756469"
    },
    {
      "type": "Feature",
      "properties": {
        "@id": "node/1742756486",
        "name": "Oxford Circus",
        "network": "London Underground",
        "network:wikidata": "Q20075",
        "operator": "London Underground",
        "public_transport": "stop_position",
        "railway": "stop",
        "subway": "yes",
        "@relations": [
          {
            "role": "stop",
            "rel": 6354920,
            "reltags": {
              "bicycle:conditional": "no @ \"except folded bicycles\"",
              "brand": "Transport for London",
              "brand:wikidata": "Q682520",
              "colour": "#0a9cda",
              "from": "Brixton",
              "name": "Victoria line: Brixton → Walthamstow Central",
              "network": "London Underground",
              "network:wikidata": "Q20075",
              "network:wikipedia": "en:London Underground",
              "operator": "Transport for London",
              "operator:wikidata": "Q682520",
              "public_transport:version": "2",
              "ref": "Victoria",
              "ref:colour": "#0098D8",
              "ref:colour_bg": "white",
              "ref:colour_tx": "white",
              "route": "subway",
              "to": "Walthamstow Central",
              "type": "route",
              "wheelchair": "yes",
              "wikidata": "Q203030",
              "wikipedia": "en:Victoria line"
            }
          },
          {
            "role": "stop",
            "rel": 7672073,
            "reltags": {
              "bicycle:conditional": "no @ \"except folded bicycles\"",
              "brand": "Transport for London",
              "brand:wikidata": "Q682520",
              "colour": "#0a9cda",
              "from": "Brixton",
              "name": "Victoria line: Brixton → Seven Sisters",
              "network": "London Underground",
              "network:wikidata": "Q20075",
              "network:wikipedia": "en:London Underground",
              "operator": "Transport for London",
              "operator:wikidata": "Q682520",
              "public_transport:version": "2",
              "ref": "Victoria",
              "ref:colour": "#0098D8",
              "ref:colour_bg": "white",
              "ref:colour_tx": "white",
              "route": "subway",
              "to": "Seven Sisters",
              "type": "route",
              "wheelchair": "yes",
              "wikidata": "Q203030",
              "wikipedia": "en:Victoria line"
            }
          }
        ]
      },
      "geometry": {
        "type": "Point",
        "coordinates": [
          -0.1422817,
          51.515625
        ]
      },
      "id": "node/1742756486"
    },
    {
      "type": "Feature",
      "properties": {
        "@id": "node/1754713629",
        "layer": "-4",
        "name": "Victoria",
        "network": "London Underground",
        "network:wikidata": "Q20075",
        "operator": "London Underground",
        "public_transport": "stop_position",
        "railway": "stop",
        "ref": "3",
        "subway": "yes",
        "@relations": [
          {
            "role": "stop",
            "rel": 6354920,
            "reltags": {
              "bicycle:conditional": "no @ \"except folded bicycles\"",
              "brand": "Transport for London",
              "brand:wikidata": "Q682520",
              "colour": "#0a9cda",
              "from": "Brixton",
              "name": "Victoria line: Brixton → Walthamstow Central",
              "network": "London Underground",
              "network:wikidata": "Q20075",
              "network:wikipedia": "en:London Underground",
              "operator": "Transport for London",
              "operator:wikidata": "Q682520",
              "public_transport:version": "2",
              "ref": "Victoria",
              "ref:colour": "#0098D8",
              "ref:colour_bg": "white",
              "ref:colour_tx": "white",
              "route": "subway",
              "to": "Walthamstow Central",
              "type": "route",
              "wheelchair": "yes",
              "wikidata": "Q203030",
              "wikipedia": "en:Victoria line"
            }
          },
          {
            "role": "stop",
            "rel": 7672073,
            "reltags": {
              "bicycle:conditional": "no @ \"except folded bicycles\"",
              "brand": "Transport for London",
              "brand:wikidata": "Q682520",
              "colour": "#0a9cda",
              "from": "Brixton",
              "name": "Victoria line: Brixton → Seven Sisters",
              "network": "London Underground",
              "network:wikidata": "Q20075",
              "network:wikipedia": "en:London Underground",
              "operator": "Transport for London",
              "operator:wikidata": "Q682520",
              "public_transport:version": "2",
              "ref": "Victoria",
              "ref:colour": "#0098D8",
              "ref:colour_bg": "white",
              "ref:colour_tx": "white",
              "route": "subway",
              "to": "Seven Sisters",
              "type": "route",
              "wheelchair": "yes",
              "wikidata": "Q203030",
              "wikipedia": "en:Victoria line"
            }
          }
        ]
      },
      "geometry": {
        "type": "Point",
        "coordinates": [
          -0.1427545,
          51.4971415
        ]
      },
      "id": "node/1754713629"
    },
    {
      "type": "Feature",
      "properties": {
        "@id": "node/1754713662",
        "layer": "-4",
        "name": "Victoria",
        "network": "London Underground",
        "network:wikidata": "Q20075",
        "operator": "London Underground",
        "public_transport": "stop_position",
        "railway": "stop",
        "ref": "4",
        "subway": "yes",
        "@relations": [
          {
            "role": "stop",
            "rel": 6354921,
            "reltags": {
              "bicycle:conditional": "no @ \"except folded bicycles\"",
              "brand": "Transport for London",
              "brand:wikidata": "Q682520",
              "colour": "#0a9cda",
              "from": "Walthamstow Central",
              "name": "Victoria line: Walthamstow Central → Brixton",
              "network": "London Underground",
              "network:wikidata": "Q20075",
              "network:wikipedia": "en:London Underground",
              "operator": "Transport for London",
              "operator:wikidata": "Q682520",
              "public_transport:version": "2",
              "ref": "Victoria",
              "ref:colour": "#0098D8",
              "ref:colour_bg": "white",
              "ref:colour_tx": "white",
              "route": "subway",
              "to": "Brixton",
              "type": "route",
              "wheelchair": "yes",
              "wikidata": "Q203030",
              "wikipedia": "en:Victoria line"
            }
          },
          {
            "role": "stop",
            "rel": 7672072,
            "reltags": {
              "bicycle:conditional": "no @ \"except folded bicycles\"",
              "brand": "Transport for London",
              "brand:wikidata": "Q682520",
              "colour": "#0a9cda",
              "from": "Seven Sisters",
              "name": "Victoria line: Seven Sisters → Brixton",
              "network": "London Underground",
              "network:wikidata": "Q20075",
              "network:wikipedia": "en:London Underground",
              "operator": "Transport for London",
              "operator:wikidata": "Q682520",
              "public_transport:version": "2",
              "ref": "Victoria",
              "ref:colour": "#0098D8",
              "ref:colour_bg": "white",
              "ref:colour_tx": "white",
              "route": "subway",
              "to": "Brixton",
              "type": "route",
              "wheelchair": "yes",
              "wikidata": "Q203030",
              "wikipedia": "en:Victoria line"
            }
          }
        ]
      },
      "geometry": {
        "type": "Point",
        "coordinates": [
          -0.1431893,
          51.4961348
        ]
      },
      "id": "node/1754713662"
    },
    {
      "type": "Feature",
      "properties": {
        "@id": "node/1754724824",
        "name": "Pimlico",
        "network": "London Underground",
        "network:wikidata": "Q20075",
        "operator": "Transport for London",
        "public_transport": "stop_position",
        "railway": "stop",
        "subway": "yes",
        "@relations": [
          {
            "role": "stop",
            "rel": 6354921,
            "reltags": {
              "bicycle:conditional": "no @ \"except folded bicycles\"",
              "brand": "Transport for London",
              "brand:wikidata": "Q682520",
              "colour": "#0a9cda",
              "from": "Walthamstow Central",
              "name": "Victoria line: Walthamstow Central → Brixton",
              "network": "London Underground",
              "network:wikidata": "Q20075",
              "network:wikipedia": "en:London Underground",
              "operator": "Transport for London",
              "operator:wikidata": "Q682520",
              "public_transport:version": "2",
              "ref": "Victoria",
              "ref:colour": "#0098D8",
              "ref:colour_bg": "white",
              "ref:colour_tx": "white",
              "route": "subway",
              "to": "Brixton",
              "type": "route",
              "wheelchair": "yes",
              "wikidata": "Q203030",
              "wikipedia": "en:Victoria line"
            }
          },
          {
            "role": "stop",
            "rel": 7672072,
            "reltags": {
              "bicycle:conditional": "no @ \"except folded bicycles\"",
              "brand": "Transport for London",
              "brand:wikidata": "Q682520",
              "colour": "#0a9cda",
              "from": "Seven Sisters",
              "name": "Victoria line: Seven Sisters → Brixton",
              "network": "London Underground",
              "network:wikidata": "Q20075",
              "network:wikipedia": "en:London Underground",
              "operator": "Transport for London",
              "operator:wikidata": "Q682520",
              "public_transport:version": "2",
              "ref": "Victoria",
              "ref:colour": "#0098D8",
              "ref:colour_bg": "white",
              "ref:colour_tx": "white",
              "route": "subway",
              "to": "Brixton",
              "type": "route",
              "wheelchair": "yes",
              "wikidata": "Q203030",
              "wikipedia": "en:Victoria line"
            }
          }
        ]
      },
      "geometry": {
        "type": "Point",
        "coordinates": [
          -0.134254,
          51.4892267
        ]
      },
      "id": "node/1754724824"
    },
    {
      "type": "Feature",
      "properties": {
        "@id": "node/1781547362",
        "name": "Green Park",
        "network": "London Underground",
        "network:wikidata": "Q20075",
        "operator": "London Underground",
        "public_transport": "stop_position",
        "railway": "stop",
        "subway": "yes",
        "wheelchair": "yes",
        "@relations": [
          {
            "role": "stop",
            "rel": 6354920,
            "reltags": {
              "bicycle:conditional": "no @ \"except folded bicycles\"",
              "brand": "Transport for London",
              "brand:wikidata": "Q682520",
              "colour": "#0a9cda",
              "from": "Brixton",
              "name": "Victoria line: Brixton → Walthamstow Central",
              "network": "London Underground",
              "network:wikidata": "Q20075",
              "network:wikipedia": "en:London Underground",
              "operator": "Transport for London",
              "operator:wikidata": "Q682520",
              "public_transport:version": "2",
              "ref": "Victoria",
              "ref:colour": "#0098D8",
              "ref:colour_bg": "white",
              "ref:colour_tx": "white",
              "route": "subway",
              "to": "Walthamstow Central",
              "type": "route",
              "wheelchair": "yes",
              "wikidata": "Q203030",
              "wikipedia": "en:Victoria line"
            }
          },
          {
            "role": "stop",
            "rel": 7672073,
            "reltags": {
              "bicycle:conditional": "no @ \"except folded bicycles\"",
              "brand": "Transport for London",
              "brand:wikidata": "Q682520",
              "colour": "#0a9cda",
              "from": "Brixton",
              "name": "Victoria line: Brixton → Seven Sisters",
              "network": "London Underground",
              "network:wikidata": "Q20075",
              "network:wikipedia": "en:London Underground",
              "operator": "Transport for London",
              "operator:wikidata": "Q682520",
              "public_transport:version": "2",
              "ref": "Victoria",
              "ref:colour": "#0098D8",
              "ref:colour_bg": "white",
              "ref:colour_tx": "white",
              "route": "subway",
              "to": "Seven Sisters",
              "type": "route",
              "wheelchair": "yes",
              "wikidata": "Q203030",
              "wikipedia": "en:Victoria line"
            }
          }
        ]
      },
      "geometry": {
        "type": "Point",
        "coordinates": [
          -0.142581,
          51.5066493
        ]
      },
      "id": "node/1781547362"
    },
    {
      "type": "Feature",
      "properties": {
        "@id": "node/1781669415",
        "name": "Warren Street",
        "network": "London Underground",
        "operator": "London Underground",
        "public_transport": "stop_position",
        "railway": "stop",
        "subway": "yes",
        "wheelchair": "no",
        "@relations": [
          {
            "role": "stop",
            "rel": 6354920,
            "reltags": {
              "bicycle:conditional": "no @ \"except folded bicycles\"",
              "brand": "Transport for London",
              "brand:wikidata": "Q682520",
              "colour": "#0a9cda",
              "from": "Brixton",
              "name": "Victoria line: Brixton → Walthamstow Central",
              "network": "London Underground",
              "network:wikidata": "Q20075",
              "network:wikipedia": "en:London Underground",
              "operator": "Transport for London",
              "operator:wikidata": "Q682520",
              "public_transport:version": "2",
              "ref": "Victoria",
              "ref:colour": "#0098D8",
              "ref:colour_bg": "white",
              "ref:colour_tx": "white",
              "route": "subway",
              "to": "Walthamstow Central",
              "type": "route",
              "wheelchair": "yes",
              "wikidata": "Q203030",
              "wikipedia": "en:Victoria line"
            }
          },
          {
            "role": "stop",
            "rel": 7672073,
            "reltags": {
              "bicycle:conditional": "no @ \"except folded bicycles\"",
              "brand": "Transport for London",
              "brand:wikidata": "Q682520",
              "colour": "#0a9cda",
              "from": "Brixton",
              "name": "Victoria line: Brixton → Seven Sisters",
              "network": "London Underground",
              "network:wikidata": "Q20075",
              "network:wikipedia": "en:London Underground",
              "operator": "Transport for London",
              "operator:wikidata": "Q682520",
              "public_transport:version": "2",
              "ref": "Victoria",
              "ref:colour": "#0098D8",
              "ref:colour_bg": "white",
              "ref:colour_tx": "white",
              "route": "subway",
              "to": "Seven Sisters",
              "type": "route",
              "wheelchair": "yes",
              "wikidata": "Q203030",
              "wikipedia": "en:Victoria line"
            }
          }
        ]
      },
      "geometry": {
        "type": "Point",
        "coordinates": [
          -0.1388072,
          51.5244929
        ]
      },
      "id": "node/1781669415"
    },
    {
      "type": "Feature",
      "properties": {
        "@id": "node/1902426755",
        "name": "Tottenham Hale",
        "network": "London Underground",
        "operator": "Transport for London",
        "public_transport": "stop_position",
        "railway": "stop",
        "subway": "yes",
        "@relations": [
          {
            "role": "stop",
            "rel": 6354920,
            "reltags": {
              "bicycle:conditional": "no @ \"except folded bicycles\"",
              "brand": "Transport for London",
              "brand:wikidata": "Q682520",
              "colour": "#0a9cda",
              "from": "Brixton",
              "name": "Victoria line: Brixton → Walthamstow Central",
              "network": "London Underground",
              "network:wikidata": "Q20075",
              "network:wikipedia": "en:London Underground",
              "operator": "Transport for London",
              "operator:wikidata": "Q682520",
              "public_transport:version": "2",
              "ref": "Victoria",
              "ref:colour": "#0098D8",
              "ref:colour_bg": "white",
              "ref:colour_tx": "white",
              "route": "subway",
              "to": "Walthamstow Central",
              "type": "route",
              "wheelchair": "yes",
              "wikidata": "Q203030",
              "wikipedia": "en:Victoria line"
            }
          }
        ]
      },
      "geometry": {
        "type": "Point",
        "coordinates": [
          -0.0605173,
          51.5882722
        ]
      },
      "id": "node/1902426755"
    },
    {
      "type": "Feature",
      "properties": {
        "@id": "node/1902426793",
        "railway": "switch"
      },
      "geometry": {
        "type": "Point",
        "coordinates": [
          -0.0767917,
          51.5814729
        ]
      },
      "id": "node/1902426793"
    },
    {
      "type": "Feature",
      "properties": {
        "@id": "node/1902426806",
        "railway": "switch"
      },
      "geometry": {
        "type": "Point",
        "coordinates": [
          -0.070914,
          51.5842585
        ]
      },
      "id": "node/1902426806"
    },
    {
      "type": "Feature",
      "properties": {
        "@id": "node/2365989012",
        "name": "Brixton",
        "network": "London Underground",
        "network:wikidata": "Q20075",
        "operator": "Transport for London",
        "public_transport": "stop_position",
        "railway": "stop",
        "subway": "yes",
        "@relations": [
          {
            "role": "stop",
            "rel": 6354920,
            "reltags": {
              "bicycle:conditional": "no @ \"except folded bicycles\"",
              "brand": "Transport for London",
              "brand:wikidata": "Q682520",
              "colour": "#0a9cda",
              "from": "Brixton",
              "name": "Victoria line: Brixton → Walthamstow Central",
              "network": "London Underground",
              "network:wikidata": "Q20075",
              "network:wikipedia": "en:London Underground",
              "operator": "Transport for London",
              "operator:wikidata": "Q682520",
              "public_transport:version": "2",
              "ref": "Victoria",
              "ref:colour": "#0098D8",
              "ref:colour_bg": "white",
              "ref:colour_tx": "white",
              "route": "subway",
              "to": "Walthamstow Central",
              "type": "route",
              "wheelchair": "yes",
              "wikidata": "Q203030",
              "wikipedia": "en:Victoria line"
            }
          },
          {
            "role": "stop",
            "rel": 7672073,
            "reltags": {
              "bicycle:conditional": "no @ \"except folded bicycles\"",
              "brand": "Transport for London",
              "brand:wikidata": "Q682520",
              "colour": "#0a9cda",
              "from": "Brixton",
              "name": "Victoria line: Brixton → Seven Sisters",
              "network": "London Underground",
              "network:wikidata": "Q20075",
              "network:wikipedia": "en:London Underground",
              "operator": "Transport for London",
              "operator:wikidata": "Q682520",
              "public_transport:version": "2",
              "ref": "Victoria",
              "ref:colour": "#0098D8",
              "ref:colour_bg": "white",
              "ref:colour_tx": "white",
              "route": "subway",
              "to": "Seven Sisters",
              "type": "route",
              "wheelchair": "yes",
              "wikidata": "Q203030",
              "wikipedia": "en:Victoria line"
            }
          }
        ]
      },
      "geometry": {
        "type": "Point",
        "coordinates": [
          -0.1147779,
          51.4625844
        ]
      },
      "id": "node/2365989012"
    },
    {
      "type": "Feature",
      "properties": {
        "@id": "node/2365989013",
        "railway": "switch"
      },
      "geometry": {
        "type": "Point",
        "coordinates": [
          -0.1154612,
          51.4627201
        ]
      },
      "id": "node/2365989013"
    },
    {
      "type": "Feature",
      "properties": {
        "@id": "node/2365989014",
        "railway": "switch"
      },
      "geometry": {
        "type": "Point",
        "coordinates": [
          -0.1153906,
          51.4628298
        ]
      },
      "id": "node/2365989014"
    },
    {
      "type": "Feature",
      "properties": {
        "@id": "node/2365989015",
        "railway": "switch"
      },
      "geometry": {
        "type": "Point",
        "coordinates": [
          -0.1167776,
          51.4629816
        ]
      },
      "id": "node/2365989015"
    },
    {
      "type": "Feature",
      "properties": {
        "@id": "node/2365989016",
        "railway": "switch"
      },
      "geometry": {
        "type": "Point",
        "coordinates": [
          -0.1167001,
          51.463101
        ]
      },
      "id": "node/2365989016"
    },
    {
      "type": "Feature",
      "properties": {
        "@id": "node/2365989047",
        "name": "Vauxhall",
        "network": "London Underground",
        "network:wikidata": "Q20075",
        "operator": "Transport for London",
        "public_transport": "stop_position",
        "railway": "stop",
        "subway": "yes",
        "@relations": [
          {
            "role": "stop",
            "rel": 6354920,
            "reltags": {
              "bicycle:conditional": "no @ \"except folded bicycles\"",
              "brand": "Transport for London",
              "brand:wikidata": "Q682520",
              "colour": "#0a9cda",
              "from": "Brixton",
              "name": "Victoria line: Brixton → Walthamstow Central",
              "network": "London Underground",
              "network:wikidata": "Q20075",
              "network:wikipedia": "en:London Underground",
              "operator": "Transport for London",
              "operator:wikidata": "Q682520",
              "public_transport:version": "2",
              "ref": "Victoria",
              "ref:colour": "#0098D8",
              "ref:colour_bg": "white",
              "ref:colour_tx": "white",
              "route": "subway",
              "to": "Walthamstow Central",
              "type": "route",
              "wheelchair": "yes",
              "wikidata": "Q203030",
              "wikipedia": "en:Victoria line"
            }
          },
          {
            "role": "stop",
            "rel": 7672073,
            "reltags": {
              "bicycle:conditional": "no @ \"except folded bicycles\"",
              "brand": "Transport for London",
              "brand:wikidata": "Q682520",
              "colour": "#0a9cda",
              "from": "Brixton",
              "name": "Victoria line: Brixton → Seven Sisters",
              "network": "London Underground",
              "network:wikidata": "Q20075",
              "network:wikipedia": "en:London Underground",
              "operator": "Transport for London",
              "operator:wikidata": "Q682520",
              "public_transport:version": "2",
              "ref": "Victoria",
              "ref:colour": "#0098D8",
              "ref:colour_bg": "white",
              "ref:colour_tx": "white",
              "route": "subway",
              "to": "Seven Sisters",
              "type": "route",
              "wheelchair": "yes",
              "wikidata": "Q203030",
              "wikipedia": "en:Victoria line"
            }
          }
        ]
      },
      "geometry": {
        "type": "Point",
        "coordinates": [
          -0.1254704,
          51.4861505
        ]
      },
      "id": "node/2365989047"
    },
    {
      "type": "Feature",
      "properties": {
        "@id": "node/2365989055",
        "name": "Pimlico",
        "network": "London Underground",
        "network:wikidata": "Q20075",
        "operator": "Transport for London",
        "public_transport": "stop_position",
        "railway": "stop",
        "subway": "yes",
        "@relations": [
          {
            "role": "stop",
            "rel": 6354920,
            "reltags": {
              "bicycle:conditional": "no @ \"except folded bicycles\"",
              "brand": "Transport for London",
              "brand:wikidata": "Q682520",
              "colour": "#0a9cda",
              "from": "Brixton",
              "name": "Victoria line: Brixton → Walthamstow Central",
              "network": "London Underground",
              "network:wikidata": "Q20075",
              "network:wikipedia": "en:London Underground",
              "operator": "Transport for London",
              "operator:wikidata": "Q682520",
              "public_transport:version": "2",
              "ref": "Victoria",
              "ref:colour": "#0098D8",
              "ref:colour_bg": "white",
              "ref:colour_tx": "white",
              "route": "subway",
              "to": "Walthamstow Central",
              "type": "route",
              "wheelchair": "yes",
              "wikidata": "Q203030",
              "wikipedia": "en:Victoria line"
            }
          },
          {
            "role": "stop",
            "rel": 7672073,
            "reltags": {
              "bicycle:conditional": "no @ \"except folded bicycles\"",
              "brand": "Transport for London",
              "brand:wikidata": "Q682520",
              "colour": "#0a9cda",
              "from": "Brixton",
              "name": "Victoria line: Brixton → Seven Sisters",
              "network": "London Underground",
              "network:wikidata": "Q20075",
              "network:wikipedia": "en:London Underground",
              "operator": "Transport for London",
              "operator:wikidata": "Q682520",
              "public_transport:version": "2",
              "ref": "Victoria",
              "ref:colour": "#0098D8",
              "ref:colour_bg": "white",
              "ref:colour_tx": "white",
              "route": "subway",
              "to": "Seven Sisters",
              "type": "route",
              "wheelchair": "yes",
              "wikidata": "Q203030",
              "wikipedia": "en:Victoria line"
            }
          }
        ]
      },
      "geometry": {
        "type": "Point",
        "coordinates": [
          -0.1362038,
          51.4891267
        ]
      },
      "id": "node/2365989055"
    },
    {
      "type": "Feature",
      "properties": {
        "@id": "node/2365989150",
        "name": "Walthamstow Central",
        "network": "London Underground",
        "operator": "London Underground",
        "public_transport": "stop_position",
        "railway": "stop",
        "ref": "1",
        "subway": "yes",
        "@relations": [
          {
            "role": "stop",
            "rel": 6354920,
            "reltags": {
              "bicycle:conditional": "no @ \"except folded bicycles\"",
              "brand": "Transport for London",
              "brand:wikidata": "Q682520",
              "colour": "#0a9cda",
              "from": "Brixton",
              "name": "Victoria line: Brixton → Walthamstow Central",
              "network": "London Underground",
              "network:wikidata": "Q20075",
              "network:wikipedia": "en:London Underground",
              "operator": "Transport for London",
              "operator:wikidata": "Q682520",
              "public_transport:version": "2",
              "ref": "Victoria",
              "ref:colour": "#0098D8",
              "ref:colour_bg": "white",
              "ref:colour_tx": "white",
              "route": "subway",
              "to": "Walthamstow Central",
              "type": "route",
              "wheelchair": "yes",
              "wikidata": "Q203030",
              "wikipedia": "en:Victoria line"
            }
          }
        ]
      },
      "geometry": {
        "type": "Point",
        "coordinates": [
          -0.0199949,
          51.582941
        ]
      },
      "id": "node/2365989150"
    },
    {
      "type": "Feature",
      "properties": {
        "@id": "node/2365989166",
        "name": "Blackhorse Road station",
        "network": "London Underground",
        "operator": "Transport for London",
        "public_transport": "stop_position",
        "railway": "stop",
        "ref": "1",
        "subway": "yes",
        "@relations": [
          {
            "role": "stop",
            "rel": 6354920,
            "reltags": {
              "bicycle:conditional": "no @ \"except folded bicycles\"",
              "brand": "Transport for London",
              "brand:wikidata": "Q682520",
              "colour": "#0a9cda",
              "from": "Brixton",
              "name": "Victoria line: Brixton → Walthamstow Central",
              "network": "London Underground",
              "network:wikidata": "Q20075",
              "network:wikipedia": "en:London Underground",
              "operator": "Transport for London",
              "operator:wikidata": "Q682520",
              "public_transport:version": "2",
              "ref": "Victoria",
              "ref:colour": "#0098D8",
              "ref:colour_bg": "white",
              "ref:colour_tx": "white",
              "route": "subway",
              "to": "Walthamstow Central",
              "type": "route",
              "wheelchair": "yes",
              "wikidata": "Q203030",
              "wikipedia": "en:Victoria line"
            }
          }
        ]
      },
      "geometry": {
        "type": "Point",
        "coordinates": [
          -0.0412711,
          51.5869017
        ]
      },
      "id": "node/2365989166"
    },
    {
      "type": "Feature",
      "properties": {
        "@id": "node/2374470789",
        "name": "Highbury & Islington",
        "network": "London Underground",
        "operator": "Transport for London",
        "public_transport": "stop_position",
        "railway": "stop",
        "ref": "3",
        "subway": "yes",
        "@relations": [
          {
            "role": "stop",
            "rel": 6354920,
            "reltags": {
              "bicycle:conditional": "no @ \"except folded bicycles\"",
              "brand": "Transport for London",
              "brand:wikidata": "Q682520",
              "colour": "#0a9cda",
              "from": "Brixton",
              "name": "Victoria line: Brixton → Walthamstow Central",
              "network": "London Underground",
              "network:wikidata": "Q20075",
              "network:wikipedia": "en:London Underground",
              "operator": "Transport for London",
              "operator:wikidata": "Q682520",
              "public_transport:version": "2",
              "ref": "Victoria",
              "ref:colour": "#0098D8",
              "ref:colour_bg": "white",
              "ref:colour_tx": "white",
              "route": "subway",
              "to": "Walthamstow Central",
              "type": "route",
              "wheelchair": "yes",
              "wikidata": "Q203030",
              "wikipedia": "en:Victoria line"
            }
          },
          {
            "role": "stop",
            "rel": 7672073,
            "reltags": {
              "bicycle:conditional": "no @ \"except folded bicycles\"",
              "brand": "Transport for London",
              "brand:wikidata": "Q682520",
              "colour": "#0a9cda",
              "from": "Brixton",
              "name": "Victoria line: Brixton → Seven Sisters",
              "network": "London Underground",
              "network:wikidata": "Q20075",
              "network:wikipedia": "en:London Underground",
              "operator": "Transport for London",
              "operator:wikidata": "Q682520",
              "public_transport:version": "2",
              "ref": "Victoria",
              "ref:colour": "#0098D8",
              "ref:colour_bg": "white",
              "ref:colour_tx": "white",
              "route": "subway",
              "to": "Seven Sisters",
              "type": "route",
              "wheelchair": "yes",
              "wikidata": "Q203030",
              "wikipedia": "en:Victoria line"
            }
          }
        ]
      },
      "geometry": {
        "type": "Point",
        "coordinates": [
          -0.1039103,
          51.5475064
        ]
      },
      "id": "node/2374470789"
    },
    {
      "type": "Feature",
      "properties": {
        "@id": "node/2375368045",
        "name": "Highbury & Islington",
        "network": "London Underground",
        "operator": "Transport for London",
        "public_transport": "stop_position",
        "railway": "stop",
        "ref": "5",
        "subway": "yes",
        "@relations": [
          {
            "role": "stop",
            "rel": 6354921,
            "reltags": {
              "bicycle:conditional": "no @ \"except folded bicycles\"",
              "brand": "Transport for London",
              "brand:wikidata": "Q682520",
              "colour": "#0a9cda",
              "from": "Walthamstow Central",
              "name": "Victoria line: Walthamstow Central → Brixton",
              "network": "London Underground",
              "network:wikidata": "Q20075",
              "network:wikipedia": "en:London Underground",
              "operator": "Transport for London",
              "operator:wikidata": "Q682520",
              "public_transport:version": "2",
              "ref": "Victoria",
              "ref:colour": "#0098D8",
              "ref:colour_bg": "white",
              "ref:colour_tx": "white",
              "route": "subway",
              "to": "Brixton",
              "type": "route",
              "wheelchair": "yes",
              "wikidata": "Q203030",
              "wikipedia": "en:Victoria line"
            }
          },
          {
            "role": "stop",
            "rel": 7672072,
            "reltags": {
              "bicycle:conditional": "no @ \"except folded bicycles\"",
              "brand": "Transport for London",
              "brand:wikidata": "Q682520",
              "colour": "#0a9cda",
              "from": "Seven Sisters",
              "name": "Victoria line: Seven Sisters → Brixton",
              "network": "London Underground",
              "network:wikidata": "Q20075",
              "network:wikipedia": "en:London Underground",
              "operator": "Transport for London",
              "operator:wikidata": "Q682520",
              "public_transport:version": "2",
              "ref": "Victoria",
              "ref:colour": "#0098D8",
              "ref:colour_bg": "white",
              "ref:colour_tx": "white",
              "route": "subway",
              "to": "Brixton",
              "type": "route",
              "wheelchair": "yes",
              "wikidata": "Q203030",
              "wikipedia": "en:Victoria line"
            }
          }
        ]
      },
      "geometry": {
        "type": "Point",
        "coordinates": [
          -0.1032773,
          51.5468257
        ]
      },
      "id": "node/2375368045"
    },
    {
      "type": "Feature",
      "properties": {
        "@id": "node/2403974337",
        "name": "Seven Sisters",
        "network": "London Underground",
        "operator": "Transport for London",
        "public_transport": "stop_position",
        "railway": "stop",
        "subway": "yes",
        "@relations": [
          {
            "role": "stop",
            "rel": 6354920,
            "reltags": {
              "bicycle:conditional": "no @ \"except folded bicycles\"",
              "brand": "Transport for London",
              "brand:wikidata": "Q682520",
              "colour": "#0a9cda",
              "from": "Brixton",
              "name": "Victoria line: Brixton → Walthamstow Central",
              "network": "London Underground",
              "network:wikidata": "Q20075",
              "network:wikipedia": "en:London Underground",
              "operator": "Transport for London",
              "operator:wikidata": "Q682520",
              "public_transport:version": "2",
              "ref": "Victoria",
              "ref:colour": "#0098D8",
              "ref:colour_bg": "white",
              "ref:colour_tx": "white",
              "route": "subway",
              "to": "Walthamstow Central",
              "type": "route",
              "wheelchair": "yes",
              "wikidata": "Q203030",
              "wikipedia": "en:Victoria line"
            }
          },
          {
            "role": "stop",
            "rel": 7672073,
            "reltags": {
              "bicycle:conditional": "no @ \"except folded bicycles\"",
              "brand": "Transport for London",
              "brand:wikidata": "Q682520",
              "colour": "#0a9cda",
              "from": "Brixton",
              "name": "Victoria line: Brixton → Seven Sisters",
              "network": "London Underground",
              "network:wikidata": "Q20075",
              "network:wikipedia": "en:London Underground",
              "operator": "Transport for London",
              "operator:wikidata": "Q682520",
              "public_transport:version": "2",
              "ref": "Victoria",
              "ref:colour": "#0098D8",
              "ref:colour_bg": "white",
              "ref:colour_tx": "white",
              "route": "subway",
              "to": "Seven Sisters",
              "type": "route",
              "wheelchair": "yes",
              "wikidata": "Q203030",
              "wikipedia": "en:Victoria line"
            }
          }
        ]
      },
      "geometry": {
        "type": "Point",
        "coordinates": [
          -0.0727884,
          51.5834588
        ]
      },
      "id": "node/2403974337"
    },
    {
      "type": "Feature",
      "properties": {
        "@id": "node/3817850258",
        "name": "Vauxhall",
        "network": "London Underground",
        "network:wikidata": "Q20075",
        "operator": "Transport for London",
        "public_transport": "stop_position",
        "railway": "stop",
        "subway": "yes",
        "@relations": [
          {
            "role": "stop",
            "rel": 6354921,
            "reltags": {
              "bicycle:conditional": "no @ \"except folded bicycles\"",
              "brand": "Transport for London",
              "brand:wikidata": "Q682520",
              "colour": "#0a9cda",
              "from": "Walthamstow Central",
              "name": "Victoria line: Walthamstow Central → Brixton",
              "network": "London Underground",
              "network:wikidata": "Q20075",
              "network:wikipedia": "en:London Underground",
              "operator": "Transport for London",
              "operator:wikidata": "Q682520",
              "public_transport:version": "2",
              "ref": "Victoria",
              "ref:colour": "#0098D8",
              "ref:colour_bg": "white",
              "ref:colour_tx": "white",
              "route": "subway",
              "to": "Brixton",
              "type": "route",
              "wheelchair": "yes",
              "wikidata": "Q203030",
              "wikipedia": "en:Victoria line"
            }
          },
          {
            "role": "stop",
            "rel": 7672072,
            "reltags": {
              "bicycle:conditional": "no @ \"except folded bicycles\"",
              "brand": "Transport for London",
              "brand:wikidata": "Q682520",
              "colour": "#0a9cda",
              "from": "Seven Sisters",
              "name": "Victoria line: Seven Sisters → Brixton",
              "network": "London Underground",
              "network:wikidata": "Q20075",
              "network:wikipedia": "en:London Underground",
              "operator": "Transport for London",
              "operator:wikidata": "Q682520",
              "public_transport:version": "2",
              "ref": "Victoria",
              "ref:colour": "#0098D8",
              "ref:colour_bg": "white",
              "ref:colour_tx": "white",
              "route": "subway",
              "to": "Brixton",
              "type": "route",
              "wheelchair": "yes",
              "wikidata": "Q203030",
              "wikipedia": "en:Victoria line"
            }
          }
        ]
      },
      "geometry": {
        "type": "Point",
        "coordinates": [
          -0.1243434,
          51.4859279
        ]
      },
      "id": "node/3817850258"
    },
    {
      "type": "Feature",
      "properties": {
        "@id": "node/4264061863",
        "name": "Stockwell",
        "network": "London Underground",
        "network:wikidata": "Q20075",
        "operator": "Transport for London",
        "public_transport": "stop_position",
        "railway": "stop",
        "subway": "yes",
        "@relations": [
          {
            "role": "stop",
            "rel": 6354921,
            "reltags": {
              "bicycle:conditional": "no @ \"except folded bicycles\"",
              "brand": "Transport for London",
              "brand:wikidata": "Q682520",
              "colour": "#0a9cda",
              "from": "Walthamstow Central",
              "name": "Victoria line: Walthamstow Central → Brixton",
              "network": "London Underground",
              "network:wikidata": "Q20075",
              "network:wikipedia": "en:London Underground",
              "operator": "Transport for London",
              "operator:wikidata": "Q682520",
              "public_transport:version": "2",
              "ref": "Victoria",
              "ref:colour": "#0098D8",
              "ref:colour_bg": "white",
              "ref:colour_tx": "white",
              "route": "subway",
              "to": "Brixton",
              "type": "route",
              "wheelchair": "yes",
              "wikidata": "Q203030",
              "wikipedia": "en:Victoria line"
            }
          },
          {
            "role": "stop",
            "rel": 7672072,
            "reltags": {
              "bicycle:conditional": "no @ \"except folded bicycles\"",
              "brand": "Transport for London",
              "brand:wikidata": "Q682520",
              "colour": "#0a9cda",
              "from": "Seven Sisters",
              "name": "Victoria line: Seven Sisters → Brixton",
              "network": "London Underground",
              "network:wikidata": "Q20075",
              "network:wikipedia": "en:London Underground",
              "operator": "Transport for London",
              "operator:wikidata": "Q682520",
              "public_transport:version": "2",
              "ref": "Victoria",
              "ref:colour": "#0098D8",
              "ref:colour_bg": "white",
              "ref:colour_tx": "white",
              "route": "subway",
              "to": "Brixton",
              "type": "route",
              "wheelchair": "yes",
              "wikidata": "Q203030",
              "wikipedia": "en:Victoria line"
            }
          }
        ]
      },
      "geometry": {
        "type": "Point",
        "coordinates": [
          -0.1231678,
          51.471273
        ]
      },
      "id": "node/4264061863"
    },
    {
      "type": "Feature",
      "properties": {
        "@id": "node/4264061864",
        "name": "Stockwell",
        "network": "London Underground",
        "network:wikidata": "Q20075",
        "operator": "Transport for London",
        "public_transport": "stop_position",
        "railway": "stop",
        "subway": "yes",
        "@relations": [
          {
            "role": "stop",
            "rel": 6354920,
            "reltags": {
              "bicycle:conditional": "no @ \"except folded bicycles\"",
              "brand": "Transport for London",
              "brand:wikidata": "Q682520",
              "colour": "#0a9cda",
              "from": "Brixton",
              "name": "Victoria line: Brixton → Walthamstow Central",
              "network": "London Underground",
              "network:wikidata": "Q20075",
              "network:wikipedia": "en:London Underground",
              "operator": "Transport for London",
              "operator:wikidata": "Q682520",
              "public_transport:version": "2",
              "ref": "Victoria",
              "ref:colour": "#0098D8",
              "ref:colour_bg": "white",
              "ref:colour_tx": "white",
              "route": "subway",
              "to": "Walthamstow Central",
              "type": "route",
              "wheelchair": "yes",
              "wikidata": "Q203030",
              "wikipedia": "en:Victoria line"
            }
          },
          {
            "role": "stop",
            "rel": 7672073,
            "reltags": {
              "bicycle:conditional": "no @ \"except folded bicycles\"",
              "brand": "Transport for London",
              "brand:wikidata": "Q682520",
              "colour": "#0a9cda",
              "from": "Brixton",
              "name": "Victoria line: Brixton → Seven Sisters",
              "network": "London Underground",
              "network:wikidata": "Q20075",
              "network:wikipedia": "en:London Underground",
              "operator": "Transport for London",
              "operator:wikidata": "Q682520",
              "public_transport:version": "2",
              "ref": "Victoria",
              "ref:colour": "#0098D8",
              "ref:colour_bg": "white",
              "ref:colour_tx": "white",
              "route": "subway",
              "to": "Seven Sisters",
              "type": "route",
              "wheelchair": "yes",
              "wikidata": "Q203030",
              "wikipedia": "en:Victoria line"
            }
          }
        ]
      },
      "geometry": {
        "type": "Point",
        "coordinates": [
          -0.1232026,
          51.4719112
        ]
      },
      "id": "node/4264061864"
    },
    {
      "type": "Feature",
      "properties": {
        "@id": "node/4264062083",
        "name": "Finsbury Park",
        "network": "London Underground",
        "operator": "Transport for London",
        "public_transport": "stop_position",
        "railway": "stop",
        "subway": "yes",
        "@relations": [
          {
            "role": "stop",
            "rel": 6354920,
            "reltags": {
              "bicycle:conditional": "no @ \"except folded bicycles\"",
              "brand": "Transport for London",
              "brand:wikidata": "Q682520",
              "colour": "#0a9cda",
              "from": "Brixton",
              "name": "Victoria line: Brixton → Walthamstow Central",
              "network": "London Underground",
              "network:wikidata": "Q20075",
              "network:wikipedia": "en:London Underground",
              "operator": "Transport for London",
              "operator:wikidata": "Q682520",
              "public_transport:version": "2",
              "ref": "Victoria",
              "ref:colour": "#0098D8",
              "ref:colour_bg": "white",
              "ref:colour_tx": "white",
              "route": "subway",
              "to": "Walthamstow Central",
              "type": "route",
              "wheelchair": "yes",
              "wikidata": "Q203030",
              "wikipedia": "en:Victoria line"
            }
          },
          {
            "role": "stop",
            "rel": 7672073,
            "reltags": {
              "bicycle:conditional": "no @ \"except folded bicycles\"",
              "brand": "Transport for London",
              "brand:wikidata": "Q682520",
              "colour": "#0a9cda",
              "from": "Brixton",
              "name": "Victoria line: Brixton → Seven Sisters",
              "network": "London Underground",
              "network:wikidata": "Q20075",
              "network:wikipedia": "en:London Underground",
              "operator": "Transport for London",
              "operator:wikidata": "Q682520",
              "public_transport:version": "2",
              "ref": "Victoria",
              "ref:colour": "#0098D8",
              "ref:colour_bg": "white",
              "ref:colour_tx": "white",
              "route": "subway",
              "to": "Seven Sisters",
              "type": "route",
              "wheelchair": "yes",
              "wikidata": "Q203030",
              "wikipedia": "en:Victoria line"
            }
          }
        ]
      },
      "geometry": {
        "type": "Point",
        "coordinates": [
          -0.1066341,
          51.5650907
        ]
      },
      "id": "node/4264062083"
    },
    {
      "type": "Feature",
      "properties": {
        "@id": "node/4264069015",
        "name": "Finsbury Park",
        "network": "London Underground",
        "operator": "Transport for London",
        "public_transport": "stop_position",
        "railway": "stop",
        "subway": "yes",
        "@relations": [
          {
            "role": "stop",
            "rel": 6354921,
            "reltags": {
              "bicycle:conditional": "no @ \"except folded bicycles\"",
              "brand": "Transport for London",
              "brand:wikidata": "Q682520",
              "colour": "#0a9cda",
              "from": "Walthamstow Central",
              "name": "Victoria line: Walthamstow Central → Brixton",
              "network": "London Underground",
              "network:wikidata": "Q20075",
              "network:wikipedia": "en:London Underground",
              "operator": "Transport for London",
              "operator:wikidata": "Q682520",
              "public_transport:version": "2",
              "ref": "Victoria",
              "ref:colour": "#0098D8",
              "ref:colour_bg": "white",
              "ref:colour_tx": "white",
              "route": "subway",
              "to": "Brixton",
              "type": "route",
              "wheelchair": "yes",
              "wikidata": "Q203030",
              "wikipedia": "en:Victoria line"
            }
          },
          {
            "role": "stop",
            "rel": 7672072,
            "reltags": {
              "bicycle:conditional": "no @ \"except folded bicycles\"",
              "brand": "Transport for London",
              "brand:wikidata": "Q682520",
              "colour": "#0a9cda",
              "from": "Seven Sisters",
              "name": "Victoria line: Seven Sisters → Brixton",
              "network": "London Underground",
              "network:wikidata": "Q20075",
              "network:wikipedia": "en:London Underground",
              "operator": "Transport for London",
              "operator:wikidata": "Q682520",
              "public_transport:version": "2",
              "ref": "Victoria",
              "ref:colour": "#0098D8",
              "ref:colour_bg": "white",
              "ref:colour_tx": "white",
              "route": "subway",
              "to": "Brixton",
              "type": "route",
              "wheelchair": "yes",
              "wikidata": "Q203030",
              "wikipedia": "en:Victoria line"
            }
          }
        ]
      },
      "geometry": {
        "type": "Point",
        "coordinates": [
          -0.1064254,
          51.5640679
        ]
      },
      "id": "node/4264069015"
    },
    {
      "type": "Feature",
      "properties": {
        "@id": "node/4272748889",
        "name": "Warren Street",
        "network": "London Underground",
        "operator": "London Underground",
        "public_transport": "stop_position",
        "railway": "stop",
        "subway": "yes",
        "wheelchair": "no",
        "@relations": [
          {
            "role": "stop",
            "rel": 6354921,
            "reltags": {
              "bicycle:conditional": "no @ \"except folded bicycles\"",
              "brand": "Transport for London",
              "brand:wikidata": "Q682520",
              "colour": "#0a9cda",
              "from": "Walthamstow Central",
              "name": "Victoria line: Walthamstow Central → Brixton",
              "network": "London Underground",
              "network:wikidata": "Q20075",
              "network:wikipedia": "en:London Underground",
              "operator": "Transport for London",
              "operator:wikidata": "Q682520",
              "public_transport:version": "2",
              "ref": "Victoria",
              "ref:colour": "#0098D8",
              "ref:colour_bg": "white",
              "ref:colour_tx": "white",
              "route": "subway",
              "to": "Brixton",
              "type": "route",
              "wheelchair": "yes",
              "wikidata": "Q203030",
              "wikipedia": "en:Victoria line"
            }
          },
          {
            "role": "stop",
            "rel": 7672072,
            "reltags": {
              "bicycle:conditional": "no @ \"except folded bicycles\"",
              "brand": "Transport for London",
              "brand:wikidata": "Q682520",
              "colour": "#0a9cda",
              "from": "Seven Sisters",
              "name": "Victoria line: Seven Sisters → Brixton",
              "network": "London Underground",
              "network:wikidata": "Q20075",
              "network:wikipedia": "en:London Underground",
              "operator": "Transport for London",
              "operator:wikidata": "Q682520",
              "public_transport:version": "2",
              "ref": "Victoria",
              "ref:colour": "#0098D8",
              "ref:colour_bg": "white",
              "ref:colour_tx": "white",
              "route": "subway",
              "to": "Brixton",
              "type": "route",
              "wheelchair": "yes",
              "wikidata": "Q203030",
              "wikipedia": "en:Victoria line"
            }
          }
        ]
      },
      "geometry": {
        "type": "Point",
        "coordinates": [
          -0.1390144,
          51.5245087
        ]
      },
      "id": "node/4272748889"
    },
    {
      "type": "Feature",
      "properties": {
        "@id": "node/4272748890",
        "layer": "-3",
        "name": "King's Cross St Pancras",
        "name:ru": "Кингс-Кросс Сент-Панкрасс",
        "network": "London Underground",
        "operator": "London Underground",
        "public_transport": "stop_position",
        "railway": "stop",
        "subway": "yes",
        "@relations": [
          {
            "role": "stop",
            "rel": 6354921,
            "reltags": {
              "bicycle:conditional": "no @ \"except folded bicycles\"",
              "brand": "Transport for London",
              "brand:wikidata": "Q682520",
              "colour": "#0a9cda",
              "from": "Walthamstow Central",
              "name": "Victoria line: Walthamstow Central → Brixton",
              "network": "London Underground",
              "network:wikidata": "Q20075",
              "network:wikipedia": "en:London Underground",
              "operator": "Transport for London",
              "operator:wikidata": "Q682520",
              "public_transport:version": "2",
              "ref": "Victoria",
              "ref:colour": "#0098D8",
              "ref:colour_bg": "white",
              "ref:colour_tx": "white",
              "route": "subway",
              "to": "Brixton",
              "type": "route",
              "wheelchair": "yes",
              "wikidata": "Q203030",
              "wikipedia": "en:Victoria line"
            }
          },
          {
            "role": "stop",
            "rel": 7672072,
            "reltags": {
              "bicycle:conditional": "no @ \"except folded bicycles\"",
              "brand": "Transport for London",
              "brand:wikidata": "Q682520",
              "colour": "#0a9cda",
              "from": "Seven Sisters",
              "name": "Victoria line: Seven Sisters → Brixton",
              "network": "London Underground",
              "network:wikidata": "Q20075",
              "network:wikipedia": "en:London Underground",
              "operator": "Transport for London",
              "operator:wikidata": "Q682520",
              "public_transport:version": "2",
              "ref": "Victoria",
              "ref:colour": "#0098D8",
              "ref:colour_bg": "white",
              "ref:colour_tx": "white",
              "route": "subway",
              "to": "Brixton",
              "type": "route",
              "wheelchair": "yes",
              "wikidata": "Q203030",
              "wikipedia": "en:Victoria line"
            }
          }
        ]
      },
      "geometry": {
        "type": "Point",
        "coordinates": [
          -0.121758,
          51.5311084
        ]
      },
      "id": "node/4272748890"
    },
    {
      "type": "Feature",
      "properties": {
        "@id": "node/5252083982",
        "name": "Walthamstow Central",
        "network": "London Underground",
        "operator": "London Underground",
        "public_transport": "stop_position",
        "railway": "stop",
        "ref": "2",
        "subway": "yes",
        "@relations": [
          {
            "role": "stop",
            "rel": 6354921,
            "reltags": {
              "bicycle:conditional": "no @ \"except folded bicycles\"",
              "brand": "Transport for London",
              "brand:wikidata": "Q682520",
              "colour": "#0a9cda",
              "from": "Walthamstow Central",
              "name": "Victoria line: Walthamstow Central → Brixton",
              "network": "London Underground",
              "network:wikidata": "Q20075",
              "network:wikipedia": "en:London Underground",
              "operator": "Transport for London",
              "operator:wikidata": "Q682520",
              "public_transport:version": "2",
              "ref": "Victoria",
              "ref:colour": "#0098D8",
              "ref:colour_bg": "white",
              "ref:colour_tx": "white",
              "route": "subway",
              "to": "Brixton",
              "type": "route",
              "wheelchair": "yes",
              "wikidata": "Q203030",
              "wikipedia": "en:Victoria line"
            }
          }
        ]
      },
      "geometry": {
        "type": "Point",
        "coordinates": [
          -0.0199245,
          51.582818
        ]
      },
      "id": "node/5252083982"
    },
    {
      "type": "Feature",
      "properties": {
        "@id": "node/5699330264",
        "name": "Brixton",
        "network": "London Underground",
        "network:wikidata": "Q20075",
        "operator": "Transport for London",
        "public_transport": "stop_position",
        "railway": "stop",
        "subway": "yes",
        "@relations": [
          {
            "role": "stop",
            "rel": 6354921,
            "reltags": {
              "bicycle:conditional": "no @ \"except folded bicycles\"",
              "brand": "Transport for London",
              "brand:wikidata": "Q682520",
              "colour": "#0a9cda",
              "from": "Walthamstow Central",
              "name": "Victoria line: Walthamstow Central → Brixton",
              "network": "London Underground",
              "network:wikidata": "Q20075",
              "network:wikipedia": "en:London Underground",
              "operator": "Transport for London",
              "operator:wikidata": "Q682520",
              "public_transport:version": "2",
              "ref": "Victoria",
              "ref:colour": "#0098D8",
              "ref:colour_bg": "white",
              "ref:colour_tx": "white",
              "route": "subway",
              "to": "Brixton",
              "type": "route",
              "wheelchair": "yes",
              "wikidata": "Q203030",
              "wikipedia": "en:Victoria line"
            }
          },
          {
            "role": "stop",
            "rel": 7672072,
            "reltags": {
              "bicycle:conditional": "no @ \"except folded bicycles\"",
              "brand": "Transport for London",
              "brand:wikidata": "Q682520",
              "colour": "#0a9cda",
              "from": "Seven Sisters",
              "name": "Victoria line: Seven Sisters → Brixton",
              "network": "London Underground",
              "network:wikidata": "Q20075",
              "network:wikipedia": "en:London Underground",
              "operator": "Transport for London",
              "operator:wikidata": "Q682520",
              "public_transport:version": "2",
              "ref": "Victoria",
              "ref:colour": "#0098D8",
              "ref:colour_bg": "white",
              "ref:colour_tx": "white",
              "route": "subway",
              "to": "Brixton",
              "type": "route",
              "wheelchair": "yes",
              "wikidata": "Q203030",
              "wikipedia": "en:Victoria line"
            }
          }
        ]
      },
      "geometry": {
        "type": "Point",
        "coordinates": [
          -0.1146311,
          51.4626748
        ]
      },
      "id": "node/5699330264"
    },
    {
      "type": "Feature",
      "properties": {
        "@id": "node/7849929286",
        "name": "Blackhorse Road",
        "network": "London Underground",
        "operator": "Transport for London",
        "public_transport": "stop_position",
        "railway": "stop",
        "ref": "2",
        "subway": "yes",
        "@relations": [
          {
            "role": "stop",
            "rel": 6354921,
            "reltags": {
              "bicycle:conditional": "no @ \"except folded bicycles\"",
              "brand": "Transport for London",
              "brand:wikidata": "Q682520",
              "colour": "#0a9cda",
              "from": "Walthamstow Central",
              "name": "Victoria line: Walthamstow Central → Brixton",
              "network": "London Underground",
              "network:wikidata": "Q20075",
              "network:wikipedia": "en:London Underground",
              "operator": "Transport for London",
              "operator:wikidata": "Q682520",
              "public_transport:version": "2",
              "ref": "Victoria",
              "ref:colour": "#0098D8",
              "ref:colour_bg": "white",
              "ref:colour_tx": "white",
              "route": "subway",
              "to": "Brixton",
              "type": "route",
              "wheelchair": "yes",
              "wikidata": "Q203030",
              "wikipedia": "en:Victoria line"
            }
          }
        ]
      },
      "geometry": {
        "type": "Point",
        "coordinates": [
          -0.0429679,
          51.5868186
        ]
      },
      "id": "node/7849929286"
    },
    {
      "type": "Feature",
      "properties": {
        "@id": "node/13451029329",
        "railway": "switch"
      },
      "geometry": {
        "type": "Point",
        "coordinates": [
          -0.1202915,
          51.5314053
        ]
      },
      "id": "node/13451029329"
    },
    {
      "type": "Feature",
      "properties": {
        "@id": "node/13451029332",
        "railway": "switch"
      },
      "geometry": {
        "type": "Point",
        "coordinates": [
          -0.1203976,
          51.5315338
        ]
      },
      "id": "node/13451029332"
    }
  ]
}