{"type":"FeatureCollection", "features": [
{"type":"Feature","geometry":{"type":"Polygon","coordinates":[[[-94.9376662,34.5071887],[-94.8549095,34.5071753],[-94.6805804,34.5073677],[-94.4962988,34.5072969],[-94.4611864,34.5074415],[-94.457443,34.6377025],[-94.4530328,34.7726035],[-94.4496005,34.8750429],[-94.4453989,34.9982415],[-94.439509,35.171807],[-94.4355398,35.2787],[-94.4322194,35.3644532],[-94.432663,35.3849016],[-94.4344639,35.3897628],[-94.4409859,35.3837999],[-94.4505413,35.3805688],[-94.4620853,35.379782],[-94.464439,35.37672],[-94.478218,35.373753],[-94.484665,35.365093],[-94.479073,35.353146],[-94.48082,35.346882],[-94.49334,35.343315],[-94.499245,35.333038],[-94.495453,35.327225],[-94.483086,35.319828],[-94.47879,35.31255],[-94.480194,35.306252],[-94.487206,35.301991],[-94.496407,35.304897],[-94.509735,35.303936],[-94.515854,35.308502],[-94.535477,35.304779],[-94.548218,35.307045],[-94.555672,35.311146],[-94.57254,35.327927],[-94.595802,35.32756],[-94.605362,35.320118],[-94.611443,35.307198],[-94.616951,35.302193],[-94.633728,35.293007],[-94.655197,35.290417],[-94.665939,35.293621],[-94.676277,35.302631],[-94.680092,35.321892],[-94.686073,35.328556],[-94.702606,35.332058],[-94.711281,35.337269],[-94.722771,35.34845],[-94.733978,35.354321],[-94.752563,35.356331],[-94.770683,35.355663],[-94.784264,35.345764],[-94.791138,35.330223],[-94.802498,35.324444],[-94.8141719,35.3231767],[-94.8142645,35.2023123],[-94.9279236,35.2026292],[-94.9277774,35.0582533],[-94.927567,34.9420993],[-94.9981335,34.9420056],[-94.9977605,34.8549639],[-95.0594781,34.8550109],[-95.0599652,34.680855],[-94.9375954,34.6806414],[-94.9376662,34.5071887]]]},"properties":{"@id":"relation/373441","admin_level":"6","border_type":"county","boundary":"administrative","name":"LeFlore County","nist:fips_code":"40079","nist:state_fips":"40","place":"county","population":"49605","type":"boundary","wikidata":"Q495944","wikipedia":"en:LeFlore County, Oklahoma"},"id":"relation/373441"},
{"type":"Feature","geometry":{"type":"Polygon","coordinates":[[[-102.028207,36.993125],[-102.2082823,36.9937961],[-102.2627193,36.9948323],[-102.2988157,36.9946196],[-102.3980966,36.9945829],[-102.4436571,36.9949223],[-102.5516879,36.9948503],[-102.6981681,36.9951217],[-102.7420266,36.9975842],[-102.7593634,37.0000099],[-102.7780889,36.9992804],[-102.7961937,37.0000108],[-102.9856526,36.9986218],[-103.0024413,37.0000868],[-103.0022525,36.8519863],[-103.0022266,36.7037905],[-103.0024412,36.5450784],[-103.0024228,36.5003737],[-102.7826698,36.5004181],[-102.6385879,36.5004045],[-102.2812058,36.5003701],[-102.1626819,36.5002239],[-102.0322724,36.5002776],[-102.0320743,36.6461055],[-102.0315803,36.7477623],[-102.0318352,36.8492545],[-102.0280952,36.8492365],[-102.028207,36.993125]]]},"properties":{"@id":"relation/1411403","admin_level":"6","attribution":"USGS 2001 County Boundary","border_type":"county","boundary":"administrative","name":"Cimarron County","nist:fips_code":"40025","nist:state_fips":"40","population":"2296","type":"boundary","wikidata":"Q485044","wikipedia":"en:Cimarron County, Oklahoma"},"id":"relation/1411403"},
{"type":"Feature","geometry":{"type":"Polygon","coordinates":[[[-94.7971456,36.1614743],[-94.797282,36.045191],[-94.7972546,35.900917],[-94.8074336,35.9008522],[-94.8073185,35.7836662],[-94.8077472,35.7256995],[-94.8074604,35.696557],[-94.8077327,35.6531632],[-94.8071742,35.6386014],[-94.693878,35.638668],[-94.593071,35.638138],[-94.4728205,35.6383308],[-94.491704,35.750943],[-94.503011,35.81721],[-94.507631,35.845901],[-94.517571,35.901866],[-94.5223596,35.9315535],[-94.5338573,35.9969174],[-94.547739,36.077424],[-94.5627309,36.1619002],[-94.697343,36.161625],[-94.746214,36.16162],[-94.755933,36.161192],[-94.7971456,36.1614743]]]},"properties":{"@id":"relation/1818399","admin_level":"6","attribution":"USGS 2001 County Boundary","border_type":"county","boundary":"administrative","name":"Adair County","nist:fips_code":"40001","nist:state_fips":"40","population":"22004","source":"county_import_v0.1_20080508235502","type":"boundary","wikidata":"Q346959","wikipedia":"en:Adair County, Oklahoma"},"id":"relation/1818399"},
{"type":"Feature","geometry":{"type":"Polygon","coordinates":[[[-94.7971456,36.1614743],[-94.755933,36.161192],[-94.746214,36.16162],[-94.697343,36.161625],[-94.5627309,36.1619002],[-94.5799777,36.2621188],[-94.593397,36.345742],[-94.601984,36.40212],[-94.605408,36.421949],[-94.61383,36.476248],[-94.6178753,36.4995],[-94.6177313,36.6305093],[-94.6179498,36.6678242],[-94.779411,36.6676894],[-94.7823002,36.6705038],[-94.8903877,36.6704802],[-94.9993817,36.6707369],[-94.9994419,36.5980389],[-95.0056924,36.5979983],[-95.0059103,36.5099415],[-95.0055829,36.3750786],[-95.0058184,36.3509599],[-95.00593,36.249609],[-95.0115032,36.2495629],[-95.0111439,36.1616762],[-94.7971456,36.1614743]]]},"properties":{"@id":"relation/1818409","admin_level":"6","attribution":"USGS 2001 County Boundary","border_type":"county","boundary":"administrative","name":"Delaware County","nist:fips_code":"40041","nist:state_fips":"40","population":"41459","source":"county_import_v0.1_20080508235502","type":"boundary","website":"https://delaware.okcounties.org/","wikidata":"Q484752","wikipedia":"en:Delaware County, Oklahoma"},"id":"relation/1818409"},
{"type":"Feature","geometry":{"type":"Polygon","coordinates":[[[-94.6179498,36.6678242],[-94.6183706,36.7664877],[-94.6183613,36.84979],[-94.6179515,36.9985962],[-94.7496856,36.9986796],[-94.840926,36.998833],[-95.0076567,36.9994481],[-95.0158885,36.9945639],[-95.0212103,36.9955839],[-95.0342737,36.9940042],[-95.034467,36.9860529],[-95.0319783,36.9809514],[-95.036315,36.9735726],[-95.0310254,36.9728461],[-95.0280644,36.96655],[-95.0223434,36.9612911],[-95.007256,36.953876],[-94.9991829,36.9519811],[-94.9993072,36.8171256],[-94.9993817,36.6707369],[-94.8903877,36.6704802],[-94.7823002,36.6705038],[-94.779411,36.6676894],[-94.6179498,36.6678242]]]},"properties":{"@id":"relation/1818424","admin_level":"6","attribution":"USGS 2001 County Boundary","border_type":"county","boundary":"administrative","name":"Ottawa County","nist:fips_code":"40115","nist:state_fips":"40","population":"31981","source":"county_import_v0.1_20080508235502","type":"boundary","website":"https://ottawa.okcounties.org/","wikidata":"Q495564","wikipedia":"en:Ottawa County, Oklahoma"},"id":"relation/1818424"},
{"type":"Feature","geometry":{"type":"Polygon","coordinates":[[[-98.1116574,36.9980542],[-98.237712,36.997972],[-98.347149,36.998155],[-98.408991,36.998513],[-98.5446921,36.9988625],[-98.5449316,36.9423197],[-98.5402369,36.9423125],[-98.5401593,36.8263513],[-98.5405444,36.7251619],[-98.5406402,36.5942832],[-98.5334539,36.5942793],[-98.5331695,36.5148465],[-98.5335136,36.4633738],[-98.3543951,36.4633758],[-98.3007417,36.463501],[-98.1044748,36.4631934],[-98.1043562,36.5935228],[-98.1093487,36.5935084],[-98.1095503,36.6589114],[-98.1102343,36.7493751],[-98.1095566,36.8548876],[-98.1096489,36.9420629],[-98.1112443,36.9419772],[-98.1116574,36.9980542]]]},"properties":{"@id":"relation/1820055","admin_level":"6","attribution":"USGS 2001 County Boundary","border_type":"county","boundary":"administrative","name":"Alfalfa County","nist:fips_code":"40003","nist:state_fips":"40","source":"county_import_v0.1_20080508235502","type":"boundary","website":"https://alfalfa.okcounties.org/","wikidata":"Q490796","wikipedia":"en:Alfalfa County, Oklahoma"},"id":"relation/1820055"},
{"type":"Feature","geometry":{"type":"Polygon","coordinates":[[[-100.0036826,36.4999305],[-100.0030426,36.5933091],[-100.004417,36.759968],[-100.003952,36.853836],[-100.0031257,36.92857],[-100.0026108,37.0017709],[-100.0894928,37.0022994],[-100.591413,37.000399],[-100.6329816,37.0001496],[-100.9455299,36.9983989],[-100.9456232,36.8486107],[-100.9538694,36.8486739],[-100.9540741,36.7035655],[-100.9540485,36.5584127],[-100.9542889,36.4999619],[-100.7503538,36.4998961],[-100.5461015,36.5000081],[-100.4108578,36.5000042],[-100.1826143,36.4998507],[-100.0036826,36.4999305]]]},"properties":{"@id":"relation/1820056","admin_level":"6","attribution":"USGS 2001 County Boundary","border_type":"county","boundary":"administrative","name":"Beaver County","nist:fips_code":"40007","nist:state_fips":"40","population":"5049","source":"county_import_v0.1_20080508235502","type":"boundary","website":"https://beaver.okcounties.org/","wikidata":"Q485047","wikipedia":"en:Beaver County, Oklahoma"},"id":"relation/1820056"},
{"type":"Feature","geometry":{"type":"Polygon","coordinates":[[[-95.4075825,36.9992774],[-95.4077321,36.9427668],[-95.4316952,36.9426577],[-95.4317654,36.8005423],[-95.4316822,36.6699884],[-95.4315327,36.5975631],[-95.3284874,36.5975717],[-95.3282481,36.5103531],[-95.1090235,36.510425],[-95.0059103,36.5099415],[-95.0056924,36.5979983],[-94.9994419,36.5980389],[-94.9993817,36.6707369],[-94.9993072,36.8171256],[-94.9991829,36.9519811],[-95.007256,36.953876],[-95.0223434,36.9612911],[-95.0280644,36.96655],[-95.0310254,36.9728461],[-95.036315,36.9735726],[-95.0319783,36.9809514],[-95.034467,36.9860529],[-95.0342737,36.9940042],[-95.0212103,36.9955839],[-95.0158885,36.9945639],[-95.0076567,36.9994481],[-95.177301,36.99952],[-95.2816485,36.9994246],[-95.4075825,36.9992774]]]},"properties":{"@id":"relation/1820057","admin_level":"6","attribution":"USGS 2001 County Boundary","border_type":"county","boundary":"administrative","name":"Craig County","nist:fips_code":"40035","nist:state_fips":"40","population":"14818","source":"county_import_v0.1_20080508235502","type":"boundary","wikidata":"Q490799","wikipedia":"en:Craig County, Oklahoma"},"id":"relation/1820057"},
{"type":"Feature","geometry":{"type":"Polygon","coordinates":[[[-97.4624796,36.5934802],[-97.4621978,36.7673933],[-97.463066,36.853653],[-97.4624423,36.8833293],[-97.46228,36.998685],[-97.606549,36.998682],[-97.637137,36.99909],[-97.697104,36.998826],[-97.8948478,36.9985745],[-98.0398897,36.9983491],[-98.1116574,36.9980542],[-98.1112443,36.9419772],[-98.1096489,36.9420629],[-98.1095566,36.8548876],[-98.1102343,36.7493751],[-98.1095503,36.6589114],[-98.1093487,36.5935084],[-98.1043562,36.5935228],[-98.0554419,36.5934471],[-97.8220355,36.5934102],[-97.6419307,36.5934692],[-97.4624796,36.5934802]]]},"properties":{"@id":"relation/1820058","admin_level":"6","attribution":"USGS 2001 County Boundary","border_type":"county","boundary":"administrative","name":"Grant County","nist:fips_code":"40053","nist:state_fips":"40","source":"county_import_v0.1_20080508235502","type":"boundary","website":"https://grant.okcounties.org/","wikidata":"Q486621","wikipedia":"en:Grant County, Oklahoma"},"id":"relation/1820058"},
{"type":"Feature","geometry":{"type":"Polygon","coordinates":[[[-99.4557266,36.9997928],[-99.558068,36.999528],[-99.774255,37.000837],[-99.875409,37.001659],[-100.0026108,37.0017709],[-100.0031257,36.92857],[-100.003952,36.853836],[-100.004417,36.759968],[-100.0030426,36.5933091],[-99.9277236,36.5931598],[-99.6895733,36.5931706],[-99.6058114,36.5933146],[-99.5511722,36.593496],[-99.3856847,36.5941736],[-99.3135758,36.5947629],[-99.2952816,36.5952965],[-99.2952159,36.7056588],[-99.2949501,36.8193304],[-99.2991558,36.8239853],[-99.3078247,36.8285198],[-99.3161718,36.8394426],[-99.3188111,36.8486124],[-99.314541,36.8560985],[-99.3241326,36.8575751],[-99.3298832,36.8624852],[-99.3550102,36.8715321],[-99.3671337,36.8781922],[-99.3728844,36.878278],[-99.3771116,36.8853322],[-99.3852655,36.8936041],[-99.3881623,36.9018752],[-99.387261,36.9063878],[-99.3932048,36.9129419],[-99.3981186,36.9216054],[-99.4092552,36.9290673],[-99.4201986,36.9408332],[-99.4280306,36.9549808],[-99.4279662,36.9624737],[-99.4338242,36.9695372],[-99.4392315,36.979977],[-99.4397036,36.9909296],[-99.4448356,36.9956812],[-99.4504038,36.9946015],[-99.4557266,36.9997928]]]},"properties":{"@id":"relation/1820059","admin_level":"6","attribution":"USGS 2001 County Boundary","border_type":"county","boundary":"administrative","name":"Harper County","nist:fips_code":"40059","nist:state_fips":"40","source":"county_import_v0.1_20080508235502","type":"boundary","wikidata":"Q485001","wikipedia":"en:Harper County, Oklahoma"},"id":"relation/1820059"},
{"type":"Feature","geometry":{"type":"Polygon","coordinates":[[[-97.0572783,36.5937778],[-97.053192,36.601013],[-97.047348,36.605453],[-97.054665,36.610558],[-97.055084,36.616459],[-97.052849,36.636379],[-97.061646,36.651035],[-97.065567,36.654728],[-97.067009,36.665638],[-97.066566,36.682865],[-97.060593,36.691841],[-97.049057,36.69392],[-97.02533,36.701244],[-97.023766,36.69532],[-97.016998,36.690674],[-96.994049,36.690292],[-96.987808,36.687469],[-96.968254,36.688953],[-96.947739,36.683617],[-96.934494,36.685204],[-96.9263,36.69096],[-96.926674,36.698223],[-96.920647,36.708549],[-96.920403,36.717617],[-96.915123,36.721607],[-96.906136,36.735058],[-96.890709,36.752472],[-96.878616,36.753624],[-96.868889,36.752094],[-96.849007,36.74448],[-96.840416,36.743423],[-96.824799,36.747223],[-96.821762,36.753063],[-96.821953,36.766216],[-96.781151,36.76638],[-96.781227,36.783161],[-96.755371,36.783134],[-96.754265,36.838902],[-96.7531718,36.9991734],[-96.87629,36.999233],[-97.030082,36.998929],[-97.1562822,36.9991015],[-97.3008906,36.9989406],[-97.46228,36.998685],[-97.4624423,36.8833293],[-97.463066,36.853653],[-97.4621978,36.7673933],[-97.4624796,36.5934802],[-97.461713,36.5934686],[-97.355469,36.593277],[-97.2470337,36.5938687],[-97.1394066,36.59407],[-97.0572783,36.5937778]]]},"properties":{"@id":"relation/1820060","admin_level":"6","attribution":"USGS 2001 County Boundary","border_type":"county","boundary":"administrative","name":"Kay County","nist:fips_code":"40071","nist:state_fips":"40","population":"45366","source":"county_import_v0.1_20080508235502","type":"boundary","website":"https://www.courthouse.kay.ok.us/","wikidata":"Q489318","wikipedia":"en:Kay County, Oklahoma"},"id":"relation/1820060"},
{"type":"Feature","geometry":{"type":"Polygon","coordinates":[[[-95.7867081,36.9992695],[-95.786676,36.9419346],[-95.8098454,36.9419288],[-95.8097774,36.757022],[-95.8096509,36.5974939],[-95.6330776,36.5975545],[-95.4315327,36.5975631],[-95.4316822,36.6699884],[-95.4317654,36.8005423],[-95.4316952,36.9426577],[-95.4077321,36.9427668],[-95.4075825,36.9992774],[-95.522415,36.99928],[-95.6290972,36.9993611],[-95.7867081,36.9992695]]]},"properties":{"@id":"relation/1820061","admin_level":"6","attribution":"USGS 2001 County Boundary","border_type":"county","boundary":"administrative","name":"Nowata County","nist:fips_code":"40105","nist:state_fips":"40","source":"county_import_v0.1_20080508235502","type":"boundary","website":"https://nowataok.gov/","wikidata":"Q495918","wikipedia":"en:Nowata County, Oklahoma"},"id":"relation/1820061"},
{"type":"Feature","geometry":{"type":"Polygon","coordinates":[[[-96.7531718,36.9991734],[-96.754265,36.838902],[-96.755371,36.783134],[-96.781227,36.783161],[-96.781151,36.76638],[-96.821953,36.766216],[-96.821762,36.753063],[-96.824799,36.747223],[-96.840416,36.743423],[-96.849007,36.74448],[-96.868889,36.752094],[-96.878616,36.753624],[-96.890709,36.752472],[-96.906136,36.735058],[-96.915123,36.721607],[-96.920403,36.717617],[-96.920647,36.708549],[-96.926674,36.698223],[-96.9263,36.69096],[-96.934494,36.685204],[-96.947739,36.683617],[-96.968254,36.688953],[-96.987808,36.687469],[-96.994049,36.690292],[-97.016998,36.690674],[-97.023766,36.69532],[-97.02533,36.701244],[-97.049057,36.69392],[-97.060593,36.691841],[-97.066566,36.682865],[-97.067009,36.665638],[-97.065567,36.654728],[-97.061646,36.651035],[-97.052849,36.636379],[-97.055084,36.616459],[-97.054665,36.610558],[-97.047348,36.605453],[-97.053192,36.601013],[-97.0572783,36.5937778],[-97.051231,36.58828],[-97.04155,36.585854],[-97.015259,36.582703],[-97.003197,36.583862],[-96.986031,36.582668],[-96.973953,36.584278],[-96.961235,36.588146],[-96.952621,36.588905],[-96.938667,36.595924],[-96.916199,36.600075],[-96.903389,36.586697],[-96.88755,36.579163],[-96.887283,36.568275],[-96.892105,36.559742],[-96.900284,36.553986],[-96.917503,36.552925],[-96.926071,36.553982],[-96.938988,36.542412],[-96.945984,36.537994],[-96.956375,36.534996],[-96.977013,36.534435],[-96.997818,36.527527],[-97.008324,36.520443],[-97.010872,36.510513],[-97.009528,36.507048],[-97.011185,36.498722],[-97.005676,36.490467],[-97.001183,36.487217],[-96.981749,36.4680169],[-96.9741002,36.462729],[-96.9658961,36.4603881],[-96.9544364,36.459871],[-96.9386033,36.4554823],[-96.9337785,36.4562444],[-96.9255703,36.4624029],[-96.9173131,36.4641589],[-96.9113306,36.4682403],[-96.9001326,36.4679814],[-96.8873844,36.4719714],[-96.8757398,36.4709073],[-96.8600448,36.4855534],[-96.8548562,36.4878028],[-96.8383916,36.5111446],[-96.837512,36.5214519],[-96.8265903,36.5294827],[-96.8209963,36.5389243],[-96.7996375,36.552835],[-96.7897158,36.5559417],[-96.7828042,36.5604271],[-96.7689646,36.5653174],[-96.7531906,36.5623802],[-96.7386241,36.5517509],[-96.7322612,36.5423032],[-96.7265701,36.5250974],[-96.7232985,36.5193894],[-96.7230104,36.5100984],[-96.7249727,36.5033337],[-96.7215328,36.4989655],[-96.7086574,36.4906139],[-96.7071178,36.479202],[-96.7173239,36.4548049],[-96.7171791,36.4452263],[-96.7141838,36.4410838],[-96.703887,36.4350229],[-96.7012061,36.4312122],[-96.6909836,36.4245195],[-96.6737721,36.4208391],[-96.6368561,36.4257227],[-96.6254945,36.4204104],[-96.6209728,36.4113385],[-96.6078126,36.4039443],[-96.600804,36.3813769],[-96.5863952,36.3736942],[-96.5772311,36.3738392],[-96.5696918,36.3777981],[-96.5498159,36.395465],[-96.5395242,36.3996886],[-96.526238,36.3927237],[-96.5211549,36.3837537],[-96.518773,36.3702287],[-96.525254,36.3628534],[-96.5381201,36.3544185],[-96.5554386,36.350845],[-96.5697986,36.3366076],[-96.5720993,36.3308312],[-96.5722972,36.3147263],[-96.5648896,36.3071654],[-96.5487562,36.2989014],[-96.5367548,36.2967155],[-96.5154642,36.2990909],[-96.5065135,36.3032983],[-96.5012686,36.3081365],[-96.495327,36.3189834],[-96.4879471,36.3281875],[-96.4818426,36.3320485],[-96.4623608,36.3339167],[-96.4575563,36.3325457],[-96.4505769,36.3261907],[-96.4395029,36.3071565],[-96.4384452,36.2957989],[-96.4348185,36.2870265],[-96.4273761,36.2798034],[-96.4221354,36.2775617],[-96.3991698,36.2727956],[-96.3844935,36.265846],[-96.3626919,36.2499029],[-96.3488391,36.235243],[-96.3366032,36.2284216],[-96.3222964,36.2263156],[-96.3086236,36.2282435],[-96.2916571,36.2267407],[-96.2674325,36.2275418],[-96.2553195,36.2248411],[-96.247111,36.216059],[-96.2434891,36.2085994],[-96.2428857,36.2010168],[-96.2468131,36.192322],[-96.2647754,36.1792703],[-96.2695468,36.173256],[-96.2685877,36.1620713],[-96.1549036,36.1608],[-96.085228,36.160831],[-96.0020831,36.1613279],[-96.0021813,36.1934359],[-96.001377,36.20529],[-96.0015071,36.3034046],[-96.001085,36.423686],[-96.0007507,36.5540438],[-96.0004616,36.669942],[-96.0005003,36.7134953],[-96.0009623,36.8590214],[-96.0007493,36.999281],[-96.14121,36.998973],[-96.2852901,36.9990868],[-96.394272,36.999221],[-96.500288,36.998643],[-96.5281366,36.998997],[-96.73659,36.999286],[-96.7531718,36.9991734]]]},"properties":{"@id":"relation/1820062","admin_level":"6","attribution":"USGS 2001 County Boundary","border_type":"county","boundary":"administrative","name":"Osage County","name:sr":"Округ Осејџ","nist:fips_code":"40113","nist:state_fips":"40","population":"47887","source":"county_import_v0.1_20080508235502","type":"boundary","website":"https://osage.okcounties.org/","wikidata":"Q495925","wikipedia":"en:Osage County, Oklahoma"},"id":"relation/1820062"},
{"type":"Feature","geometry":{"type":"Polygon","coordinates":[[[-100.9455299,36.9983989],[-101.0653589,36.9980412],[-101.2162044,36.9971169],[-101.3429299,36.9963596],[-101.4852697,36.9956603],[-101.6951861,36.9946463],[-101.8808269,36.9937413],[-102.028207,36.993125],[-102.0280952,36.8492365],[-102.0318352,36.8492545],[-102.0315803,36.7477623],[-102.0320743,36.6461055],[-102.0322724,36.5002776],[-101.9343559,36.5002029],[-101.7726825,36.4999549],[-101.5966076,36.4997495],[-101.4212508,36.4996065],[-101.316536,36.4997007],[-101.0885969,36.4998994],[-100.9542889,36.4999619],[-100.9540485,36.5584127],[-100.9540741,36.7035655],[-100.9538694,36.8486739],[-100.9456232,36.8486107],[-100.9455299,36.9983989]]]},"properties":{"@id":"relation/1820063","admin_level":"6","attribution":"USGS 2001 County Boundary","border_type":"county","boundary":"administrative","name":"Texas County","nist:fips_code":"40139","nist:state_fips":"40","population":"21384","source":"county_import_v0.1_20080508235502","type":"boundary","website":"https://texas.okcounties.org/","wikidata":"Q485017","wikipedia":"en:Texas County, Oklahoma"},"id":"relation/1820063"},
{"type":"Feature","geometry":{"type":"Polygon","coordinates":[[[-95.8096509,36.5974939],[-95.8097774,36.757022],[-95.8098454,36.9419288],[-95.786676,36.9419346],[-95.7867081,36.9992695],[-95.80798,36.999124],[-96.0007493,36.999281],[-96.0009623,36.8590214],[-96.0005003,36.7134953],[-96.0004616,36.669942],[-96.0007507,36.5540438],[-96.001085,36.423686],[-95.8121765,36.4234899],[-95.813347,36.510574],[-95.812438,36.5974994],[-95.8096509,36.5974939]]]},"properties":{"@id":"relation/1820064","admin_level":"6","attribution":"USGS 2001 County Boundary","border_type":"county","boundary":"administrative","name":"Washington County","nist:fips_code":"40147","nist:state_fips":"40","population":"52021","source":"county_import_v0.1_20080508235502","type":"boundary","website":"https://countycourthouse.org/","wikidata":"Q489486","wikipedia":"en:Washington County, Oklahoma"},"id":"relation/1820064"},
{"type":"Feature","geometry":{"type":"Polygon","coordinates":[[[-98.9604633,36.5071006],[-98.8436859,36.5063167],[-98.8384664,36.5000348],[-98.8292048,36.4842273],[-98.8195075,36.4710307],[-98.8079793,36.4608698],[-98.7925522,36.4533337],[-98.7774615,36.448437],[-98.7644082,36.4466179],[-98.7434736,36.4486737],[-98.7268027,36.4453176],[-98.7182511,36.4369453],[-98.709278,36.4219629],[-98.6995521,36.4160636],[-98.6628585,36.4046022],[-98.644302,36.3972019],[-98.6253888,36.3925963],[-98.6028984,36.3908443],[-98.5922899,36.3923137],[-98.5640682,36.4001793],[-98.5525111,36.4022956],[-98.5335843,36.3977928],[-98.5335136,36.4633738],[-98.5331695,36.5148465],[-98.5334539,36.5942793],[-98.5406402,36.5942832],[-98.5405444,36.7251619],[-98.5401593,36.8263513],[-98.5402369,36.9423125],[-98.5449316,36.9423197],[-98.5446921,36.9988625],[-98.5581254,36.9987159],[-98.6980413,36.9989663],[-98.7976369,36.9994329],[-98.8686053,36.9993723],[-99.029603,36.9996079],[-99.0495861,36.9992458],[-99.1759972,36.9993415],[-99.24812,36.999565],[-99.3370762,36.999508],[-99.3753382,37.0000504],[-99.407015,36.999579],[-99.4557266,36.9997928],[-99.4504038,36.9946015],[-99.4448356,36.9956812],[-99.4397036,36.9909296],[-99.4392315,36.979977],[-99.4338242,36.9695372],[-99.4279662,36.9624737],[-99.4280306,36.9549808],[-99.4201986,36.9408332],[-99.4092552,36.9290673],[-99.3981186,36.9216054],[-99.3932048,36.9129419],[-99.387261,36.9063878],[-99.3881623,36.9018752],[-99.3852655,36.8936041],[-99.3771116,36.8853322],[-99.3728844,36.878278],[-99.3671337,36.8781922],[-99.3550102,36.8715321],[-99.3298832,36.8624852],[-99.3241326,36.8575751],[-99.314541,36.8560985],[-99.3188111,36.8486124],[-99.3161718,36.8394426],[-99.3078247,36.8285198],[-99.2991558,36.8239853],[-99.2949501,36.8193304],[-99.294259,36.805906],[-99.2792234,36.797246],[-99.2685234,36.7892213],[-99.2514058,36.7850482],[-99.2298026,36.788199],[-99.2177685,36.7868112],[-99.2105985,36.7906424],[-99.1991294,36.7909002],[-99.1878963,36.787429],[-99.180708,36.7874977],[-99.1671896,36.7905909],[-99.1535433,36.7879569],[-99.1394234,36.782703],[-99.1281528,36.7694242],[-99.1265595,36.7626103],[-99.1077223,36.7504552],[-99.1024411,36.7439051],[-99.0974274,36.7420909],[-99.0953938,36.736194],[-99.0842342,36.7213083],[-99.0735054,36.7165095],[-99.0627658,36.7160021],[-99.0452242,36.6963564],[-99.0484858,36.6868758],[-99.0409434,36.6803799],[-99.0393126,36.6735994],[-99.0344525,36.6675756],[-99.0238524,36.661448],[-99.0247965,36.6522386],[-99.0225327,36.6423824],[-99.013027,36.6402389],[-99.0081454,36.631664],[-99.0003241,36.6295625],[-98.9890158,36.615941],[-98.9760018,36.6029365],[-98.9717247,36.6004177],[-98.9599671,36.5989558],[-98.9604633,36.5071006]]]},"properties":{"@id":"relation/1820065","admin_level":"6","attribution":"USGS 2001 County Boundary","border_type":"county","boundary":"administrative","name":"Woods County","nist:fips_code":"40151","nist:state_fips":"40","source":"county_import_v0.1_20080508235502","type":"boundary","wikidata":"Q489468","wikipedia":"en:Woods County, Oklahoma"},"id":"relation/1820065"},
{"type":"Feature","geometry":{"type":"Polygon","coordinates":[[[-95.1558837,33.9382649],[-95.1404463,33.9334841],[-95.1251684,33.9361902],[-95.115254,33.9274105],[-95.1095033,33.9114562],[-95.1025177,33.9060397],[-95.0912331,33.905851],[-95.0847765,33.9096121],[-95.0777459,33.9187215],[-95.0677563,33.9133713],[-95.0664838,33.9001448],[-95.0542358,33.8934462],[-95.0532101,33.8887919],[-95.0543356,33.8715682],[-95.0493746,33.8683043],[-95.0382638,33.8692058],[-95.0287366,33.8617938],[-95.0203252,33.8588003],[-95.0117421,33.8583014],[-95.005219,33.8610098],[-94.9968076,33.8684219],[-94.9865079,33.867923],[-94.9830747,33.8657137],[-94.9803281,33.8559492],[-94.9768949,33.8504607],[-94.9596429,33.8590854],[-94.9562097,33.8582301],[-94.9485708,33.8492489],[-94.94694,33.8416926],[-94.9552655,33.8267205],[-94.9538923,33.8202318],[-94.9419618,33.816809],[-94.9261689,33.8183065],[-94.9232507,33.8145984],[-94.9283147,33.8061832],[-94.9203325,33.8043289],[-94.9172426,33.8110327],[-94.9101186,33.8121025],[-94.9035955,33.8076809],[-94.902308,33.8035444],[-94.9063421,33.7937728],[-94.9026513,33.7750825],[-94.8950124,33.7684472],[-94.8812795,33.7708018],[-94.8740697,33.7706591],[-94.8641854,33.7643445],[-94.8650119,33.7492485],[-94.8578019,33.7416563],[-94.8404241,33.7404734],[-94.8233451,33.7434368],[-94.8081949,33.7511844],[-94.7939256,33.7539304],[-94.7823618,33.7469582],[-94.7802568,33.7388318],[-94.7821801,33.7264208],[-94.7738472,33.719659],[-94.763091,33.7225108],[-94.7588849,33.732265],[-94.7506867,33.7379236],[-94.7421536,33.7390778],[-94.731896,33.7349859],[-94.7297025,33.729267],[-94.7318483,33.7189872],[-94.7313836,33.711518],[-94.722836,33.6967816],[-94.7195828,33.6937156],[-94.7021306,33.6850851],[-94.6986605,33.6851018],[-94.6727109,33.6920685],[-94.657133,33.6938063],[-94.6457722,33.6873507],[-94.6418402,33.6772837],[-94.6450063,33.666236],[-94.6387375,33.6623294],[-94.6304822,33.6688558],[-94.6228608,33.6792457],[-94.6212623,33.6854041],[-94.6141696,33.6873831],[-94.6068822,33.6830623],[-94.6050017,33.6772539],[-94.6080581,33.6657504],[-94.6026954,33.6614865],[-94.5916009,33.6644983],[-94.5850778,33.6769274],[-94.5814687,33.6809484],[-94.5731902,33.6770077],[-94.5704866,33.6714988],[-94.5696068,33.662507],[-94.5626835,33.658533],[-94.5547514,33.6621512],[-94.5489026,33.6621226],[-94.5407672,33.6551441],[-94.5409227,33.6447219],[-94.546969,33.6412068],[-94.5605203,33.6417633],[-94.5646706,33.6402478],[-94.5730666,33.6310583],[-94.56671,33.6228406],[-94.5602166,33.6192752],[-94.5504098,33.621405],[-94.5492646,33.6256225],[-94.5538207,33.6340338],[-94.5465924,33.6377055],[-94.5416815,33.6368016],[-94.5207048,33.6446366],[-94.5051694,33.640921],[-94.497788,33.6358474],[-94.4858248,33.6377602],[-94.485577,33.65331],[-94.4829996,33.7376431],[-94.4793155,33.8681868],[-94.4766708,33.9698367],[-94.4726735,34.1006067],[-94.4713317,34.158744],[-94.4698888,34.2022716],[-94.4677422,34.2895416],[-94.4658964,34.3514065],[-94.4635245,34.4200475],[-94.4611864,34.5074415],[-94.4962988,34.5072969],[-94.6805804,34.5073677],[-94.8549095,34.5071753],[-94.9376662,34.5071887],[-95.0467363,34.5072289],[-95.0466321,34.4319837],[-95.04647,34.2870279],[-95.0465411,34.2436744],[-95.1513014,34.2438725],[-95.1513366,34.1569252],[-95.1564509,34.1569225],[-95.1565338,34.0843966],[-95.1564091,33.9680183],[-95.1558837,33.9382649]]]},"properties":{"@id":"relation/1820231","admin_level":"6","attribution":"USGS 2001 County Boundary","border_type":"county","boundary":"administrative","name":"McCurtain County","name:ru":"Мак-Кертен","nist:fips_code":"40089","nist:state_fips":"40","population":"33048","source":"county_import_v0.1_20080508235502","type":"boundary","website":"https://mccurtain.okcounties.org/","wikidata":"Q495851","wikipedia":"en:McCurtain County, Oklahoma"},"id":"relation/1820231"},
{"type":"Feature","geometry":{"type":"Polygon","coordinates":[[[-94.8141719,35.3231767],[-94.802498,35.324444],[-94.791138,35.330223],[-94.784264,35.345764],[-94.770683,35.355663],[-94.752563,35.356331],[-94.733978,35.354321],[-94.722771,35.34845],[-94.711281,35.337269],[-94.702606,35.332058],[-94.686073,35.328556],[-94.680092,35.321892],[-94.676277,35.302631],[-94.665939,35.293621],[-94.655197,35.290417],[-94.633728,35.293007],[-94.616951,35.302193],[-94.611443,35.307198],[-94.605362,35.320118],[-94.595802,35.32756],[-94.57254,35.327927],[-94.555672,35.311146],[-94.548218,35.307045],[-94.535477,35.304779],[-94.515854,35.308502],[-94.509735,35.303936],[-94.496407,35.304897],[-94.487206,35.301991],[-94.480194,35.306252],[-94.47879,35.31255],[-94.483086,35.319828],[-94.495453,35.327225],[-94.499245,35.333038],[-94.49334,35.343315],[-94.48082,35.346882],[-94.479073,35.353146],[-94.484665,35.365093],[-94.478218,35.373753],[-94.464439,35.37672],[-94.4620853,35.379782],[-94.4505413,35.3805688],[-94.4409859,35.3837999],[-94.4344639,35.3897628],[-94.4312145,35.3943534],[-94.4368945,35.4250156],[-94.4498777,35.5000307],[-94.4564486,35.5418799],[-94.4617253,35.5710541],[-94.4728205,35.6383308],[-94.593071,35.638138],[-94.693878,35.638668],[-94.8071742,35.6386014],[-95.1272981,35.6387228],[-95.1273705,35.5518421],[-95.1322137,35.5518046],[-95.1321931,35.526415],[-95.124039,35.511196],[-95.109489,35.496212],[-95.095924,35.486034],[-95.089073,35.472019],[-95.085754,35.461735],[-95.076271,35.458565],[-95.064491,35.465206],[-95.060822,35.464825],[-95.050568,35.457924],[-95.028801,35.454762],[-95.023857,35.451344],[-95.023979,35.439701],[-95.02037,35.425762],[-95.011276,35.416847],[-94.999458,35.409924],[-94.988007,35.407246],[-94.969376,35.405811],[-94.952568,35.406044],[-94.939003,35.396378],[-94.930779,35.393856],[-94.916588,35.393684],[-94.909935,35.396534],[-94.898384,35.395432],[-94.895416,35.391579],[-94.892265,35.380833],[-94.893974,35.374565],[-94.90094,35.366966],[-94.917908,35.354568],[-94.917656,35.348732],[-94.904892,35.346512],[-94.885818,35.351921],[-94.866234,35.355179],[-94.858948,35.357994],[-94.854622,35.364662],[-94.847794,35.370144],[-94.835602,35.369003],[-94.830032,35.365547],[-94.826462,35.342068],[-94.8218741,35.3269064],[-94.8141719,35.3231767]]]},"properties":{"@id":"relation/1820237","admin_level":"6","attribution":"USGS 2001 County Boundary","border_type":"county","boundary":"administrative","name":"Sequoyah County","nist:fips_code":"40135","nist:state_fips":"40","population":"41153","source":"county_import_v0.1_20080508235502","type":"boundary","website":"https://seqcounty.com/","wikidata":"Q495845","wikipedia":"en:Sequoyah County, Oklahoma"},"id":"relation/1820237"},
{"type":"Feature","geometry":{"type":"Polygon","coordinates":[[[-96.0922009,34.6804394],[-96.0921009,34.5059694],[-96.1454191,34.5059767],[-96.1454667,34.418255],[-96.2855734,34.4182746],[-96.40715,34.4184787],[-96.4069348,34.3742749],[-96.4072421,34.3312735],[-96.4076304,34.1571939],[-96.2710508,34.1570907],[-96.198983,34.1571591],[-95.9912055,34.1567794],[-95.7793706,34.1566475],[-95.7791408,34.20012],[-95.7793093,34.3309944],[-95.7788886,34.4614135],[-95.7790299,34.5067395],[-95.6716484,34.5067781],[-95.6719589,34.5938506],[-95.7597733,34.5938426],[-95.7766464,34.5936218],[-95.8819613,34.593525],[-95.8822257,34.6804315],[-96.0922009,34.6804394]]]},"properties":{"@id":"relation/1822190","admin_level":"6","attribution":"USGS 2001 County Boundary","border_type":"county","boundary":"administrative","name":"Atoka County","nist:fips_code":"40005","nist:state_fips":"40","source":"county_import_v0.1_20080508235502","type":"boundary","wikidata":"Q485042","wikipedia":"en:Atoka County, Oklahoma"},"id":"relation/1822190"},
{"type":"Feature","geometry":{"type":"Polygon","coordinates":[[[-99.3602655,35.1167265],[-99.3602391,35.2044925],[-99.3644647,35.2044775],[-99.3646914,35.2478985],[-99.364473,35.334752],[-99.364217,35.465328],[-99.3641731,35.5088327],[-99.575724,35.508758],[-99.5757162,35.421556],[-99.6110713,35.4213716],[-99.7934469,35.4222156],[-100.0003773,35.4222407],[-100.0002774,35.3283348],[-100.0004124,35.182732],[-100.0003879,35.029993],[-99.8882704,35.0297696],[-99.7828583,35.0297947],[-99.7827764,35.1167897],[-99.7450512,35.1165532],[-99.6554236,35.1168608],[-99.4444122,35.1167608],[-99.4425151,35.1106671],[-99.430231,35.1082558],[-99.4242035,35.1139147],[-99.4150587,35.1118832],[-99.4097183,35.1161909],[-99.4034341,35.1165782],[-99.3602655,35.1167265]]]},"properties":{"@id":"relation/1822191","admin_level":"6","attribution":"USGS 2001 County Boundary","border_type":"county","boundary":"administrative","name":"Beckham County","nist:fips_code":"40009","nist:state_fips":"40","population":"23768","type":"boundary","website":"https://beckham.okcounties.org/","wikidata":"Q491646","wikipedia":"en:Beckham County, Oklahoma"},"id":"relation/1822191"},
{"type":"Feature","geometry":{"type":"Polygon","coordinates":[[[-98.2103693,36.1649219],[-98.3176143,36.1649809],[-98.4434718,36.1648331],[-98.529829,36.1650704],[-98.6012517,36.1656651],[-98.6367118,36.1648635],[-98.6365991,36.0797839],[-98.6363016,35.9836903],[-98.6362548,35.8987336],[-98.6322013,35.8986922],[-98.6320272,35.8123992],[-98.6319612,35.7500208],[-98.6321786,35.5805046],[-98.6320901,35.5515124],[-98.6232035,35.5515023],[-98.4045103,35.5514085],[-98.3132879,35.5513425],[-98.3134549,35.5899282],[-98.3132633,35.7251494],[-98.2072329,35.7250919],[-98.209892,35.89888],[-98.212067,36.072193],[-98.2103693,36.1649219]]]},"properties":{"@id":"relation/1822192","admin_level":"6","attribution":"USGS 2001 County Boundary","border_type":"county","boundary":"administrative","name":"Blaine County","nist:fips_code":"40011","nist:state_fips":"40","source":"county_import_v0.1_20080508235502","type":"boundary","website":"https://blaine.okcounties.org/","wikidata":"Q491623","wikipedia":"en:Blaine County, Oklahoma"},"id":"relation/1822192"},
{"type":"Feature","geometry":{"type":"Polygon","coordinates":[[[-95.7623877,33.8730079],[-95.7697213,33.8714311],[-95.7752949,33.8744687],[-95.7810911,33.8684145],[-95.7866353,33.8734376],[-95.7987589,33.8733329],[-95.8047563,33.8703087],[-95.8142459,33.8728541],[-95.840549,33.8742538],[-95.8427002,33.8779292],[-95.8629575,33.8897686],[-95.8666107,33.9023297],[-95.8786082,33.915864],[-95.8968794,33.9213183],[-95.9083405,33.921059],[-95.9189245,33.9249873],[-95.9268491,33.9372896],[-95.936438,33.9431853],[-95.9380272,33.9485088],[-95.9381912,34.1254645],[-95.9439987,34.1241079],[-95.9487026,34.1314847],[-95.9506222,34.1396037],[-95.956006,34.1489921],[-95.9715837,34.1526177],[-95.9788709,34.1507198],[-95.9859722,34.1562181],[-95.9912055,34.1567794],[-96.198983,34.1571591],[-96.2710508,34.1570907],[-96.4076304,34.1571939],[-96.4540035,34.1574114],[-96.4540683,34.114164],[-96.5853037,34.1142778],[-96.5790913,34.1083721],[-96.5821747,34.1060433],[-96.5714244,34.0965378],[-96.5628826,34.0816304],[-96.5645284,34.0773682],[-96.5606354,34.0733234],[-96.550779,34.0717502],[-96.5481066,34.0632598],[-96.5559845,34.0563451],[-96.5580168,34.0504508],[-96.5683347,34.0477432],[-96.5696058,34.043701],[-96.5785723,34.044923],[-96.5745168,34.0380269],[-96.5789362,34.0298538],[-96.5795786,34.0226134],[-96.5740945,34.0167033],[-96.5788977,34.0091508],[-96.5828971,34.0069062],[-96.5900121,34.0113195],[-96.5933967,34.0167258],[-96.6023908,34.0141918],[-96.604289,34.0078559],[-96.6169374,34.010223],[-96.623279,34.0023753],[-96.6143011,33.9969866],[-96.6126511,33.9898639],[-96.6050021,33.9804712],[-96.6004002,33.979423],[-96.5943645,33.9716526],[-96.5769567,33.9643548],[-96.5778078,33.9584466],[-96.5908106,33.951156],[-96.5965118,33.9450643],[-96.5907733,33.937337],[-96.5932486,33.9329725],[-96.5882627,33.9266558],[-96.5810394,33.9250182],[-96.582559,33.9082237],[-96.5910075,33.901961],[-96.5888889,33.895],[-96.585,33.8902778],[-96.5891667,33.8811111],[-96.5961111,33.8752778],[-96.6108333,33.8691667],[-96.6286111,33.8519444],[-96.627925,33.8445917],[-96.6219444,33.8408333],[-96.6080556,33.8366667],[-96.59,33.8294444],[-96.5727616,33.818976],[-96.5556111,33.8198611],[-96.540396,33.8217546],[-96.532642,33.8240517],[-96.5240779,33.8196139],[-96.5195277,33.8127799],[-96.5147641,33.7994433],[-96.5128625,33.7848064],[-96.5015462,33.7744761],[-96.4885357,33.7739612],[-96.4655356,33.7822884],[-96.4439168,33.781977],[-96.4224202,33.7764941],[-96.4144221,33.76515],[-96.4136976,33.7584954],[-96.4055445,33.749573],[-96.3903525,33.7360481],[-96.3728537,33.7232451],[-96.3610966,33.7110354],[-96.3585509,33.7026291],[-96.3597507,33.695928],[-96.3532307,33.6879978],[-96.3474395,33.686667],[-96.3374975,33.6898667],[-96.3290999,33.6981636],[-96.3126815,33.706718],[-96.3109162,33.7100985],[-96.3072684,33.7280535],[-96.3100579,33.7417224],[-96.3051656,33.7473963],[-96.2990287,33.7634169],[-96.2921193,33.7708018],[-96.2753823,33.7706234],[-96.2612632,33.7670559],[-96.2497618,33.7601345],[-96.2377885,33.756852],[-96.2304929,33.7515712],[-96.1980059,33.7533196],[-96.1801532,33.7604199],[-96.1729434,33.7663424],[-96.170111,33.7712655],[-96.1664202,33.7923462],[-96.1674931,33.8049351],[-96.1656907,33.8090716],[-96.1503699,33.8194831],[-96.13462,33.8254015],[-96.1250069,33.8258293],[-96.1150077,33.8297508],[-96.1078837,33.8389123],[-96.1017468,33.8394113],[-96.0932496,33.8358823],[-96.0880568,33.8414431],[-96.0918763,33.8493202],[-96.0961249,33.8531337],[-96.0923054,33.8576599],[-96.0848811,33.8543811],[-96.0813191,33.8484648],[-96.0668996,33.8384489],[-96.0511496,33.8423966],[-96.03879,33.8403737],[-96.0320523,33.8467896],[-96.0302069,33.862756],[-96.0185769,33.8643952],[-96.0156157,33.8619007],[-96.0188344,33.8538465],[-96.0183623,33.846255],[-96.0136416,33.8435104],[-95.9811547,33.8547019],[-95.9430888,33.8623996],[-95.9378531,33.8708093],[-95.935364,33.8816052],[-95.929313,33.8861298],[-95.9179404,33.8826384],[-95.9048512,33.8749425],[-95.8970153,33.8726895],[-95.8863947,33.8641339],[-95.879992,33.8622013],[-95.8696061,33.8542829],[-95.8621505,33.8539178],[-95.8480586,33.844784],[-95.8398922,33.8372303],[-95.830276,33.8355268],[-95.8191283,33.8403246],[-95.8217242,33.8514587],[-95.8197072,33.8594774],[-95.8004811,33.8622214],[-95.7818558,33.8557711],[-95.7716849,33.8482153],[-95.764518,33.8470391],[-95.7523301,33.8555929],[-95.7519868,33.8616156],[-95.7623877,33.8730079]]]},"properties":{"@id":"relation/1822193","admin_level":"6","attribution":"USGS 2001 County Boundary","border_type":"county","boundary":"administrative","name":"Bryan County","nist:fips_code":"40013","nist:state_fips":"40","population":"44884","source":"county_import_v0.1_20080508235502","type":"boundary","wikidata":"Q491616","wikipedia":"en:Bryan County, Oklahoma"},"id":"relation/1822193"},
{"type":"Feature","geometry":{"type":"Polygon","coordinates":[[[-98.6233172,35.4644194],[-98.6233622,35.3268529],[-98.6238673,35.2044077],[-98.6180066,35.2041591],[-98.6183124,35.1019031],[-98.6209496,35.0974392],[-98.6206837,35.0291508],[-98.6201894,35.0147663],[-98.6198733,34.9127593],[-98.6198612,34.8552716],[-98.5099083,34.8550403],[-98.4209249,34.8550087],[-98.2296158,34.8552871],[-98.1821046,34.8550268],[-98.0931937,34.8550344],[-98.0929253,34.9996808],[-98.092955,35.0884803],[-98.0912375,35.0889732],[-98.0915026,35.1601116],[-98.0913966,35.2035997],[-98.0950243,35.2036324],[-98.0950304,35.2819047],[-98.096014,35.377753],[-98.201253,35.376862],[-98.3063922,35.3770967],[-98.305936,35.4674553],[-98.3066903,35.5405396],[-98.3082918,35.5512623],[-98.3132879,35.5513425],[-98.4045103,35.5514085],[-98.6232035,35.5515023],[-98.6233172,35.4644194]]]},"properties":{"@id":"relation/1822194","admin_level":"6","attribution":"USGS 2001 County Boundary","border_type":"county","boundary":"administrative","name":"Caddo County","nist:fips_code":"40015","nist:state_fips":"40","population":"29343","type":"boundary","wikidata":"Q491590","wikipedia":"en:Caddo County, Oklahoma"},"id":"relation/1822194"},
{"type":"Feature","geometry":{"type":"Polygon","coordinates":[[[-98.096014,35.377753],[-98.01844,35.376499],[-97.999413,35.36499],[-97.984261,35.359867],[-97.973618,35.354328],[-97.966316,35.352448],[-97.9557409,35.3449628],[-97.9509527,35.3529098],[-97.9461837,35.3554431],[-97.9470774,35.3764433],[-97.9358894,35.3756076],[-97.9320964,35.3728187],[-97.9307449,35.3637466],[-97.918298,35.35256],[-97.9023174,35.3552978],[-97.9001006,35.3445851],[-97.8937411,35.34762],[-97.8852975,35.3478169],[-97.8868064,35.3553171],[-97.8818392,35.3586964],[-97.8746459,35.3552469],[-97.8705819,35.3627457],[-97.8628314,35.3620054],[-97.8570573,35.3544344],[-97.8572969,35.3456313],[-97.8540257,35.3412993],[-97.8397054,35.3345055],[-97.8214844,35.337813],[-97.8173338,35.3425584],[-97.8107929,35.3445716],[-97.8017671,35.3440197],[-97.7901701,35.3349401],[-97.7772839,35.3368445],[-97.7665097,35.3426047],[-97.7572579,35.3392341],[-97.7407935,35.3242138],[-97.7234644,35.3257083],[-97.7124547,35.3305712],[-97.70549,35.3317908],[-97.6942277,35.3238049],[-97.6925359,35.3279727],[-97.6948927,35.3363732],[-97.6852998,35.3323295],[-97.6782068,35.3370338],[-97.6707652,35.3335737],[-97.6714115,35.3341861],[-97.6713492,35.3771467],[-97.6714605,35.5510926],[-97.6740183,35.5510926],[-97.6739925,35.7259831],[-97.7642654,35.725806],[-97.9586805,35.7259757],[-98.0300982,35.7254764],[-98.2072329,35.7250919],[-98.3132633,35.7251494],[-98.3134549,35.5899282],[-98.3132879,35.5513425],[-98.3082918,35.5512623],[-98.3066903,35.5405396],[-98.305936,35.4674553],[-98.3063922,35.3770967],[-98.201253,35.376862],[-98.096014,35.377753]]]},"properties":{"@id":"relation/1822195","admin_level":"6","attribution":"USGS 2001 County Boundary","border_type":"county","boundary":"administrative","name":"Canadian County","nist:fips_code":"40017","nist:state_fips":"40","population":"133378","source":"county_import_v0.1_20080508235502","source:population":"https://www.census.gov/programs-surveys/popest.html","type":"boundary","website":"https://www.canadiancounty.org/","wikidata":"Q486614","wikipedia":"en:Canadian County, Oklahoma"},"id":"relation/1822195"},
{"type":"Feature","geometry":{"type":"Polygon","coordinates":[[[-97.5622171,34.5069815],[-97.562012,34.452656],[-97.5626017,34.2891114],[-97.5626516,34.1722384],[-97.5624508,34.0710964],[-97.5608242,34.0710843],[-97.3510824,34.0710739],[-97.247608,34.0709208],[-97.1523431,34.0709552],[-96.9697724,34.0709076],[-96.9681657,34.0709191],[-96.9685601,34.1726238],[-96.9335418,34.1728005],[-96.9333864,34.2162934],[-96.9333689,34.3326724],[-97.0289539,34.3324031],[-97.0392754,34.3376065],[-97.0424716,34.344418],[-97.0342533,34.3481207],[-97.0314434,34.3519216],[-97.0354345,34.3559428],[-97.0389536,34.3669781],[-97.0343402,34.3733896],[-97.0373976,34.3755862],[-97.1482956,34.3760976],[-97.3521592,34.3762455],[-97.3521085,34.5068303],[-97.4747825,34.5068327],[-97.5622171,34.5069815]]]},"properties":{"@id":"relation/1822196","admin_level":"6","attribution":"USGS 2001 County Boundary","border_type":"county","boundary":"administrative","name":"Carter County","nist:fips_code":"40019","nist:state_fips":"40","population":"48689","source":"county_import_v0.1_20080508235502","type":"boundary","website":"https://cartercountyok.us/","wikidata":"Q497854","wikipedia":"en:Carter County, Oklahoma"},"id":"relation/1822196"},
{"type":"Feature","geometry":{"type":"Polygon","coordinates":[[[-95.1272981,35.6387228],[-94.8071742,35.6386014],[-94.8077327,35.6531632],[-94.8074604,35.696557],[-94.8077472,35.7256995],[-94.8073185,35.7836662],[-94.8074336,35.9008522],[-94.7972546,35.900917],[-94.797282,36.045191],[-94.7971456,36.1614743],[-95.0111439,36.1616762],[-95.1185672,36.1618419],[-95.118377,36.074544],[-95.2079666,36.0746557],[-95.2077448,36.0398081],[-95.2250987,36.0398385],[-95.2251416,36.0093645],[-95.2296585,36.0093298],[-95.2339822,36.0021868],[-95.2340251,35.9913019],[-95.2384454,35.9876733],[-95.2509123,35.9876906],[-95.2651736,35.974709],[-95.2752373,35.9751692],[-95.279797,35.9731982],[-95.2790889,35.9540678],[-95.275999,35.9462424],[-95.271214,35.9413174],[-95.2634624,35.9394455],[-95.267888,35.9294294],[-95.2770075,35.9230524],[-95.2827796,35.9108619],[-95.2809343,35.903119],[-95.2678129,35.8898737],[-95.2646694,35.8837978],[-95.2543804,35.8757567],[-95.2376541,35.8737485],[-95.23141,35.8713838],[-95.2269146,35.860533],[-95.2320215,35.8501329],[-95.2375576,35.8474284],[-95.2528569,35.8329472],[-95.2533612,35.8259449],[-95.2644923,35.8208515],[-95.2650982,35.8131236],[-95.127163,35.812755],[-95.1272981,35.6387228]]]},"properties":{"@id":"relation/1822197","admin_level":"6","attribution":"USGS 2001 County Boundary","border_type":"county","boundary":"administrative","name":"Cherokee County","nist:fips_code":"40021","nist:state_fips":"40","population":"48447","source":"county_import_v0.1_20080508235502","type":"boundary","website":"https://cherokee.okcounties.org/","wikidata":"Q491633","wikipedia":"en:Cherokee County, Oklahoma"},"id":"relation/1822197"},
{"type":"Feature","geometry":{"type":"Polygon","coordinates":[[[-95.1564509,34.1569225],[-95.3813843,34.1569201],[-95.4694489,34.1568624],[-95.6173095,34.1566429],[-95.7793706,34.1566475],[-95.9912055,34.1567794],[-95.9859722,34.1562181],[-95.9788709,34.1507198],[-95.9715837,34.1526177],[-95.956006,34.1489921],[-95.9506222,34.1396037],[-95.9487026,34.1314847],[-95.9439987,34.1241079],[-95.9381912,34.1254645],[-95.9380272,33.9485088],[-95.936438,33.9431853],[-95.9268491,33.9372896],[-95.9189245,33.9249873],[-95.9083405,33.921059],[-95.8968794,33.9213183],[-95.8786082,33.915864],[-95.8666107,33.9023297],[-95.8629575,33.8897686],[-95.8427002,33.8779292],[-95.840549,33.8742538],[-95.8142459,33.8728541],[-95.8047563,33.8703087],[-95.7987589,33.8733329],[-95.7866353,33.8734376],[-95.7810911,33.8684145],[-95.7752949,33.8744687],[-95.7697213,33.8714311],[-95.7623877,33.8730079],[-95.7632306,33.8787193],[-95.7556367,33.8924354],[-95.747912,33.8968526],[-95.735724,33.8967814],[-95.7231069,33.8933616],[-95.7145238,33.886308],[-95.7024217,33.8855955],[-95.6905771,33.8888018],[-95.6783891,33.8966389],[-95.6676603,33.9077521],[-95.6552148,33.9108151],[-95.6381345,33.904689],[-95.6303239,33.9056151],[-95.6247449,33.9125247],[-95.6207109,33.9218553],[-95.6088662,33.9311849],[-95.5978799,33.9332501],[-95.5950475,33.9431481],[-95.5894685,33.9425785],[-95.5793405,33.9328228],[-95.5665517,33.9338198],[-95.5565954,33.9300455],[-95.5510164,33.9210006],[-95.5479265,33.9024806],[-95.5510164,33.8935754],[-95.5493856,33.8851679],[-95.5435491,33.8806076],[-95.5332494,33.8816052],[-95.5239797,33.8870917],[-95.5140877,33.8971732],[-95.5087877,33.8986337],[-95.5034423,33.8918281],[-95.5051828,33.8769022],[-95.4935098,33.8756195],[-95.479498,33.8784432],[-95.4628361,33.8887306],[-95.4535127,33.8821753],[-95.4497361,33.8717001],[-95.4382348,33.8652861],[-95.4296518,33.866854],[-95.4228711,33.8725552],[-95.4100609,33.8689385],[-95.4030442,33.8639052],[-95.3930879,33.8646446],[-95.3800416,33.8710587],[-95.363648,33.8669965],[-95.3556915,33.8737738],[-95.3381562,33.8764746],[-95.3257966,33.890868],[-95.3158403,33.887448],[-95.3101754,33.8776148],[-95.3046072,33.8738825],[-95.289383,33.8733303],[-95.2807546,33.8753327],[-95.2778953,33.8784414],[-95.2798772,33.8974226],[-95.2850271,33.9054726],[-95.2827096,33.9103877],[-95.2728391,33.911385],[-95.266316,33.9098179],[-95.2627111,33.9008421],[-95.2644277,33.8907255],[-95.2570462,33.8912955],[-95.2522397,33.9002722],[-95.2486348,33.9118836],[-95.2512098,33.9382348],[-95.2445448,33.9467332],[-95.2298561,33.9572684],[-95.2235723,33.9632254],[-95.210629,33.961613],[-95.1885534,33.9513362],[-95.1697564,33.9462098],[-95.1558837,33.9382649],[-95.1564091,33.9680183],[-95.1565338,34.0843966],[-95.1564509,34.1569225]]]},"properties":{"@id":"relation/1822198","admin_level":"6","attribution":"USGS 2001 County Boundary","border_type":"county","boundary":"administrative","name":"Choctaw County","name:ru":"Чокто","nist:fips_code":"40023","nist:state_fips":"40","population":"14997","source":"county_import_v0.1_20080508235502","type":"boundary","wikidata":"Q490745","wikipedia":"en:Choctaw County, Oklahoma"},"id":"relation/1822198"},
{"type":"Feature","geometry":{"type":"Polygon","coordinates":[[[-97.142099,35.3768782],[-97.2638498,35.3773681],[-97.4058208,35.3773552],[-97.57014,35.3771159],[-97.6713492,35.3771467],[-97.6714115,35.3341861],[-97.6707652,35.3335737],[-97.6646474,35.3284728],[-97.6492907,35.3316152],[-97.6436302,35.3264525],[-97.633053,35.3084923],[-97.6174222,35.3030191],[-97.5863409,35.303494],[-97.574849,35.3018406],[-97.5697918,35.2988213],[-97.5676354,35.2883722],[-97.5638805,35.284655],[-97.5559536,35.2863747],[-97.5558904,35.2732188],[-97.558388,35.2662076],[-97.5652023,35.257742],[-97.5642259,35.253368],[-97.5541686,35.2507076],[-97.5654047,35.2452504],[-97.5625828,35.2386576],[-97.5550196,35.234322],[-97.5584019,35.2294814],[-97.550375,35.224276],[-97.5444937,35.21552],[-97.5327734,35.2162673],[-97.5282467,35.2082204],[-97.5170683,35.2130231],[-97.5151066,35.2082064],[-97.5096785,35.2073235],[-97.5009016,35.2003471],[-97.4898135,35.1985953],[-97.4784072,35.187826],[-97.4626234,35.1800447],[-97.4578824,35.168682],[-97.4512854,35.1623061],[-97.4420126,35.1590171],[-97.4389241,35.1500821],[-97.4318649,35.1435591],[-97.4263218,35.1415066],[-97.4115975,35.1410327],[-97.404217,35.1336699],[-97.4054445,35.1242016],[-97.4025942,35.112995],[-97.4051431,35.1089707],[-97.4065625,35.0991399],[-97.4034688,35.0902201],[-97.3869965,35.0810716],[-97.3694826,35.0858546],[-97.3625226,35.0848322],[-97.354594,35.0770627],[-97.3524162,35.0506286],[-97.3479031,35.0402841],[-97.3488232,35.0353463],[-97.3557127,35.0305257],[-97.350205,35.0241194],[-97.354076,35.0196511],[-97.3472115,35.014607],[-97.3457837,35.0079442],[-97.3522437,34.9915404],[-97.3481476,34.9821609],[-97.3417721,34.9786762],[-97.34684,34.970952],[-97.3436599,34.9690739],[-97.3345074,34.9725498],[-97.332163,34.9693021],[-97.3233786,34.9706339],[-97.3130613,34.9642703],[-97.3036782,34.9647866],[-97.2949958,34.960857],[-97.2823757,34.9648978],[-97.277355,34.9534033],[-97.2715685,34.9587871],[-97.2506976,34.9516787],[-97.2450211,34.9465506],[-97.241456,34.9484975],[-97.2315244,34.9414794],[-97.2261949,34.9318558],[-97.2196586,34.9454579],[-97.2081425,34.9442065],[-97.1967756,34.9306689],[-97.1876688,34.9287899],[-97.1745424,34.928878],[-97.1675096,34.9304341],[-97.146904,34.9317304],[-97.1421829,34.9277376],[-97.1420196,35.0657937],[-97.1420229,35.202877],[-97.1414782,35.2028809],[-97.142099,35.3768782]]]},"properties":{"@id":"relation/1822199","admin_level":"6","attribution":"USGS 2001 County Boundary","border_type":"county","boundary":"administrative","name":"Cleveland County","name:ar":"مقاطعة كليفلاند","nist:fips_code":"40027","nist:state_fips":"40","population":"274458","source:population":"https://www.census.gov/programs-surveys/popest.html","type":"boundary","website":"https://www.clevelandcountyok.com/","wikidata":"Q484603","wikipedia":"en:Cleveland County, Oklahoma"},"id":"relation/1822199"},
{"type":"Feature","geometry":{"type":"Polygon","coordinates":[[[-96.40715,34.4184787],[-96.2855734,34.4182746],[-96.1454667,34.418255],[-96.1454191,34.5059767],[-96.0921009,34.5059694],[-96.0922009,34.6804394],[-96.0920918,34.7674963],[-96.3016317,34.7667693],[-96.4062576,34.7675],[-96.4062195,34.6955567],[-96.406522,34.6803244],[-96.5121426,34.6800714],[-96.5120868,34.5054993],[-96.5137791,34.5054815],[-96.5137999,34.4195705],[-96.4534241,34.4195525],[-96.4533577,34.4183935],[-96.40715,34.4184787]]]},"properties":{"@id":"relation/1822200","admin_level":"6","attribution":"USGS 2001 County Boundary","border_type":"county","boundary":"administrative","name":"Coal County","nist:fips_code":"40029","nist:state_fips":"40","source":"county_import_v0.1_20080508235502","type":"boundary","website":"https://coal.okcounties.org/","wikidata":"Q490727","wikipedia":"en:Coal County, Oklahoma"},"id":"relation/1822200"},
{"type":"Feature","geometry":{"type":"Polygon","coordinates":[[[-98.1421153,34.5069983],[-98.1417523,34.6811529],[-98.0891926,34.6812157],[-98.088928,34.809082],[-98.0890505,34.8550267],[-98.0931937,34.8550344],[-98.1821046,34.8550268],[-98.2296158,34.8552871],[-98.4209249,34.8550087],[-98.5099083,34.8550403],[-98.6198612,34.8552716],[-98.8259123,34.8554891],[-98.8262452,34.7835433],[-98.8263482,34.695958],[-98.8260023,34.5944285],[-98.8259758,34.5073762],[-98.661982,34.50746],[-98.661956,34.405948],[-98.609536,34.406143],[-98.609561,34.420623],[-98.504988,34.420426],[-98.5050076,34.4494276],[-98.400222,34.448797],[-98.295928,34.449043],[-98.295887,34.463535],[-98.2438861,34.4637188],[-98.2440837,34.5071505],[-98.1421153,34.5069983]]]},"properties":{"@id":"relation/1822201","admin_level":"6","attribution":"USGS 2001 County Boundary","border_type":"county","boundary":"administrative","name":"Comanche County","nist:fips_code":"40031","nist:state_fips":"40","population":"124648","source":"county_import_v0.1_20080508235502","source:population":"https://www.census.gov/programs-surveys/popest.html","type":"boundary","website":"https://www.comanchecountyok.gov/","wikidata":"Q484590","wikipedia":"en:Comanche County, Oklahoma"},"id":"relation/1822201"},
{"type":"Feature","geometry":{"type":"Polygon","coordinates":[[[-98.1421153,34.5069983],[-98.2440837,34.5071505],[-98.2438861,34.4637188],[-98.295887,34.463535],[-98.295928,34.449043],[-98.400222,34.448797],[-98.5050076,34.4494276],[-98.504988,34.420426],[-98.609561,34.420623],[-98.609536,34.406143],[-98.661956,34.405948],[-98.6620034,34.3334394],[-98.6096327,34.3336659],[-98.6099219,34.149394],[-98.6014682,34.1524991],[-98.5936954,34.1500456],[-98.5911913,34.1445903],[-98.5793566,34.1409802],[-98.5679985,34.1339648],[-98.5664296,34.1272402],[-98.5615633,34.1208666],[-98.5455293,34.1083279],[-98.5391907,34.1086016],[-98.5311079,34.1007581],[-98.5280151,34.0945936],[-98.5066331,34.0765233],[-98.5027693,34.0713297],[-98.4936373,34.0700071],[-98.486328,34.062598],[-98.4782694,34.062944],[-98.4714588,34.0657119],[-98.4652405,34.0738614],[-98.4528043,34.07249],[-98.4460182,34.0760323],[-98.443242,34.0827441],[-98.438996,34.0846054],[-98.426533,34.0851108],[-98.4176545,34.0829852],[-98.4107723,34.0889394],[-98.4114985,34.0985711],[-98.4084942,34.1015421],[-98.4013703,34.0986523],[-98.3984828,34.102921],[-98.398008,34.1214755],[-98.399321,34.1249927],[-98.3921369,34.1287812],[-98.3806909,34.1307852],[-98.3828731,34.137605],[-98.3783489,34.1450575],[-98.3715337,34.1506978],[-98.3705848,34.1552234],[-98.359173,34.1560968],[-98.3376296,34.1527584],[-98.3239467,34.1485297],[-98.3166497,34.1430371],[-98.2958256,34.1343036],[-98.2850999,34.1317884],[-98.2730046,34.1329797],[-98.263224,34.1289455],[-98.2393198,34.1332798],[-98.2271833,34.1270725],[-98.200101,34.1165242],[-98.1687206,34.1143579],[-98.1528832,34.1241688],[-98.139134,34.14045],[-98.1391823,34.2898997],[-98.1393126,34.3401696],[-98.1392582,34.507018],[-98.1421153,34.5069983]]]},"properties":{"@id":"relation/1822202","admin_level":"6","attribution":"USGS 2001 County Boundary","border_type":"county","boundary":"administrative","name":"Cotton County","nist:fips_code":"40033","nist:state_fips":"40","source":"county_import_v0.1_20080508235502","type":"boundary","wikidata":"Q483857","wikipedia":"en:Cotton County, Oklahoma"},"id":"relation/1822202"},
{"type":"Feature","geometry":{"type":"Polygon","coordinates":[[[-96.0330902,35.8569886],[-96.0333886,35.901111],[-96.0295867,35.9011201],[-96.0295337,36.0753436],[-96.2978236,36.0758637],[-96.2978314,36.1621672],[-96.329697,36.163361],[-96.417458,36.164383],[-96.429436,36.164188],[-96.6060519,36.16338],[-96.6213103,36.163517],[-96.6213966,36.1599422],[-96.6220976,36.1454158],[-96.6231204,36.0658962],[-96.6221527,36.0000433],[-96.6216337,35.988541],[-96.621166,35.9415822],[-96.6196068,35.9153778],[-96.6195846,35.7970157],[-96.6206674,35.6389632],[-96.6077849,35.6388071],[-96.4946558,35.6389325],[-96.3871658,35.6392371],[-96.3343008,35.6388521],[-96.1925363,35.6390534],[-96.1927315,35.6889218],[-96.1920938,35.8570882],[-96.0330902,35.8569886]]]},"properties":{"@id":"relation/1822203","admin_level":"6","attribution":"USGS 2001 County Boundary","border_type":"county","boundary":"administrative","name":"Creek County","nist:fips_code":"40037","nist:state_fips":"40","population":"70892","source:population":"https://www.census.gov/programs-surveys/popest.html","type":"boundary","website":"https://www.creekcountyonline.com/","wikidata":"Q484596","wikipedia":"en:Creek County, Oklahoma"},"id":"relation/1822203"},
{"type":"Feature","geometry":{"type":"Polygon","coordinates":[[[-98.6233172,35.4644194],[-98.6232035,35.5515023],[-98.6320901,35.5515124],[-98.6321786,35.5805046],[-98.6319612,35.7500208],[-98.6320272,35.8123992],[-98.709114,35.8124036],[-98.7091051,35.811949],[-98.8445674,35.8126763],[-98.8980185,35.8125716],[-99.3758063,35.812119],[-99.3770467,35.5517723],[-99.3641746,35.5516443],[-99.3641731,35.5088327],[-99.364217,35.465328],[-99.2055316,35.4655475],[-99.1524225,35.4652788],[-99.0112525,35.4652195],[-98.8526497,35.4650866],[-98.7116528,35.4644149],[-98.6233172,35.4644194]]]},"properties":{"@id":"relation/1822204","admin_level":"6","attribution":"USGS 2001 County Boundary","border_type":"county","boundary":"administrative","name":"Custer County","nist:fips_code":"40039","nist:state_fips":"40","population":"29744","source":"county_import_v0.1_20080508235502","type":"boundary","website":"https://custer.okcounties.org/","wikidata":"Q490716","wikipedia":"en:Custer County, Oklahoma"},"id":"relation/1822204"},
{"type":"Feature","geometry":{"type":"Polygon","coordinates":[[[-98.6320272,35.8123992],[-98.6322013,35.8986922],[-98.6362548,35.8987336],[-98.6363016,35.9836903],[-98.6365991,36.0797839],[-98.6367118,36.1648635],[-98.725136,36.163391],[-98.787827,36.161251],[-98.9557669,36.1613416],[-99.1253029,36.1628345],[-99.275881,36.1640839],[-99.3820005,36.1643159],[-99.380577,36.07193],[-99.380867,36.017044],[-99.3811015,35.8989817],[-99.3759622,35.8989439],[-99.3758063,35.812119],[-98.8980185,35.8125716],[-98.8445674,35.8126763],[-98.7091051,35.811949],[-98.709114,35.8124036],[-98.6320272,35.8123992]]]},"properties":{"@id":"relation/1822205","admin_level":"6","attribution":"USGS 2001 County Boundary","border_type":"county","boundary":"administrative","name":"Dewey County","nist:fips_code":"40043","nist:state_fips":"40","source":"county_import_v0.1_20080508235502","type":"boundary","wikidata":"Q490722","wikipedia":"en:Dewey County, Oklahoma"},"id":"relation/1822205"},
{"type":"Feature","geometry":{"type":"Polygon","coordinates":[[[-100.0036826,36.4999305],[-100.0004065,36.4999432],[-100.0004248,36.3406993],[-100.0003842,36.1975127],[-100.0002247,36.1642021],[-100.000424,36.0554876],[-100.0003962,35.879198],[-99.97419,35.892082],[-99.956635,35.895851],[-99.947044,35.900921],[-99.927246,35.907429],[-99.913239,35.923416],[-99.904877,35.937092],[-99.903854,35.946171],[-99.905136,35.958866],[-99.899017,35.969799],[-99.893959,35.974831],[-99.852234,36.005077],[-99.839798,36.011517],[-99.822708,36.008915],[-99.80777,35.994953],[-99.801949,35.982742],[-99.801857,35.973671],[-99.809013,35.951843],[-99.811119,35.936405],[-99.808723,35.924625],[-99.7938,35.910206],[-99.787979,35.896183],[-99.783958,35.892124],[-99.772545,35.886753],[-99.76004,35.885021],[-99.752068,35.882351],[-99.737221,35.873821],[-99.725784,35.865273],[-99.718948,35.862591],[-99.714897,35.853992],[-99.697876,35.855003],[-99.677376,35.846954],[-99.661484,35.847042],[-99.641602,35.844429],[-99.629082,35.839958],[-99.614899,35.840034],[-99.600235,35.851906],[-99.585526,35.857422],[-99.562286,35.862072],[-99.557793,35.867538],[-99.556198,35.882519],[-99.54158,35.903],[-99.53196,35.907581],[-99.515625,35.92807],[-99.506676,35.948071],[-99.506142,35.953518],[-99.508492,35.964848],[-99.499458,35.973961],[-99.487556,35.979454],[-99.478523,35.989925],[-99.463799,35.999508],[-99.444534,36.010017],[-99.430344,36.015965],[-99.414429,36.01693],[-99.380867,36.017044],[-99.380577,36.07193],[-99.3820005,36.1643159],[-99.4166795,36.1640196],[-99.4892292,36.1646564],[-99.5003585,36.1643753],[-99.5957645,36.1641477],[-99.5957432,36.2468403],[-99.604886,36.2468657],[-99.6053906,36.3342335],[-99.6056093,36.4498632],[-99.6051458,36.5074806],[-99.6058114,36.5933146],[-99.6895733,36.5931706],[-99.9277236,36.5931598],[-100.0030426,36.5933091],[-100.0036826,36.4999305]]]},"properties":{"@id":"relation/1822206","admin_level":"6","attribution":"USGS 2001 County Boundary","border_type":"county","boundary":"administrative","name":"Ellis County","nist:fips_code":"40045","nist:state_fips":"40","source":"county_import_v0.1_20080508235502","type":"boundary","wikidata":"Q485013","wikipedia":"en:Ellis County, Oklahoma"},"id":"relation/1822206"},
{"type":"Feature","geometry":{"type":"Polygon","coordinates":[[[-98.1044748,36.4631934],[-98.1045623,36.3184718],[-98.1044367,36.2460166],[-98.1036398,36.2460164],[-98.1037928,36.165007],[-98.0185939,36.1648357],[-97.8726615,36.1647888],[-97.7674564,36.1645784],[-97.6757935,36.1647165],[-97.4605811,36.1644314],[-97.4605062,36.2460375],[-97.4612642,36.2460206],[-97.4610355,36.3040719],[-97.4612773,36.4483197],[-97.4615776,36.5064344],[-97.461713,36.5934686],[-97.4624796,36.5934802],[-97.6419307,36.5934692],[-97.8220355,36.5934102],[-98.0554419,36.5934471],[-98.1043562,36.5935228],[-98.1044748,36.4631934]]]},"properties":{"@id":"relation/1822207","admin_level":"6","attribution":"USGS 2001 County Boundary","border_type":"county","boundary":"administrative","name":"Garfield County","nist:fips_code":"40047","nist:state_fips":"40","population":"63569","source":"county_import_v0.1_20080508235502","source:population":"https://www.census.gov/programs-surveys/popest.html","type":"boundary","website":"https://www.garfieldok.com/","wikidata":"Q484729","wikipedia":"en:Garfield County, Oklahoma"},"id":"relation/1822207"},
{"type":"Feature","geometry":{"type":"Polygon","coordinates":[[[-96.9325043,34.8546151],[-97.1066015,34.8550411],[-97.2482947,34.8551334],[-97.4595014,34.855313],[-97.668144,34.8551396],[-97.6685267,34.6813173],[-97.5627778,34.6810347],[-97.5630802,34.5069842],[-97.5622171,34.5069815],[-97.4747825,34.5068327],[-97.3521085,34.5068303],[-97.2503094,34.5068496],[-97.1407224,34.5066167],[-97.15847,34.524227],[-97.16111,34.530628],[-97.165527,34.532516],[-97.163658,34.540665],[-97.16571,34.548416],[-97.160522,34.555153],[-97.164314,34.560207],[-97.155273,34.56461],[-97.156303,34.56826],[-97.169762,34.565746],[-97.175323,34.566742],[-97.172874,34.57579],[-97.166672,34.578419],[-97.174927,34.583546],[-97.169083,34.59436],[-97.175171,34.596725],[-97.187996,34.597382],[-97.19297,34.599728],[-97.196053,34.611134],[-97.201996,34.619858],[-97.2002441,34.6227412],[-97.1425879,34.6226101],[-97.142577,34.6371291],[-96.932453,34.6368348],[-96.9324832,34.7675132],[-96.9325043,34.8546151]]]},"properties":{"@id":"relation/1822208","admin_level":"6","attribution":"USGS 2001 County Boundary","border_type":"county","boundary":"administrative","name":"Garvin County","nist:fips_code":"40049","nist:state_fips":"40","population":"27755","source":"county_import_v0.1_20080508235502","type":"boundary","wikidata":"Q484616","wikipedia":"en:Garvin County, Oklahoma"},"id":"relation/1822208"},
{"type":"Feature","geometry":{"type":"Polygon","coordinates":[[[-97.6707652,35.3335737],[-97.6782068,35.3370338],[-97.6852998,35.3323295],[-97.6948927,35.3363732],[-97.6925359,35.3279727],[-97.6942277,35.3238049],[-97.70549,35.3317908],[-97.7124547,35.3305712],[-97.7234644,35.3257083],[-97.7407935,35.3242138],[-97.7572579,35.3392341],[-97.7665097,35.3426047],[-97.7772839,35.3368445],[-97.7901701,35.3349401],[-97.8017671,35.3440197],[-97.8107929,35.3445716],[-97.8173338,35.3425584],[-97.8214844,35.337813],[-97.8397054,35.3345055],[-97.8540257,35.3412993],[-97.8572969,35.3456313],[-97.8570573,35.3544344],[-97.8628314,35.3620054],[-97.8705819,35.3627457],[-97.8746459,35.3552469],[-97.8818392,35.3586964],[-97.8868064,35.3553171],[-97.8852975,35.3478169],[-97.8937411,35.34762],[-97.9001006,35.3445851],[-97.9023174,35.3552978],[-97.918298,35.35256],[-97.9307449,35.3637466],[-97.9320964,35.3728187],[-97.9358894,35.3756076],[-97.9470774,35.3764433],[-97.9461837,35.3554431],[-97.9509527,35.3529098],[-97.9557409,35.3449628],[-97.966316,35.352448],[-97.973618,35.354328],[-97.984261,35.359867],[-97.999413,35.36499],[-98.01844,35.376499],[-98.096014,35.377753],[-98.0950304,35.2819047],[-98.0950243,35.2036324],[-98.0913966,35.2035997],[-98.0915026,35.1601116],[-98.0912375,35.0889732],[-98.092955,35.0884803],[-98.0929253,34.9996808],[-98.0931937,34.8550344],[-98.0890505,34.8550267],[-98.088928,34.809082],[-98.0891926,34.6812157],[-97.9841142,34.6816855],[-97.8791373,34.6815501],[-97.6685267,34.6813173],[-97.668144,34.8551396],[-97.6708441,34.8551252],[-97.6705623,34.895105],[-97.6704609,35.0779254],[-97.6703988,35.2037923],[-97.6708927,35.2038039],[-97.6707652,35.3335737]]]},"properties":{"@id":"relation/1822209","admin_level":"6","attribution":"USGS 2001 County Boundary","border_type":"county","boundary":"administrative","name":"Grady County","nist:fips_code":"40051","nist:state_fips":"40","population":"54648","source":"county_import_v0.1_20080508235502","type":"boundary","wikidata":"Q484600","wikipedia":"en:Grady County, Oklahoma"},"id":"relation/1822209"},
{"type":"Feature","geometry":{"type":"Polygon","coordinates":[[[-99.6667244,34.7246337],[-99.5288144,34.725045],[-99.4231907,34.7251145],[-99.4332476,34.7307959],[-99.4409584,34.7267829],[-99.4426215,34.7320432],[-99.4373609,34.7360442],[-99.4397684,34.7419404],[-99.43873,34.749269],[-99.4403592,34.7618212],[-99.4372593,34.7691325],[-99.4055877,34.7690938],[-99.4059443,34.8129424],[-99.3347324,34.812907],[-99.3176251,34.8125871],[-99.2466572,34.812557],[-99.2466265,34.8218463],[-99.2488238,34.8273079],[-99.256129,34.8362858],[-99.2685891,34.8405699],[-99.2785622,34.839631],[-99.2820858,34.8487551],[-99.2881117,34.8523735],[-99.2965382,34.8513905],[-99.3062453,34.857448],[-99.31173,34.866786],[-99.3173784,34.8716139],[-99.318069,34.879856],[-99.3160763,34.8849959],[-99.3081808,34.8891327],[-99.2912545,34.8864489],[-99.2929874,34.8959626],[-99.2964699,34.9010822],[-99.2893013,34.9027805],[-99.2967425,34.9157973],[-99.2987257,34.9245274],[-99.3138183,34.92535],[-99.3110863,34.9349188],[-99.3211728,34.9417527],[-99.3310513,34.9452625],[-99.3291387,34.954566],[-99.3344692,34.9729747],[-99.3436791,34.9707513],[-99.3480642,34.9834325],[-99.3350286,34.9886929],[-99.3361701,34.9968106],[-99.3322963,35.0107819],[-99.3266517,35.0141283],[-99.329964,35.0220745],[-99.3365784,35.0232303],[-99.3243729,35.0322311],[-99.3234932,35.0381576],[-99.3280939,35.0419355],[-99.3383889,35.0407309],[-99.3505057,35.0440334],[-99.3501804,35.0511968],[-99.3536365,35.0535432],[-99.3622473,35.0510597],[-99.3702319,35.0528146],[-99.3731917,35.0601763],[-99.3657582,35.064671],[-99.3690091,35.0732126],[-99.369504,35.0863878],[-99.3772944,35.0866067],[-99.3774972,35.0917344],[-99.383575,35.093513],[-99.3932549,35.0912496],[-99.3999352,35.0988866],[-99.399222,35.1053068],[-99.4045511,35.1093706],[-99.4034341,35.1165782],[-99.4097183,35.1161909],[-99.4150587,35.1118832],[-99.4242035,35.1139147],[-99.430231,35.1082558],[-99.4425151,35.1106671],[-99.4444122,35.1167608],[-99.6554236,35.1168608],[-99.7450512,35.1165532],[-99.7827764,35.1167897],[-99.7828583,35.0297947],[-99.8882704,35.0297696],[-99.888106,34.9439112],[-99.7312143,34.9439571],[-99.730868,34.8570974],[-99.7200419,34.8570396],[-99.7200269,34.7685295],[-99.6847548,34.7684457],[-99.6846526,34.7536895],[-99.6670108,34.7536977],[-99.6667244,34.7246337]]]},"properties":{"@id":"relation/1822210","admin_level":"6","attribution":"USGS 2001 County Boundary","border_type":"county","boundary":"administrative","name":"Greer County","nist:fips_code":"40055","nist:state_fips":"40","source":"county_import_v0.1_20080508235502","type":"boundary","website":"https://greer.okcounties.org/","wikidata":"Q111968","wikipedia":"en:Greer County, Oklahoma"},"id":"relation/1822210"},
{"type":"Feature","geometry":{"type":"Polygon","coordinates":[[[-99.6667244,34.7246337],[-99.6670108,34.7536977],[-99.6846526,34.7536895],[-99.6847548,34.7684457],[-99.7200269,34.7685295],[-99.7200419,34.8570396],[-99.730868,34.8570974],[-99.7312143,34.9439571],[-99.888106,34.9439112],[-99.8882704,35.0297696],[-100.0003879,35.029993],[-100.000382,34.852944],[-100.000381,34.7472616],[-100.0003928,34.5605578],[-99.985833,34.560079],[-99.974762,34.561318],[-99.9657251,34.565915],[-99.957541,34.572709],[-99.954567,34.578195],[-99.94572,34.579273],[-99.9238262,34.5754892],[-99.9173803,34.5675123],[-99.898943,34.555804],[-99.8869217,34.5492061],[-99.8767295,34.5398841],[-99.8732215,34.5327588],[-99.8629374,34.5209079],[-99.853066,34.511593],[-99.8444345,34.506981],[-99.6665757,34.5072009],[-99.6664221,34.5545369],[-99.6665109,34.6658133],[-99.6667244,34.7246337]]]},"properties":{"@id":"relation/1822211","admin_level":"6","attribution":"USGS 2001 County Boundary","border_type":"county","boundary":"administrative","name":"Harmon County","nist:fips_code":"40057","nist:state_fips":"40","source":"county_import_v0.1_20080508235502","type":"boundary","wikidata":"Q486626","wikipedia":"en:Harmon County, Oklahoma"},"id":"relation/1822211"},
{"type":"Feature","geometry":{"type":"Polygon","coordinates":[[[-95.050568,35.457924],[-95.061897,35.452644],[-95.072754,35.444695],[-95.079979,35.432861],[-95.08345,35.409203],[-95.088264,35.404667],[-95.097511,35.401402],[-95.105614,35.395962],[-95.115814,35.377918],[-95.123802,35.374062],[-95.134438,35.37933],[-95.144905,35.377174],[-95.158791,35.372005],[-95.159805,35.36623],[-95.142899,35.358021],[-95.141243,35.353706],[-95.148148,35.346619],[-95.160744,35.351448],[-95.172928,35.352551],[-95.178337,35.348568],[-95.18219,35.338688],[-95.171539,35.313305],[-95.172791,35.303833],[-95.181953,35.301617],[-95.188187,35.305084],[-95.198601,35.303452],[-95.204475,35.29208],[-95.211472,35.283401],[-95.22242,35.273323],[-95.243095,35.262104],[-95.254021,35.262608],[-95.263168,35.270973],[-95.272766,35.282532],[-95.29245,35.297729],[-95.305695,35.302567],[-95.320572,35.301659],[-95.3447282,35.2930609],[-95.352394,35.292511],[-95.351654,35.299362],[-95.3563452,35.3053536],[-95.376701,35.316902],[-95.387108,35.326103],[-95.399612,35.327194],[-95.413841,35.321209],[-95.429115,35.303097],[-95.435432,35.299934],[-95.4511113,35.2957407],[-95.4508671,35.2027535],[-95.4553373,35.2027327],[-95.4552,35.16013],[-95.348778,35.160042],[-95.3491981,35.0584165],[-95.2439864,35.0578755],[-95.1384847,35.0578666],[-95.1055319,35.0574106],[-95.0329988,35.057573],[-94.962993,35.0582395],[-94.9277774,35.0582533],[-94.9279236,35.2026292],[-94.8142645,35.2023123],[-94.8141719,35.3231767],[-94.8218741,35.3269064],[-94.826462,35.342068],[-94.830032,35.365547],[-94.835602,35.369003],[-94.847794,35.370144],[-94.854622,35.364662],[-94.858948,35.357994],[-94.866234,35.355179],[-94.885818,35.351921],[-94.904892,35.346512],[-94.917656,35.348732],[-94.917908,35.354568],[-94.90094,35.366966],[-94.893974,35.374565],[-94.892265,35.380833],[-94.895416,35.391579],[-94.898384,35.395432],[-94.909935,35.396534],[-94.916588,35.393684],[-94.930779,35.393856],[-94.939003,35.396378],[-94.952568,35.406044],[-94.969376,35.405811],[-94.988007,35.407246],[-94.999458,35.409924],[-95.011276,35.416847],[-95.02037,35.425762],[-95.023979,35.439701],[-95.023857,35.451344],[-95.028801,35.454762],[-95.050568,35.457924]]]},"properties":{"@id":"relation/1822212","admin_level":"6","attribution":"USGS 2001 County Boundary","border_type":"county","boundary":"administrative","name":"Haskell County","nist:fips_code":"40061","nist:state_fips":"40","source":"county_import_v0.1_20080508235502","type":"boundary","wikidata":"Q490690","wikipedia":"en:Haskell County, Oklahoma"},"id":"relation/1822212"},
{"type":"Feature","geometry":{"type":"Polygon","coordinates":[[[-96.0920918,34.7674963],[-96.0920013,34.8546948],[-96.0891831,34.8546492],[-96.0890262,34.9104571],[-96.0888946,35.0494523],[-96.0721876,35.0534089],[-96.067289,35.0568935],[-96.0605813,35.0902258],[-96.05475,35.0986727],[-96.0441136,35.1037081],[-96.0375639,35.1095734],[-96.0283115,35.1213637],[-96.0102519,35.1158598],[-96.0079409,35.1198269],[-96.009383,35.1292532],[-96.0135904,35.1350036],[-96.0126765,35.1456866],[-96.0072941,35.148233],[-95.9832914,35.1511751],[-95.9830698,35.202968],[-95.9814139,35.2029527],[-95.9812932,35.2897168],[-96.1446207,35.2899563],[-96.2731628,35.2900729],[-96.4413099,35.2901425],[-96.4412179,35.1517459],[-96.441336,35.1156713],[-96.4905969,35.1159485],[-96.490546,35.0288065],[-96.4908035,34.9099723],[-96.474983,34.9185686],[-96.4690394,34.9183077],[-96.4555439,34.9113327],[-96.4420385,34.9103991],[-96.4364597,34.9052107],[-96.4286507,34.9020442],[-96.4222455,34.9036047],[-96.4061652,34.9296123],[-96.4061077,34.8501814],[-96.4062576,34.7675],[-96.3016317,34.7667693],[-96.0920918,34.7674963]]]},"properties":{"@id":"relation/1822213","admin_level":"6","attribution":"USGS 2001 County Boundary","border_type":"county","boundary":"administrative","name":"Hughes County","nist:fips_code":"40063","nist:state_fips":"40","source":"county_import_v0.1_20080508235502","type":"boundary","wikidata":"Q489327","wikipedia":"en:Hughes County, Oklahoma"},"id":"relation/1822213"},
{"type":"Feature","geometry":{"type":"Polygon","coordinates":[[[-99.2466265,34.8218463],[-99.2466572,34.812557],[-99.3176251,34.8125871],[-99.3347324,34.812907],[-99.4059443,34.8129424],[-99.4055877,34.7690938],[-99.4372593,34.7691325],[-99.4403592,34.7618212],[-99.43873,34.749269],[-99.4397684,34.7419404],[-99.4373609,34.7360442],[-99.4426215,34.7320432],[-99.4409584,34.7267829],[-99.4332476,34.7307959],[-99.4231907,34.7251145],[-99.5288144,34.725045],[-99.6667244,34.7246337],[-99.6665109,34.6658133],[-99.6664221,34.5545369],[-99.6665757,34.5072009],[-99.8444345,34.506981],[-99.8341593,34.501244],[-99.8259151,34.4899424],[-99.8235241,34.4835522],[-99.8190627,34.4805164],[-99.8080959,34.468444],[-99.8012212,34.4575294],[-99.7593044,34.4240666],[-99.7463085,34.4164457],[-99.7277586,34.4096742],[-99.7177855,34.4032568],[-99.7135264,34.3895175],[-99.7059617,34.3856609],[-99.6961098,34.3778287],[-99.6794128,34.3777945],[-99.66555,34.3734255],[-99.6532454,34.3756188],[-99.6504722,34.3727645],[-99.6416559,34.3741778],[-99.6311466,34.3708418],[-99.6191979,34.3712937],[-99.6094057,34.3691838],[-99.5963248,34.3767226],[-99.5885303,34.3840094],[-99.5827932,34.3948512],[-99.5833828,34.4077781],[-99.5802724,34.4153158],[-99.5725981,34.4172151],[-99.5503186,34.4126644],[-99.5331409,34.4115616],[-99.5261113,34.4129679],[-99.5119027,34.410434],[-99.5041649,34.4106329],[-99.4894899,34.3986648],[-99.4790357,34.3951081],[-99.4715496,34.3959995],[-99.4653349,34.3936547],[-99.4645382,34.3859065],[-99.4610548,34.3804556],[-99.4508945,34.3853196],[-99.447417,34.379143],[-99.4354687,34.3695595],[-99.4291215,34.3711009],[-99.4262317,34.3812348],[-99.4220238,34.3813286],[-99.4088197,34.3725248],[-99.4031936,34.372815],[-99.3972742,34.3773744],[-99.395056,34.3861993],[-99.3953632,34.3959075],[-99.3925002,34.4015313],[-99.3859426,34.4049442],[-99.3888917,34.4098875],[-99.3950827,34.4079747],[-99.3952658,34.4202535],[-99.3933916,34.4326207],[-99.3942283,34.4415594],[-99.383381,34.4531212],[-99.374375,34.458514],[-99.3605667,34.4551017],[-99.3568357,34.4421819],[-99.3408692,34.4300679],[-99.334037,34.427536],[-99.3257152,34.4184649],[-99.3217987,34.4170581],[-99.3199921,34.4072984],[-99.3090846,34.409329],[-99.2976132,34.413608],[-99.2908569,34.41146],[-99.281486,34.4014043],[-99.2684232,34.4028681],[-99.2606707,34.39736],[-99.2625651,34.3914365],[-99.2751005,34.387699],[-99.2700854,34.3807472],[-99.2637979,34.3793005],[-99.2582832,34.3724501],[-99.2467728,34.3737582],[-99.2485098,34.3675717],[-99.24547,34.3637037],[-99.2371718,34.3659265],[-99.2355145,34.3508102],[-99.2322095,34.3465401],[-99.2173443,34.3426881],[-99.2123468,34.3335222],[-99.2089701,34.3383488],[-99.201117,34.3392697],[-99.1936513,34.3435894],[-99.1921363,34.3488507],[-99.1938739,34.3577523],[-99.2007707,34.3614001],[-99.2029992,34.370041],[-99.2074059,34.3743606],[-99.2155608,34.3729732],[-99.2199561,34.3782953],[-99.2091211,34.3883338],[-99.2132405,34.3948193],[-99.222511,34.3872359],[-99.229735,34.3898204],[-99.2257558,34.3999005],[-99.2349272,34.4005398],[-99.2380082,34.4272665],[-99.2347213,34.4290651],[-99.2281585,34.4194138],[-99.2215338,34.4254456],[-99.2234117,34.4333687],[-99.2293437,34.4354379],[-99.2308653,34.4416553],[-99.2290905,34.4507357],[-99.215638,34.4544809],[-99.2142216,34.4604253],[-99.2192476,34.4624705],[-99.21677,34.4758237],[-99.2248851,34.4810389],[-99.2206417,34.4854333],[-99.2223288,34.491355],[-99.2082358,34.5040805],[-99.2089045,34.5126676],[-99.202039,34.5273064],[-99.1986311,34.5307202],[-99.196961,34.5429092],[-99.1885048,34.5401612],[-99.1777148,34.5399115],[-99.1778295,34.5480477],[-99.1817476,34.5550964],[-99.1876272,34.5596427],[-99.1784951,34.5659741],[-99.1642086,34.5878038],[-99.1553601,34.5882495],[-99.1410009,34.5926907],[-99.127959,34.5910047],[-99.1254857,34.5847037],[-99.1160527,34.5915278],[-99.1083084,34.5949991],[-99.0871033,34.5888351],[-99.0834537,34.5973269],[-99.0887016,34.6115401],[-99.0880008,34.6152093],[-99.0803981,34.6175953],[-99.0800183,34.6214073],[-99.0916058,34.6275164],[-99.0962361,34.6340879],[-99.1034902,34.638015],[-99.0966044,34.647087],[-99.0947147,34.6712068],[-99.0868415,34.6758247],[-99.0799199,34.673113],[-99.0672624,34.675308],[-99.0552104,34.6750768],[-99.0410923,34.6792662],[-99.0418732,34.6856392],[-99.0384697,34.6915061],[-99.0467461,34.6940228],[-99.0541486,34.7020803],[-99.0685644,34.7011442],[-99.0871757,34.6967093],[-99.1036278,34.695939],[-99.1292937,34.7019148],[-99.142793,34.701101],[-99.1493497,34.7025758],[-99.1582793,34.7094449],[-99.1595624,34.713452],[-99.1542911,34.7229937],[-99.1620224,34.7333992],[-99.1622464,34.742296],[-99.1725791,34.7466043],[-99.1732791,34.7548111],[-99.1658009,34.750985],[-99.1614948,34.7521175],[-99.1644615,34.7593139],[-99.158163,34.7648006],[-99.1636494,34.7684074],[-99.1660833,34.7746398],[-99.1659047,34.7883549],[-99.1627822,34.7929279],[-99.1544285,34.7917626],[-99.1491062,34.7973542],[-99.1539646,34.8045675],[-99.1520634,34.8178859],[-99.1540073,34.8275668],[-99.1514878,34.8313986],[-99.1537122,34.8364945],[-99.1515965,34.8421989],[-99.1450506,34.8464155],[-99.1467443,34.8505132],[-99.1540457,34.8482048],[-99.1659441,34.8473975],[-99.1715804,34.8486104],[-99.1735766,34.8555403],[-99.1823985,34.8595548],[-99.1929433,34.8570919],[-99.1928772,34.8443717],[-99.2033596,34.837556],[-99.2095774,34.839762],[-99.2145883,34.8374275],[-99.2111234,34.8297359],[-99.21467,34.8263173],[-99.2212811,34.8296317],[-99.2310151,34.8252607],[-99.2332033,34.8168194],[-99.2407126,34.8165123],[-99.2466265,34.8218463]]]},"properties":{"@id":"relation/1822214","admin_level":"6","attribution":"USGS 2001 County Boundary","border_type":"county","boundary":"administrative","name":"Jackson County","name:zh-Hans":"杰克逊县","name:zh-Hant":"傑克遜縣","name:zh-Hant-CN":"傑克遜縣","name:zh-Hant-HK":"傑克遜縣","name:zh-Hant-TW":"傑克遜郡","nist:fips_code":"40065","nist:state_fips":"40","population":"25574","source":"county_import_v0.1_20080508235502","type":"boundary","website":"https://www.jacksoncountyok.com/","wikidata":"Q485030","wikipedia":"en:Jackson County, Oklahoma"},"id":"relation/1822214"},
{"type":"Feature","geometry":{"type":"Polygon","coordinates":[[[-97.5608361,33.897641],[-97.5608647,33.9837866],[-97.5431036,33.9858212],[-97.5520209,34.0016093],[-97.5609043,34.0032947],[-97.5608242,34.0710843],[-97.5624508,34.0710964],[-97.5626516,34.1722384],[-97.5626017,34.2891114],[-97.7503277,34.2892041],[-97.8425035,34.2891297],[-97.9626934,34.289104],[-98.0690647,34.2897764],[-98.1391823,34.2898997],[-98.139134,34.14045],[-98.1314932,34.148161],[-98.1204018,34.1545695],[-98.1149348,34.1551314],[-98.1046724,34.1496825],[-98.1036223,34.144504],[-98.106874,34.1376803],[-98.1068147,34.1231794],[-98.1037094,34.1121917],[-98.1073661,34.1063068],[-98.1191026,34.0933227],[-98.1211731,34.0813216],[-98.1183114,34.067168],[-98.1084465,34.0556499],[-98.1010061,34.0500302],[-98.0900334,34.0458502],[-98.0945637,34.0415865],[-98.1058748,34.0388371],[-98.1077656,34.0361742],[-98.1004996,34.0221477],[-98.09496,34.0170344],[-98.0932717,34.0120039],[-98.0851796,34.0030704],[-98.0540469,33.9954421],[-98.0393594,33.9932687],[-98.0224545,33.9933965],[-97.9990618,33.997042],[-97.9788512,34.0015553],[-97.968958,33.9891141],[-97.9638981,33.9875855],[-97.9514597,33.9908304],[-97.9478027,33.9863512],[-97.9568573,33.9598019],[-97.9624261,33.9516321],[-97.9742967,33.9441734],[-97.9717434,33.9372935],[-97.9628659,33.9361926],[-97.9537989,33.9313403],[-97.9561349,33.9192084],[-97.9653887,33.9118462],[-97.9740831,33.9124331],[-97.9809879,33.9090923],[-97.9853048,33.8986847],[-97.9789093,33.8908254],[-97.9706989,33.884358],[-97.9506828,33.8775101],[-97.9348221,33.8787619],[-97.9092672,33.8661149],[-97.9019451,33.8638521],[-97.8897249,33.8561567],[-97.8668362,33.8499903],[-97.8468922,33.8549836],[-97.832137,33.8615272],[-97.8253541,33.8683736],[-97.8114901,33.8756925],[-97.7997604,33.8899714],[-97.7918545,33.9132882],[-97.7833122,33.9148438],[-97.7797359,33.9214943],[-97.7734391,33.9255905],[-97.7596407,33.9290482],[-97.7604556,33.9349555],[-97.7529744,33.9375947],[-97.7330457,33.9375173],[-97.7195074,33.94526],[-97.7091401,33.955636],[-97.7038768,33.9629765],[-97.6940579,33.9836057],[-97.6895062,33.9873109],[-97.6662881,33.9925335],[-97.6499922,33.9928413],[-97.6392012,33.9895306],[-97.6289188,33.9821327],[-97.6250035,33.9744135],[-97.6200088,33.9718453],[-97.611458,33.9713021],[-97.6038215,33.9600314],[-97.5975812,33.9588683],[-97.5881308,33.9492105],[-97.5886647,33.9438416],[-97.5998585,33.9272584],[-97.5977203,33.9212567],[-97.5874264,33.9145463],[-97.5931626,33.9056095],[-97.5873271,33.9028314],[-97.5770019,33.9062762],[-97.5693526,33.8997238],[-97.5608361,33.897641]]]},"properties":{"@id":"relation/1822215","admin_level":"6","attribution":"USGS 2001 County Boundary","border_type":"county","boundary":"administrative","name":"Jefferson County","nist:fips_code":"40067","nist:state_fips":"40","source":"county_import_v0.1_20080508235502","type":"boundary","wikidata":"Q485024","wikipedia":"en:Jefferson County, Oklahoma"},"id":"relation/1822215"},
{"type":"Feature","geometry":{"type":"Polygon","coordinates":[[[-96.40715,34.4184787],[-96.4533577,34.4183935],[-96.4534241,34.4195525],[-96.5137999,34.4195705],[-96.5137791,34.5054815],[-96.6679631,34.5057727],[-96.8279594,34.5061688],[-96.8811343,34.5060464],[-96.8809258,34.4335648],[-96.8809859,34.3325162],[-96.9333689,34.3326724],[-96.9333864,34.2162934],[-96.9335418,34.1728005],[-96.8796634,34.1726196],[-96.7539485,34.1725967],[-96.6698582,34.1722686],[-96.6567376,34.1623235],[-96.6487179,34.1624039],[-96.6425173,34.1682148],[-96.6377644,34.1681228],[-96.6413469,34.1588868],[-96.628337,34.1537497],[-96.6216141,34.1535136],[-96.6099913,34.1470089],[-96.6106875,34.1398256],[-96.5984229,34.1400576],[-96.5996993,34.1345128],[-96.5882096,34.1252043],[-96.5825934,34.1245817],[-96.5853037,34.1142778],[-96.4540683,34.114164],[-96.4540035,34.1574114],[-96.4076304,34.1571939],[-96.4072421,34.3312735],[-96.4069348,34.3742749],[-96.40715,34.4184787]]]},"properties":{"@id":"relation/1822216","admin_level":"6","attribution":"USGS 2001 County Boundary","border_type":"county","boundary":"administrative","name":"Johnston County","nist:fips_code":"40069","nist:state_fips":"40","source":"county_import_v0.1_20080508235502","type":"boundary","wikidata":"Q486651","wikipedia":"en:Johnston County, Oklahoma"},"id":"relation/1822216"},
{"type":"Feature","geometry":{"type":"Polygon","coordinates":[[[-97.6757935,36.1647165],[-97.7674564,36.1645784],[-97.8726615,36.1647888],[-98.0185939,36.1648357],[-98.1037928,36.165007],[-98.2103693,36.1649219],[-98.212067,36.072193],[-98.209892,35.89888],[-98.2072329,35.7250919],[-98.0300982,35.7254764],[-97.9586805,35.7259757],[-97.7642654,35.725806],[-97.6739925,35.7259831],[-97.676086,35.897316],[-97.67646,36.071533],[-97.6757935,36.1647165]]]},"properties":{"@id":"relation/1822217","admin_level":"6","attribution":"USGS 2001 County Boundary","border_type":"county","boundary":"administrative","name":"Kingfisher County","nist:fips_code":"40073","nist:state_fips":"40","population":"15584","source":"county_import_v0.1_20080508235502","type":"boundary","website":"https://kingfisher.okcounties.org/","wikidata":"Q267164","wikipedia":"en:Kingfisher County, Oklahoma"},"id":"relation/1822217"},
{"type":"Feature","geometry":{"type":"Polygon","coordinates":[[[-98.6209496,35.0974392],[-98.6253834,35.1023027],[-98.6251849,35.1084424],[-98.6356563,35.1219001],[-98.6413748,35.1131155],[-98.6503145,35.1149655],[-98.6465701,35.1196716],[-98.6588305,35.1224974],[-98.6639804,35.118013],[-98.6720109,35.119088],[-98.6745806,35.109166],[-98.6913283,35.1085604],[-98.6958666,35.1118955],[-98.7039883,35.11007],[-98.7116165,35.1046985],[-98.7181288,35.1115932],[-98.730365,35.111738],[-98.7369403,35.1030142],[-98.7463483,35.1142788],[-98.7502411,35.116381],[-98.928675,35.116387],[-99.042996,35.116609],[-99.20826,35.116648],[-99.3602655,35.1167265],[-99.4034341,35.1165782],[-99.4045511,35.1093706],[-99.399222,35.1053068],[-99.3999352,35.0988866],[-99.3932549,35.0912496],[-99.383575,35.093513],[-99.3774972,35.0917344],[-99.3772944,35.0866067],[-99.369504,35.0863878],[-99.3690091,35.0732126],[-99.3657582,35.064671],[-99.3731917,35.0601763],[-99.3702319,35.0528146],[-99.3622473,35.0510597],[-99.3536365,35.0535432],[-99.3501804,35.0511968],[-99.3505057,35.0440334],[-99.3383889,35.0407309],[-99.3280939,35.0419355],[-99.3234932,35.0381576],[-99.3243729,35.0322311],[-99.3365784,35.0232303],[-99.329964,35.0220745],[-99.3266517,35.0141283],[-99.3322963,35.0107819],[-99.3361701,34.9968106],[-99.3350286,34.9886929],[-99.3480642,34.9834325],[-99.3436791,34.9707513],[-99.3344692,34.9729747],[-99.3291387,34.954566],[-99.3310513,34.9452625],[-99.3211728,34.9417527],[-99.3110863,34.9349188],[-99.3138183,34.92535],[-99.2987257,34.9245274],[-99.2967425,34.9157973],[-99.2893013,34.9027805],[-99.2964699,34.9010822],[-99.2929874,34.8959626],[-99.2912545,34.8864489],[-99.3081808,34.8891327],[-99.3160763,34.8849959],[-99.318069,34.879856],[-99.3173784,34.8716139],[-99.31173,34.866786],[-99.3062453,34.857448],[-99.2965382,34.8513905],[-99.2881117,34.8523735],[-99.2820858,34.8487551],[-99.2785622,34.839631],[-99.2685891,34.8405699],[-99.256129,34.8362858],[-99.2488238,34.8273079],[-99.2466265,34.8218463],[-99.2407126,34.8165123],[-99.2332033,34.8168194],[-99.2310151,34.8252607],[-99.2212811,34.8296317],[-99.21467,34.8263173],[-99.2111234,34.8297359],[-99.2145883,34.8374275],[-99.2095774,34.839762],[-99.2033596,34.837556],[-99.1928772,34.8443717],[-99.1929433,34.8570919],[-99.1823985,34.8595548],[-99.1735766,34.8555403],[-99.1715804,34.8486104],[-99.1659441,34.8473975],[-99.1540457,34.8482048],[-99.1467443,34.8505132],[-99.1450506,34.8464155],[-99.1515965,34.8421989],[-99.1537122,34.8364945],[-99.1514878,34.8313986],[-99.1540073,34.8275668],[-99.1520634,34.8178859],[-99.1539646,34.8045675],[-99.1491062,34.7973542],[-99.1544285,34.7917626],[-99.1627822,34.7929279],[-99.1659047,34.7883549],[-99.1660833,34.7746398],[-99.1636494,34.7684074],[-99.158163,34.7648006],[-99.1644615,34.7593139],[-99.1614948,34.7521175],[-99.1658009,34.750985],[-99.1732791,34.7548111],[-99.1725791,34.7466043],[-99.1622464,34.742296],[-99.1620224,34.7333992],[-99.1542911,34.7229937],[-99.1595624,34.713452],[-99.1582793,34.7094449],[-99.1493497,34.7025758],[-99.142793,34.701101],[-99.1292937,34.7019148],[-99.1036278,34.695939],[-99.0871757,34.6967093],[-99.0685644,34.7011442],[-99.0541486,34.7020803],[-99.0467461,34.6940228],[-99.0384697,34.6915061],[-99.0418732,34.6856392],[-99.0410923,34.6792662],[-99.0552104,34.6750768],[-99.0672624,34.675308],[-99.0799199,34.673113],[-99.0868415,34.6758247],[-99.0947147,34.6712068],[-99.0966044,34.647087],[-99.1034902,34.638015],[-99.0012602,34.6380075],[-99.001098,34.594402],[-98.9310187,34.5945902],[-98.8260023,34.5944285],[-98.8263482,34.695958],[-98.8262452,34.7835433],[-98.8259123,34.8554891],[-98.6198612,34.8552716],[-98.6198733,34.9127593],[-98.6201894,35.0147663],[-98.6206837,35.0291508],[-98.6209496,35.0974392]]]},"properties":{"@id":"relation/1822218","admin_level":"6","attribution":"USGS 2001 County Boundary","border_type":"county","boundary":"administrative","name":"Kiowa County","nist:fips_code":"40075","nist:state_fips":"40","type":"boundary","website":"https://kiowacountyok.us/","wikidata":"Q485006","wikipedia":"en:Kiowa County, Oklahoma"},"id":"relation/1822218"},
{"type":"Feature","geometry":{"type":"Polygon","coordinates":[[[-94.9277774,35.0582533],[-94.962993,35.0582395],[-95.0329988,35.057573],[-95.1055319,35.0574106],[-95.1384847,35.0578666],[-95.2439864,35.0578755],[-95.3491981,35.0584165],[-95.3492812,35.0293196],[-95.50771,35.0292905],[-95.5073791,34.8549623],[-95.51402,34.8549282],[-95.5146152,34.6810349],[-95.5002796,34.6812806],[-95.4450475,34.6807727],[-95.3370939,34.681],[-95.2523575,34.6806021],[-95.0599652,34.680855],[-95.0594781,34.8550109],[-94.9977605,34.8549639],[-94.9981335,34.9420056],[-94.927567,34.9420993],[-94.9277774,35.0582533]]]},"properties":{"@id":"relation/1822219","admin_level":"6","attribution":"USGS 2001 County Boundary","border_type":"county","boundary":"administrative","name":"Latimer County","nist:fips_code":"40077","nist:state_fips":"40","source":"county_import_v0.1_20080508235502","type":"boundary","website":"https://latimer.okcounties.org/","wikidata":"Q848649","wikipedia":"en:Latimer County, Oklahoma"},"id":"relation/1822219"},
{"type":"Feature","geometry":{"type":"Polygon","coordinates":[[[-97.1414882,35.4640125],[-97.0977059,35.4635232],[-96.8858271,35.4634091],[-96.6248958,35.4627394],[-96.624657,35.556446],[-96.6206674,35.6389632],[-96.6195846,35.7970157],[-96.6196068,35.9153778],[-96.621166,35.9415822],[-96.6421318,35.9419878],[-96.7497568,35.9422788],[-96.8739409,35.9421987],[-96.8919281,35.9414726],[-96.9271692,35.9421067],[-97.1404832,35.9418876],[-97.140553,35.8983896],[-97.1417307,35.8831266],[-97.14114,35.8368325],[-97.1410425,35.7243799],[-97.141321,35.6375895],[-97.1411146,35.5938829],[-97.1414882,35.4640125]]]},"properties":{"@id":"relation/1822220","admin_level":"6","attribution":"USGS 2001 County Boundary","border_type":"county","boundary":"administrative","name":"Lincoln County","nist:fips_code":"40081","nist:state_fips":"40","population":"35042","source":"county_import_v0.1_20080508235502","type":"boundary","website":"https://lincolncountyok.org/","wikidata":"Q495899","wikipedia":"en:Lincoln County, Oklahoma"},"id":"relation/1822220"},
{"type":"Feature","geometry":{"type":"Polygon","coordinates":[[[-97.6739925,35.7259831],[-97.4521478,35.725345],[-97.3008307,35.7251386],[-97.1588341,35.724652],[-97.1410425,35.7243799],[-97.14114,35.8368325],[-97.1417307,35.8831266],[-97.140553,35.8983896],[-97.1404832,35.9418876],[-97.1430074,35.9568299],[-97.1497311,35.9498995],[-97.172943,35.942841],[-97.187157,35.942604],[-97.201256,35.946899],[-97.216354,35.957561],[-97.225212,35.967674],[-97.236,35.968288],[-97.252342,35.97443],[-97.273399,35.973373],[-97.284126,35.976707],[-97.288307,35.993103],[-97.29818,36.009121],[-97.305534,36.01104],[-97.320335,36.010796],[-97.332909,36.007793],[-97.340019,35.994736],[-97.355606,35.984062],[-97.3539337,36.1592226],[-97.3540926,36.1642315],[-97.4605811,36.1644314],[-97.6757935,36.1647165],[-97.67646,36.071533],[-97.676086,35.897316],[-97.6739925,35.7259831]]]},"properties":{"@id":"relation/1822221","admin_level":"6","attribution":"USGS 2001 County Boundary","border_type":"county","boundary":"administrative","name":"Logan County","nist:fips_code":"40083","nist:state_fips":"40","population":"45996","source":"county_import_v0.1_20080508235502","type":"boundary","website":"https://www.logancountyok.com/","wikidata":"Q495906","wikipedia":"en:Logan County, Oklahoma"},"id":"relation/1822221"},
{"type":"Feature","geometry":{"type":"Polygon","coordinates":[[[-97.5608361,33.897641],[-97.5417735,33.900533],[-97.5346314,33.9041573],[-97.5293672,33.9124006],[-97.5132544,33.913904],[-97.5064111,33.9192913],[-97.4900675,33.9190463],[-97.4689889,33.909248],[-97.4572301,33.9021244],[-97.4520803,33.8957127],[-97.4504495,33.8875905],[-97.4504495,33.8746219],[-97.4521661,33.8648584],[-97.4609208,33.8453283],[-97.4598909,33.8378429],[-97.4559427,33.8307846],[-97.4363733,33.8221571],[-97.4206233,33.8185829],[-97.4070192,33.8185027],[-97.3930931,33.8213638],[-97.3786199,33.8300716],[-97.3701548,33.8267205],[-97.3608423,33.8257936],[-97.3557997,33.8300895],[-97.3521734,33.8396786],[-97.354126,33.8428776],[-97.3485256,33.8531694],[-97.3393846,33.8571965],[-97.3348034,33.8653038],[-97.334106,33.8712101],[-97.3278511,33.8716466],[-97.3207593,33.8639854],[-97.3094082,33.8652326],[-97.3038936,33.8721099],[-97.3091293,33.879635],[-97.3100949,33.8855598],[-97.3065114,33.8879735],[-97.2970271,33.8827275],[-97.2913408,33.8749069],[-97.2872639,33.8606178],[-97.2816849,33.8594952],[-97.2731876,33.8633796],[-97.2613431,33.862364],[-97.2462046,33.8793873],[-97.2472346,33.8932725],[-97.2503138,33.8993282],[-97.2489619,33.9072712],[-97.233491,33.916834],[-97.2241783,33.9156053],[-97.2206271,33.9127383],[-97.2053814,33.9155875],[-97.1963048,33.9093905],[-97.1871853,33.8985446],[-97.1759844,33.8931301],[-97.1723367,33.8878221],[-97.1721864,33.8808571],[-97.1766,33.8744539],[-97.1758312,33.869976],[-97.1695926,33.8641383],[-97.1655774,33.8432609],[-97.1745897,33.8312124],[-97.1863485,33.8264353],[-97.1988797,33.8260788],[-97.2043729,33.8194475],[-97.2041781,33.8007193],[-97.2005542,33.7904692],[-97.1895803,33.7829983],[-97.1868375,33.7740387],[-97.189095,33.7572445],[-97.1721864,33.7451125],[-97.1687532,33.7354057],[-97.1646333,33.7304091],[-97.1515012,33.7236276],[-97.1343329,33.7187017],[-97.1230033,33.7178093],[-97.1077683,33.7214859],[-97.0959666,33.7300165],[-97.087169,33.7433639],[-97.0855811,33.7629531],[-97.0879414,33.772086],[-97.0945504,33.7860689],[-97.0968249,33.7965546],[-97.0913317,33.8068251],[-97.0788863,33.8131365],[-97.0505193,33.8179856],[-97.0481589,33.8200536],[-97.0494464,33.8292517],[-97.0579436,33.8361675],[-97.0691016,33.8386627],[-97.0819762,33.8394826],[-97.0902159,33.8418708],[-97.0886281,33.8529555],[-97.08159,33.8570897],[-97.0670846,33.8608672],[-97.0597031,33.859121],[-97.0548537,33.8551296],[-97.0456269,33.839946],[-97.0406487,33.8380924],[-97.0212939,33.8474668],[-97.009578,33.8605821],[-96.9996646,33.869384],[-96.9925406,33.8782205],[-96.9838288,33.8952496],[-96.9844444,33.905],[-96.9886111,33.9191667],[-96.9933333,33.9286111],[-96.9955556,33.9402778],[-96.9947222,33.9475],[-96.9872222,33.9544444],[-96.9786111,33.9558333],[-96.9805556,33.9486111],[-96.9791667,33.9413889],[-96.9713889,33.9355556],[-96.9569444,33.9419444],[-96.9347222,33.9538889],[-96.9348499,34.012922],[-96.9696427,34.0130162],[-96.9697724,34.0709076],[-97.1523431,34.0709552],[-97.247608,34.0709208],[-97.3510824,34.0710739],[-97.5608242,34.0710843],[-97.5609043,34.0032947],[-97.5520209,34.0016093],[-97.5431036,33.9858212],[-97.5608647,33.9837866],[-97.5608361,33.897641]]]},"properties":{"@id":"relation/1822222","admin_level":"6","attribution":"USGS 2001 County Boundary","border_type":"county","boundary":"administrative","name":"Love County","nist:fips_code":"40085","nist:state_fips":"40","source":"county_import_v0.1_20080508235502","type":"boundary","website":"https://love.okcounties.org/","wikidata":"Q489312","wikipedia":"en:Love County, Oklahoma"},"id":"relation/1822222"},
{"type":"Feature","geometry":{"type":"Polygon","coordinates":[[[-98.1044748,36.4631934],[-98.3007417,36.463501],[-98.3543951,36.4633758],[-98.5335136,36.4633738],[-98.5335843,36.3977928],[-98.5525111,36.4022956],[-98.5640682,36.4001793],[-98.5922899,36.3923137],[-98.6028984,36.3908443],[-98.6253888,36.3925963],[-98.644302,36.3972019],[-98.6628585,36.4046022],[-98.6995521,36.4160636],[-98.709278,36.4219629],[-98.7182511,36.4369453],[-98.7268027,36.4453176],[-98.7434736,36.4486737],[-98.7644082,36.4466179],[-98.7774615,36.448437],[-98.7925522,36.4533337],[-98.8079793,36.4608698],[-98.8195075,36.4710307],[-98.8292048,36.4842273],[-98.8384664,36.5000348],[-98.8436859,36.5063167],[-98.9604633,36.5071006],[-98.9603801,36.4781555],[-98.9606397,36.3337051],[-98.9605688,36.2467427],[-98.9559247,36.2466679],[-98.9557669,36.1613416],[-98.787827,36.161251],[-98.725136,36.163391],[-98.6367118,36.1648635],[-98.6012517,36.1656651],[-98.529829,36.1650704],[-98.4434718,36.1648331],[-98.3176143,36.1649809],[-98.2103693,36.1649219],[-98.1037928,36.165007],[-98.1036398,36.2460164],[-98.1044367,36.2460166],[-98.1045623,36.3184718],[-98.1044748,36.4631934]]]},"properties":{"@id":"relation/1822223","admin_level":"6","attribution":"USGS 2001 County Boundary","border_type":"county","boundary":"administrative","name":"Major County","nist:fips_code":"40093","nist:state_fips":"40","source":"county_import_v0.1_20080508235502","type":"boundary","website":"https://majorcountyok.org/","wikidata":"Q495839","wikipedia":"en:Major County, Oklahoma"},"id":"relation/1822223"},
{"type":"Feature","geometry":{"type":"Polygon","coordinates":[[[-96.5888889,33.895],[-96.5910075,33.901961],[-96.582559,33.9082237],[-96.5810394,33.9250182],[-96.5882627,33.9266558],[-96.5932486,33.9329725],[-96.5907733,33.937337],[-96.5965118,33.9450643],[-96.5908106,33.951156],[-96.5778078,33.9584466],[-96.5769567,33.9643548],[-96.5943645,33.9716526],[-96.6004002,33.979423],[-96.6050021,33.9804712],[-96.6126511,33.9898639],[-96.6143011,33.9969866],[-96.623279,34.0023753],[-96.6169374,34.010223],[-96.604289,34.0078559],[-96.6023908,34.0141918],[-96.5933967,34.0167258],[-96.5900121,34.0113195],[-96.5828971,34.0069062],[-96.5788977,34.0091508],[-96.5740945,34.0167033],[-96.5795786,34.0226134],[-96.5789362,34.0298538],[-96.5745168,34.0380269],[-96.5785723,34.044923],[-96.5696058,34.043701],[-96.5683347,34.0477432],[-96.5580168,34.0504508],[-96.5559845,34.0563451],[-96.5481066,34.0632598],[-96.550779,34.0717502],[-96.5606354,34.0733234],[-96.5645284,34.0773682],[-96.5628826,34.0816304],[-96.5714244,34.0965378],[-96.5821747,34.1060433],[-96.5790913,34.1083721],[-96.5853037,34.1142778],[-96.5825934,34.1245817],[-96.5882096,34.1252043],[-96.5996993,34.1345128],[-96.5984229,34.1400576],[-96.6106875,34.1398256],[-96.6099913,34.1470089],[-96.6216141,34.1535136],[-96.628337,34.1537497],[-96.6413469,34.1588868],[-96.6377644,34.1681228],[-96.6425173,34.1682148],[-96.6487179,34.1624039],[-96.6567376,34.1623235],[-96.6698582,34.1722686],[-96.7539485,34.1725967],[-96.8796634,34.1726196],[-96.9335418,34.1728005],[-96.9685601,34.1726238],[-96.9681657,34.0709191],[-96.9697724,34.0709076],[-96.9696427,34.0130162],[-96.9348499,34.012922],[-96.9347222,33.9538889],[-96.9230556,33.9591667],[-96.9166667,33.9580556],[-96.9072222,33.9502778],[-96.8986111,33.9327778],[-96.8958333,33.9108333],[-96.8952778,33.8969444],[-96.8827778,33.8683333],[-96.8788889,33.8636111],[-96.8644444,33.8519444],[-96.8561111,33.8475],[-96.8497222,33.8469444],[-96.8419444,33.8516667],[-96.8402778,33.8652778],[-96.8319444,33.8744444],[-96.8113889,33.8725],[-96.7986111,33.8697222],[-96.7838889,33.8636111],[-96.78,33.8591667],[-96.7766667,33.8427778],[-96.7705556,33.83],[-96.7616667,33.8244444],[-96.7486111,33.8247222],[-96.7244444,33.8302778],[-96.7080556,33.8327778],[-96.6980556,33.8397222],[-96.6894444,33.8513889],[-96.6855556,33.8588889],[-96.6816667,33.8752778],[-96.6830556,33.8836111],[-96.6811111,33.8944444],[-96.6725,33.9125],[-96.6677778,33.9161111],[-96.6555556,33.9144444],[-96.6275,33.8941667],[-96.5888889,33.895]]]},"properties":{"@id":"relation/1822224","admin_level":"6","attribution":"USGS 2001 County Boundary","border_type":"county","boundary":"administrative","name":"Marshall County","nist:fips_code":"40095","nist:state_fips":"40","population":"16232","source":"county_import_v0.1_20080508235502","type":"boundary","website":"https://marshall.okcounties.org/","wikidata":"Q489306","wikipedia":"en:Marshall County, Oklahoma"},"id":"relation/1822224"},
{"type":"Feature","geometry":{"type":"Polygon","coordinates":[[[-95.0111439,36.1616762],[-95.0115032,36.2495629],[-95.00593,36.249609],[-95.0058184,36.3509599],[-95.0055829,36.3750786],[-95.0059103,36.5099415],[-95.1090235,36.510425],[-95.3282481,36.5103531],[-95.4355039,36.5102427],[-95.4355394,36.3941593],[-95.4354565,36.2493951],[-95.4399724,36.2492595],[-95.4401261,36.2204469],[-95.4399731,36.0751581],[-95.3000728,36.0751063],[-95.2079666,36.0746557],[-95.118377,36.074544],[-95.1185672,36.1618419],[-95.0111439,36.1616762]]]},"properties":{"@id":"relation/1822225","admin_level":"6","attribution":"USGS 2001 County Boundary","border_type":"county","boundary":"administrative","name":"Mayes County","nist:fips_code":"40097","nist:state_fips":"40","population":"40887","source":"county_import_v0.1_20080508235502","type":"boundary","website":"https://mayes.okcounties.org/","wikidata":"Q495937","wikipedia":"en:Mayes County, Oklahoma"},"id":"relation/1822225"},
{"type":"Feature","geometry":{"type":"Polygon","coordinates":[[[-97.6707652,35.3335737],[-97.6708927,35.2038039],[-97.6703988,35.2037923],[-97.6704609,35.0779254],[-97.6705623,34.895105],[-97.6708441,34.8551252],[-97.668144,34.8551396],[-97.4595014,34.855313],[-97.2482947,34.8551334],[-97.1066015,34.8550411],[-96.9325043,34.8546151],[-96.9308532,34.8546209],[-96.9307101,34.9658162],[-96.9377321,34.9648429],[-96.9472691,34.9603024],[-96.9578215,34.9488296],[-96.9639949,34.9375228],[-96.9705488,34.9335562],[-96.9803612,34.9328365],[-96.986333,34.929044],[-96.9966262,34.9150709],[-97.0062056,34.90988],[-97.0137755,34.9083113],[-97.0236243,34.9110995],[-97.0351662,34.9115182],[-97.0430415,34.9168545],[-97.0529884,34.9196757],[-97.0610303,34.9257765],[-97.0707214,34.9266215],[-97.0860331,34.9315363],[-97.0944826,34.9235084],[-97.1029819,34.9303719],[-97.1108533,34.9221599],[-97.1192905,34.9204828],[-97.1184665,34.93212],[-97.1255239,34.9355661],[-97.1304383,34.9338177],[-97.1320927,34.927488],[-97.1421829,34.9277376],[-97.146904,34.9317304],[-97.1675096,34.9304341],[-97.1745424,34.928878],[-97.1876688,34.9287899],[-97.1967756,34.9306689],[-97.2081425,34.9442065],[-97.2196586,34.9454579],[-97.2261949,34.9318558],[-97.2315244,34.9414794],[-97.241456,34.9484975],[-97.2450211,34.9465506],[-97.2506976,34.9516787],[-97.2715685,34.9587871],[-97.277355,34.9534033],[-97.2823757,34.9648978],[-97.2949958,34.960857],[-97.3036782,34.9647866],[-97.3130613,34.9642703],[-97.3233786,34.9706339],[-97.332163,34.9693021],[-97.3345074,34.9725498],[-97.3436599,34.9690739],[-97.34684,34.970952],[-97.3417721,34.9786762],[-97.3481476,34.9821609],[-97.3522437,34.9915404],[-97.3457837,35.0079442],[-97.3472115,35.014607],[-97.354076,35.0196511],[-97.350205,35.0241194],[-97.3557127,35.0305257],[-97.3488232,35.0353463],[-97.3479031,35.0402841],[-97.3524162,35.0506286],[-97.354594,35.0770627],[-97.3625226,35.0848322],[-97.3694826,35.0858546],[-97.3869965,35.0810716],[-97.4034688,35.0902201],[-97.4065625,35.0991399],[-97.4051431,35.1089707],[-97.4025942,35.112995],[-97.4054445,35.1242016],[-97.404217,35.1336699],[-97.4115975,35.1410327],[-97.4263218,35.1415066],[-97.4318649,35.1435591],[-97.4389241,35.1500821],[-97.4420126,35.1590171],[-97.4512854,35.1623061],[-97.4578824,35.168682],[-97.4626234,35.1800447],[-97.4784072,35.187826],[-97.4898135,35.1985953],[-97.5009016,35.2003471],[-97.5096785,35.2073235],[-97.5151066,35.2082064],[-97.5170683,35.2130231],[-97.5282467,35.2082204],[-97.5327734,35.2162673],[-97.5444937,35.21552],[-97.550375,35.224276],[-97.5584019,35.2294814],[-97.5550196,35.234322],[-97.5625828,35.2386576],[-97.5654047,35.2452504],[-97.5541686,35.2507076],[-97.5642259,35.253368],[-97.5652023,35.257742],[-97.558388,35.2662076],[-97.5558904,35.2732188],[-97.5559536,35.2863747],[-97.5638805,35.284655],[-97.5676354,35.2883722],[-97.5697918,35.2988213],[-97.574849,35.3018406],[-97.5863409,35.303494],[-97.6174222,35.3030191],[-97.633053,35.3084923],[-97.6436302,35.3264525],[-97.6492907,35.3316152],[-97.6646474,35.3284728],[-97.6707652,35.3335737]]]},"properties":{"@id":"relation/1822226","admin_level":"6","attribution":"USGS 2001 County Boundary","border_type":"county","boundary":"administrative","name":"McClain County","nist:fips_code":"40087","nist:state_fips":"40","population":"38066","source":"county_import_v0.1_20080508235502","type":"boundary","website":"https://mcclain-co-ok.us/","wikidata":"Q495862","wikipedia":"en:McClain County, Oklahoma"},"id":"relation/1822226"},
{"type":"Feature","geometry":{"type":"Polygon","coordinates":[[[-95.3447282,35.2930609],[-95.3448573,35.3506154],[-95.344724,35.491725],[-95.344505,35.551968],[-95.452423,35.551205],[-95.6465607,35.5517997],[-95.712593,35.55191],[-95.822361,35.551693],[-95.8225255,35.4637364],[-95.875417,35.4637032],[-95.875402,35.3766908],[-95.9813993,35.3768871],[-95.9812932,35.2897168],[-95.9814139,35.2029527],[-95.9830698,35.202968],[-95.9832914,35.1511751],[-95.958195,35.1530914],[-95.9452512,35.1511292],[-95.936722,35.1459549],[-95.9220958,35.1420247],[-95.9096706,35.1421579],[-95.8946341,35.148282],[-95.8845034,35.1587731],[-95.878771,35.1668386],[-95.8767613,35.1758124],[-95.8722227,35.1824468],[-95.8637605,35.1840349],[-95.856476,35.1792039],[-95.8492978,35.1806719],[-95.8442622,35.1883501],[-95.8289284,35.187485],[-95.8256474,35.1849084],[-95.8154355,35.1891045],[-95.8063882,35.1865044],[-95.8013659,35.1882103],[-95.780146,35.1913789],[-95.7752846,35.1911244],[-95.7615652,35.1800161],[-95.7581853,35.1818666],[-95.7468496,35.1772427],[-95.7378755,35.1833332],[-95.7338689,35.18263],[-95.7194389,35.1912583],[-95.697558,35.1970126],[-95.6859398,35.2099833],[-95.6803233,35.2129711],[-95.6695595,35.2225283],[-95.6522562,35.2262957],[-95.651649,35.23254],[-95.640732,35.237637],[-95.625031,35.247559],[-95.609444,35.249805],[-95.60302,35.243973],[-95.605812,35.234562],[-95.621872,35.229687],[-95.622482,35.224686],[-95.618149,35.221588],[-95.608376,35.223553],[-95.593552,35.223976],[-95.586182,35.234516],[-95.571404,35.244999],[-95.548164,35.251404],[-95.543312,35.251724],[-95.530304,35.259365],[-95.513618,35.263668],[-95.513039,35.268143],[-95.519531,35.278221],[-95.504051,35.300308],[-95.488594,35.300163],[-95.475533,35.29747],[-95.461945,35.292904],[-95.4511113,35.2957407],[-95.435432,35.299934],[-95.429115,35.303097],[-95.413841,35.321209],[-95.399612,35.327194],[-95.387108,35.326103],[-95.376701,35.316902],[-95.3563452,35.3053536],[-95.351654,35.299362],[-95.352394,35.292511],[-95.3447282,35.2930609]]]},"properties":{"@id":"relation/1822227","admin_level":"6","attribution":"USGS 2001 County Boundary","border_type":"county","boundary":"administrative","name":"McIntosh County","nist:fips_code":"40091","nist:state_fips":"40","population":"19990","source":"county_import_v0.1_20080508235502","type":"boundary","wikidata":"Q495951","wikipedia":"en:McIntosh County, Oklahoma"},"id":"relation/1822227"},
{"type":"Feature","geometry":{"type":"Polygon","coordinates":[[[-97.3521085,34.5068303],[-97.3521592,34.3762455],[-97.1482956,34.3760976],[-97.0373976,34.3755862],[-97.0343402,34.3733896],[-97.0389536,34.3669781],[-97.0354345,34.3559428],[-97.0314434,34.3519216],[-97.0342533,34.3481207],[-97.0424716,34.344418],[-97.0392754,34.3376065],[-97.0289539,34.3324031],[-96.9333689,34.3326724],[-96.8809859,34.3325162],[-96.8809258,34.4335648],[-96.8811343,34.5060464],[-96.8279594,34.5061688],[-96.8271863,34.549653],[-96.8273925,34.5931219],[-96.9324119,34.5932576],[-96.932453,34.6368348],[-97.142577,34.6371291],[-97.1425879,34.6226101],[-97.2002441,34.6227412],[-97.201996,34.619858],[-97.196053,34.611134],[-97.19297,34.599728],[-97.187996,34.597382],[-97.175171,34.596725],[-97.169083,34.59436],[-97.174927,34.583546],[-97.166672,34.578419],[-97.172874,34.57579],[-97.175323,34.566742],[-97.169762,34.565746],[-97.156303,34.56826],[-97.155273,34.56461],[-97.164314,34.560207],[-97.160522,34.555153],[-97.16571,34.548416],[-97.163658,34.540665],[-97.165527,34.532516],[-97.16111,34.530628],[-97.15847,34.524227],[-97.1407224,34.5066167],[-97.2503094,34.5068496],[-97.3521085,34.5068303]]]},"properties":{"@id":"relation/1822228","admin_level":"6","attribution":"USGS 2001 County Boundary","border_type":"county","boundary":"administrative","name":"Murray County","nist:fips_code":"40099","nist:state_fips":"40","source":"county_import_v0.1_20080508235502","type":"boundary","wikidata":"Q489477","wikipedia":"en:Murray County, Oklahoma"},"id":"relation/1822228"},
{"type":"Feature","geometry":{"type":"Polygon","coordinates":[[[-95.1272981,35.6387228],[-95.127163,35.812755],[-95.2650982,35.8131236],[-95.344582,35.813435],[-95.351738,35.818439],[-95.361656,35.820511],[-95.390259,35.812698],[-95.4048,35.80542],[-95.420273,35.802254],[-95.435867,35.796368],[-95.445877,35.800755],[-95.465172,35.800877],[-95.472343,35.805176],[-95.478058,35.80444],[-95.491386,35.798477],[-95.507355,35.796677],[-95.527481,35.790909],[-95.535477,35.789783],[-95.554474,35.783978],[-95.570137,35.77626],[-95.580704,35.768394],[-95.598351,35.767082],[-95.619354,35.779488],[-95.637161,35.787258],[-95.638641,35.792294],[-95.6405957,35.8221536],[-95.650299,35.836662],[-95.648506,35.851593],[-95.654488,35.857662],[-95.7660113,35.8564251],[-95.766265,35.72575],[-95.7131021,35.7258122],[-95.713417,35.650921],[-95.712593,35.55191],[-95.6465607,35.5517997],[-95.452423,35.551205],[-95.344505,35.551968],[-95.344724,35.491725],[-95.3448573,35.3506154],[-95.3447282,35.2930609],[-95.320572,35.301659],[-95.305695,35.302567],[-95.29245,35.297729],[-95.272766,35.282532],[-95.263168,35.270973],[-95.254021,35.262608],[-95.243095,35.262104],[-95.22242,35.273323],[-95.211472,35.283401],[-95.204475,35.29208],[-95.198601,35.303452],[-95.188187,35.305084],[-95.181953,35.301617],[-95.172791,35.303833],[-95.171539,35.313305],[-95.18219,35.338688],[-95.178337,35.348568],[-95.172928,35.352551],[-95.160744,35.351448],[-95.148148,35.346619],[-95.141243,35.353706],[-95.142899,35.358021],[-95.159805,35.36623],[-95.158791,35.372005],[-95.144905,35.377174],[-95.134438,35.37933],[-95.123802,35.374062],[-95.115814,35.377918],[-95.105614,35.395962],[-95.097511,35.401402],[-95.088264,35.404667],[-95.08345,35.409203],[-95.079979,35.432861],[-95.072754,35.444695],[-95.061897,35.452644],[-95.050568,35.457924],[-95.060822,35.464825],[-95.064491,35.465206],[-95.076271,35.458565],[-95.085754,35.461735],[-95.089073,35.472019],[-95.095924,35.486034],[-95.109489,35.496212],[-95.124039,35.511196],[-95.1321931,35.526415],[-95.1322137,35.5518046],[-95.1273705,35.5518421],[-95.1272981,35.6387228]]]},"properties":{"@id":"relation/1822229","admin_level":"6","attribution":"USGS 2001 County Boundary","border_type":"county","boundary":"administrative","name":"Muskogee County","nist:fips_code":"40101","nist:state_fips":"40","population":"69699","source":"county_import_v0.1_20080508235502","source:population":"https://www.census.gov/programs-surveys/popest.html","type":"boundary","website":"https://muskogee.okcounties.org/","wikidata":"Q495867","wikipedia":"en:Muskogee County, Oklahoma"},"id":"relation/1822229"},
{"type":"Feature","geometry":{"type":"Polygon","coordinates":[[[-97.3539337,36.1592226],[-97.1406863,36.1592183],[-97.140968,36.246435],[-96.9249973,36.2465164],[-96.9249094,36.3333683],[-97.032106,36.333354],[-97.0321422,36.506972],[-97.009528,36.507048],[-97.010872,36.510513],[-97.008324,36.520443],[-96.997818,36.527527],[-96.977013,36.534435],[-96.956375,36.534996],[-96.945984,36.537994],[-96.938988,36.542412],[-96.926071,36.553982],[-96.917503,36.552925],[-96.900284,36.553986],[-96.892105,36.559742],[-96.887283,36.568275],[-96.88755,36.579163],[-96.903389,36.586697],[-96.916199,36.600075],[-96.938667,36.595924],[-96.952621,36.588905],[-96.961235,36.588146],[-96.973953,36.584278],[-96.986031,36.582668],[-97.003197,36.583862],[-97.015259,36.582703],[-97.04155,36.585854],[-97.051231,36.58828],[-97.0572783,36.5937778],[-97.1394066,36.59407],[-97.2470337,36.5938687],[-97.355469,36.593277],[-97.461713,36.5934686],[-97.4615776,36.5064344],[-97.4612773,36.4483197],[-97.4610355,36.3040719],[-97.4612642,36.2460206],[-97.4605062,36.2460375],[-97.4605811,36.1644314],[-97.3540926,36.1642315],[-97.3539337,36.1592226]]]},"properties":{"@id":"relation/1822230","admin_level":"6","attribution":"USGS 2001 County Boundary","border_type":"county","boundary":"administrative","name":"Noble County","nist:fips_code":"40103","nist:state_fips":"40","source":"county_import_v0.1_20080508235502","type":"boundary","website":"https://www.noblecountyok.com/","wikidata":"Q495570","wikipedia":"en:Noble County, Oklahoma"},"id":"relation/1822230"},
{"type":"Feature","geometry":{"type":"Polygon","coordinates":[[[-96.4413099,35.2901425],[-96.2731628,35.2900729],[-96.1446207,35.2899563],[-95.9812932,35.2897168],[-95.9813993,35.3768871],[-96.0873884,35.3768006],[-96.0878259,35.4930183],[-96.0877505,35.5520436],[-96.1927101,35.5518025],[-96.1925363,35.6390534],[-96.3343008,35.6388521],[-96.3871658,35.6392371],[-96.4946558,35.6389325],[-96.6077849,35.6388071],[-96.6206674,35.6389632],[-96.624657,35.556446],[-96.6248958,35.4627394],[-96.6238298,35.4009694],[-96.620071,35.395191],[-96.614464,35.394173],[-96.609795,35.399071],[-96.600197,35.39933],[-96.595367,35.409222],[-96.590729,35.413212],[-96.585144,35.411282],[-96.580315,35.403465],[-96.567398,35.401386],[-96.56002,35.402592],[-96.559052,35.397579],[-96.5485,35.392368],[-96.536598,35.393936],[-96.534645,35.402065],[-96.542305,35.409492],[-96.554077,35.412006],[-96.5522,35.41787],[-96.55658,35.422047],[-96.562782,35.422173],[-96.563683,35.429459],[-96.560661,35.435749],[-96.57177,35.441425],[-96.565361,35.447651],[-96.560829,35.448013],[-96.557228,35.45475],[-96.551033,35.454166],[-96.546356,35.459064],[-96.540474,35.448952],[-96.52774,35.440968],[-96.525124,35.434559],[-96.519035,35.430798],[-96.498207,35.428997],[-96.4917117,35.4303929],[-96.485497,35.437805],[-96.489685,35.447884],[-96.483284,35.453651],[-96.481972,35.459072],[-96.474518,35.462543],[-96.46962,35.456993],[-96.463303,35.460037],[-96.445793,35.460114],[-96.442116,35.468662],[-96.4413099,35.2901425]]]},"properties":{"@id":"relation/1822231","admin_level":"6","attribution":"USGS 2001 County Boundary","border_type":"county","boundary":"administrative","name":"Okfuskee County","nist:fips_code":"40107","nist:state_fips":"40","source":"county_import_v0.1_20080508235502","type":"boundary","wikidata":"Q495885","wikipedia":"en:Okfuskee County, Oklahoma"},"id":"relation/1822231"},
{"type":"Feature","geometry":{"type":"Polygon","coordinates":[[[-97.6713492,35.3771467],[-97.57014,35.3771159],[-97.4058208,35.3773552],[-97.2638498,35.3773681],[-97.142099,35.3768782],[-97.1414882,35.4640125],[-97.1411146,35.5938829],[-97.141321,35.6375895],[-97.1410425,35.7243799],[-97.1588341,35.724652],[-97.3008307,35.7251386],[-97.4521478,35.725345],[-97.6739925,35.7259831],[-97.6740183,35.5510926],[-97.6714605,35.5510926],[-97.6713492,35.3771467]]]},"properties":{"@id":"relation/1822232","admin_level":"6","attribution":"USGS 2001 County Boundary","border_type":"county","boundary":"administrative","name":"Oklahoma County","name:ar":"مقاطعة أوكلاهوما","name:br":"Kontelezh Oklahoma","name:en":"Oklahoma County","name:es":"Condado de Oklahoma","name:fa":"شهرستان اکلاهما","name:fr":"Comté d'Oklahoma","name:pnb":"اوکلاہوما کاؤنٹی","name:pt":"Condado de Oklahoma","name:ur":"اوکلاہوما کاؤنٹی","nist:fips_code":"40109","nist:state_fips":"40","population":"776864","source:population":"https://www.census.gov/programs-surveys/popest.html","type":"boundary","website":"https://www.oklahomacounty.org/","wikidata":"Q485038","wikipedia":"en:Oklahoma County, Oklahoma"},"id":"relation/1822232"},
{"type":"Feature","geometry":{"type":"Polygon","coordinates":[[[-95.8192611,35.8561134],[-96.0330902,35.8569886],[-96.1920938,35.8570882],[-96.1927315,35.6889218],[-96.1925363,35.6390534],[-96.1927101,35.5518025],[-96.0877505,35.5520436],[-96.0878259,35.4930183],[-96.0873884,35.3768006],[-95.9813993,35.3768871],[-95.875402,35.3766908],[-95.875417,35.4637032],[-95.8225255,35.4637364],[-95.822361,35.551693],[-95.712593,35.55191],[-95.713417,35.650921],[-95.7131021,35.7258122],[-95.766265,35.72575],[-95.7660113,35.8564251],[-95.8192611,35.8561134]]]},"properties":{"@id":"relation/1822233","admin_level":"6","attribution":"USGS 2001 County Boundary","border_type":"county","boundary":"administrative","name":"Okmulgee County","nist:fips_code":"40111","nist:state_fips":"40","type":"boundary","website":"https://www.okmulgeeonline.com/","wikidata":"Q495930","wikipedia":"en:Okmulgee County, Oklahoma"},"id":"relation/1822233"},
{"type":"Feature","geometry":{"type":"Polygon","coordinates":[[[-96.9249973,36.2465164],[-96.8189947,36.2464619],[-96.8187356,36.2168755],[-96.819005,36.158886],[-96.6213966,36.1599422],[-96.6213103,36.163517],[-96.6060519,36.16338],[-96.429436,36.164188],[-96.417458,36.164383],[-96.329697,36.163361],[-96.2978314,36.1621672],[-96.2685877,36.1620713],[-96.2695468,36.173256],[-96.2647754,36.1792703],[-96.2468131,36.192322],[-96.2428857,36.2010168],[-96.2434891,36.2085994],[-96.247111,36.216059],[-96.2553195,36.2248411],[-96.2674325,36.2275418],[-96.2916571,36.2267407],[-96.3086236,36.2282435],[-96.3222964,36.2263156],[-96.3366032,36.2284216],[-96.3488391,36.235243],[-96.3626919,36.2499029],[-96.3844935,36.265846],[-96.3991698,36.2727956],[-96.4221354,36.2775617],[-96.4273761,36.2798034],[-96.4348185,36.2870265],[-96.4384452,36.2957989],[-96.4395029,36.3071565],[-96.4505769,36.3261907],[-96.4575563,36.3325457],[-96.4623608,36.3339167],[-96.4818426,36.3320485],[-96.4879471,36.3281875],[-96.495327,36.3189834],[-96.5012686,36.3081365],[-96.5065135,36.3032983],[-96.5154642,36.2990909],[-96.5367548,36.2967155],[-96.5487562,36.2989014],[-96.5648896,36.3071654],[-96.5722972,36.3147263],[-96.5720993,36.3308312],[-96.5697986,36.3366076],[-96.5554386,36.350845],[-96.5381201,36.3544185],[-96.525254,36.3628534],[-96.518773,36.3702287],[-96.5211549,36.3837537],[-96.526238,36.3927237],[-96.5395242,36.3996886],[-96.5498159,36.395465],[-96.5696918,36.3777981],[-96.5772311,36.3738392],[-96.5863952,36.3736942],[-96.600804,36.3813769],[-96.6078126,36.4039443],[-96.6209728,36.4113385],[-96.6254945,36.4204104],[-96.6368561,36.4257227],[-96.6737721,36.4208391],[-96.6909836,36.4245195],[-96.7012061,36.4312122],[-96.703887,36.4350229],[-96.7141838,36.4410838],[-96.7171791,36.4452263],[-96.7173239,36.4548049],[-96.7071178,36.479202],[-96.7086574,36.4906139],[-96.7215328,36.4989655],[-96.7249727,36.5033337],[-96.7230104,36.5100984],[-96.7232985,36.5193894],[-96.7265701,36.5250974],[-96.7322612,36.5423032],[-96.7386241,36.5517509],[-96.7531906,36.5623802],[-96.7689646,36.5653174],[-96.7828042,36.5604271],[-96.7897158,36.5559417],[-96.7996375,36.552835],[-96.8209963,36.5389243],[-96.8265903,36.5294827],[-96.837512,36.5214519],[-96.8383916,36.5111446],[-96.8548562,36.4878028],[-96.8600448,36.4855534],[-96.8757398,36.4709073],[-96.8873844,36.4719714],[-96.9001326,36.4679814],[-96.9113306,36.4682403],[-96.9173131,36.4641589],[-96.9255703,36.4624029],[-96.9337785,36.4562444],[-96.9386033,36.4554823],[-96.9544364,36.459871],[-96.9658961,36.4603881],[-96.9741002,36.462729],[-96.981749,36.4680169],[-97.001183,36.487217],[-97.005676,36.490467],[-97.011185,36.498722],[-97.009528,36.507048],[-97.0321422,36.506972],[-97.032106,36.333354],[-96.9249094,36.3333683],[-96.9249973,36.2465164]]]},"properties":{"@id":"relation/1822234","admin_level":"6","attribution":"USGS 2001 County Boundary","border_type":"county","boundary":"administrative","name":"Pawnee County","nist:fips_code":"40117","nist:state_fips":"40","population":"16436","source":"county_import_v0.1_20080508235502","type":"boundary","wikidata":"Q489471","wikipedia":"en:Pawnee County, Oklahoma"},"id":"relation/1822234"},
{"type":"Feature","geometry":{"type":"Polygon","coordinates":[[[-96.6213966,36.1599422],[-96.819005,36.158886],[-96.8187356,36.2168755],[-96.8189947,36.2464619],[-96.9249973,36.2465164],[-97.140968,36.246435],[-97.1406863,36.1592183],[-97.3539337,36.1592226],[-97.355606,35.984062],[-97.340019,35.994736],[-97.332909,36.007793],[-97.320335,36.010796],[-97.305534,36.01104],[-97.29818,36.009121],[-97.288307,35.993103],[-97.284126,35.976707],[-97.273399,35.973373],[-97.252342,35.97443],[-97.236,35.968288],[-97.225212,35.967674],[-97.216354,35.957561],[-97.201256,35.946899],[-97.187157,35.942604],[-97.172943,35.942841],[-97.1497311,35.9498995],[-97.1430074,35.9568299],[-97.1404832,35.9418876],[-96.9271692,35.9421067],[-96.8919281,35.9414726],[-96.8739409,35.9421987],[-96.7497568,35.9422788],[-96.6421318,35.9419878],[-96.621166,35.9415822],[-96.6216337,35.988541],[-96.6221527,36.0000433],[-96.6231204,36.0658962],[-96.6220976,36.1454158],[-96.6213966,36.1599422]]]},"properties":{"@id":"relation/1822235","admin_level":"6","attribution":"USGS 2001 County Boundary","border_type":"county","boundary":"administrative","name":"Payne County","nist:fips_code":"40119","nist:state_fips":"40","population":"80850","source":"county_import_v0.1_20080508235502","source:population":"https://www.census.gov/programs-surveys/popest.html","type":"boundary","website":"https://www.paynecounty.org/","wikidata":"Q495873","wikipedia":"en:Payne County, Oklahoma"},"id":"relation/1822235"},
{"type":"Feature","geometry":{"type":"Polygon","coordinates":[[[-95.4511113,35.2957407],[-95.461945,35.292904],[-95.475533,35.29747],[-95.488594,35.300163],[-95.504051,35.300308],[-95.519531,35.278221],[-95.513039,35.268143],[-95.513618,35.263668],[-95.530304,35.259365],[-95.543312,35.251724],[-95.548164,35.251404],[-95.571404,35.244999],[-95.586182,35.234516],[-95.593552,35.223976],[-95.608376,35.223553],[-95.618149,35.221588],[-95.622482,35.224686],[-95.621872,35.229687],[-95.605812,35.234562],[-95.60302,35.243973],[-95.609444,35.249805],[-95.625031,35.247559],[-95.640732,35.237637],[-95.651649,35.23254],[-95.6522562,35.2262957],[-95.6695595,35.2225283],[-95.6803233,35.2129711],[-95.6859398,35.2099833],[-95.697558,35.1970126],[-95.7194389,35.1912583],[-95.7338689,35.18263],[-95.7378755,35.1833332],[-95.7468496,35.1772427],[-95.7581853,35.1818666],[-95.7615652,35.1800161],[-95.7752846,35.1911244],[-95.780146,35.1913789],[-95.8013659,35.1882103],[-95.8063882,35.1865044],[-95.8154355,35.1891045],[-95.8256474,35.1849084],[-95.8289284,35.187485],[-95.8442622,35.1883501],[-95.8492978,35.1806719],[-95.856476,35.1792039],[-95.8637605,35.1840349],[-95.8722227,35.1824468],[-95.8767613,35.1758124],[-95.878771,35.1668386],[-95.8845034,35.1587731],[-95.8946341,35.148282],[-95.9096706,35.1421579],[-95.9220958,35.1420247],[-95.936722,35.1459549],[-95.9452512,35.1511292],[-95.958195,35.1530914],[-95.9832914,35.1511751],[-96.0072941,35.148233],[-96.0126765,35.1456866],[-96.0135904,35.1350036],[-96.009383,35.1292532],[-96.0079409,35.1198269],[-96.0102519,35.1158598],[-96.0283115,35.1213637],[-96.0375639,35.1095734],[-96.0441136,35.1037081],[-96.05475,35.0986727],[-96.0605813,35.0902258],[-96.067289,35.0568935],[-96.0721876,35.0534089],[-96.0888946,35.0494523],[-96.0890262,34.9104571],[-96.0891831,34.8546492],[-96.0920013,34.8546948],[-96.0920918,34.7674963],[-96.0922009,34.6804394],[-95.8822257,34.6804315],[-95.8819613,34.593525],[-95.7766464,34.5936218],[-95.7597733,34.5938426],[-95.6719589,34.5938506],[-95.5143819,34.5940385],[-95.5147091,34.6375458],[-95.5146152,34.6810349],[-95.51402,34.8549282],[-95.5073791,34.8549623],[-95.50771,35.0292905],[-95.3492812,35.0293196],[-95.3491981,35.0584165],[-95.348778,35.160042],[-95.4552,35.16013],[-95.4553373,35.2027327],[-95.4508671,35.2027535],[-95.4511113,35.2957407]]]},"properties":{"@id":"relation/1822236","admin_level":"6","attribution":"USGS 2001 County Boundary","border_type":"county","boundary":"administrative","name":"Pittsburg County","nist:fips_code":"40121","nist:state_fips":"40","population":"44610","source":"county_import_v0.1_20080508235502","type":"boundary","website":"https://pittsburg.okcounties.org/","wikidata":"Q495479","wikipedia":"en:Pittsburg County, Oklahoma"},"id":"relation/1822236"},
{"type":"Feature","geometry":{"type":"Polygon","coordinates":[[[-96.4062576,34.7675],[-96.4061077,34.8501814],[-96.4061652,34.9296123],[-96.4222455,34.9036047],[-96.4286507,34.9020442],[-96.4364597,34.9052107],[-96.4420385,34.9103991],[-96.4555439,34.9113327],[-96.4690394,34.9183077],[-96.474983,34.9185686],[-96.4908035,34.9099723],[-96.5017398,34.8972353],[-96.5024958,34.8924358],[-96.5143168,34.872595],[-96.5214968,34.8687615],[-96.5287428,34.8689144],[-96.5381446,34.878223],[-96.5436944,34.8802136],[-96.5531244,34.890217],[-96.5550388,34.8969513],[-96.554866,34.9113716],[-96.5639394,34.9190985],[-96.5712412,34.9190185],[-96.5823597,34.9099268],[-96.605512,34.901728],[-96.6224125,34.8989045],[-96.6362582,34.8979354],[-96.6460978,34.9007682],[-96.6547068,34.9079083],[-96.6568296,34.9201994],[-96.6600825,34.9251882],[-96.6784658,34.9329778],[-96.6879092,34.9340618],[-96.6962488,34.9316087],[-96.7123623,34.9184472],[-96.7108794,34.9118822],[-96.6930088,34.9011624],[-96.6856369,34.8881947],[-96.68518,34.881834],[-96.6917169,34.8730198],[-96.6944077,34.8661775],[-96.7233071,34.8556001],[-96.7326004,34.8582295],[-96.7430541,34.8713479],[-96.743317,34.874867],[-96.7537574,34.8992368],[-96.7663157,34.9041293],[-96.7754883,34.9009317],[-96.7867209,34.8975945],[-96.7982355,34.8997145],[-96.7986009,34.9250668],[-96.8013266,34.9392583],[-96.8106466,34.9409571],[-96.8268421,34.9499219],[-96.8306231,34.9473655],[-96.8307094,34.9412902],[-96.8373413,34.9331018],[-96.8438383,34.9306538],[-96.8517397,34.933337],[-96.861565,34.9294241],[-96.8799222,34.9262816],[-96.8958389,34.9333789],[-96.9032861,34.9441099],[-96.9056901,34.9521045],[-96.9111765,34.9600606],[-96.9307101,34.9658162],[-96.9308532,34.8546209],[-96.9325043,34.8546151],[-96.9324832,34.7675132],[-96.932453,34.6368348],[-96.9324119,34.5932576],[-96.8273925,34.5931219],[-96.8271863,34.549653],[-96.8279594,34.5061688],[-96.6679631,34.5057727],[-96.5137791,34.5054815],[-96.5120868,34.5054993],[-96.5121426,34.6800714],[-96.406522,34.6803244],[-96.4062195,34.6955567],[-96.4062576,34.7675]]]},"properties":{"@id":"relation/1822237","admin_level":"6","attribution":"USGS 2001 County Boundary","border_type":"county","boundary":"administrative","name":"Pontotoc County","nist:fips_code":"40123","nist:state_fips":"40","population":"38194","source":"county_import_v0.1_20080508235502","type":"boundary","website":"https://pontotoc.okcounties.org/","wikidata":"Q495856","wikipedia":"en:Pontotoc County, Oklahoma"},"id":"relation/1822237"},
{"type":"Feature","geometry":{"type":"Polygon","coordinates":[[[-96.6248958,35.4627394],[-96.8858271,35.4634091],[-97.0977059,35.4635232],[-97.1414882,35.4640125],[-97.142099,35.3768782],[-97.1414782,35.2028809],[-97.1420229,35.202877],[-97.1420196,35.0657937],[-97.1421829,34.9277376],[-97.1320927,34.927488],[-97.1304383,34.9338177],[-97.1255239,34.9355661],[-97.1184665,34.93212],[-97.1192905,34.9204828],[-97.1108533,34.9221599],[-97.1029819,34.9303719],[-97.0944826,34.9235084],[-97.0860331,34.9315363],[-97.0707214,34.9266215],[-97.0610303,34.9257765],[-97.0529884,34.9196757],[-97.0430415,34.9168545],[-97.0351662,34.9115182],[-97.0236243,34.9110995],[-97.0137755,34.9083113],[-97.0062056,34.90988],[-96.9966262,34.9150709],[-96.986333,34.929044],[-96.9803612,34.9328365],[-96.9705488,34.9335562],[-96.9639949,34.9375228],[-96.9578215,34.9488296],[-96.9472691,34.9603024],[-96.9377321,34.9648429],[-96.9307101,34.9658162],[-96.9111765,34.9600606],[-96.9056901,34.9521045],[-96.9032861,34.9441099],[-96.8958389,34.9333789],[-96.8799222,34.9262816],[-96.861565,34.9294241],[-96.8517397,34.933337],[-96.8438383,34.9306538],[-96.8373413,34.9331018],[-96.8307094,34.9412902],[-96.8306231,34.9473655],[-96.8268421,34.9499219],[-96.8106466,34.9409571],[-96.8013266,34.9392583],[-96.7986009,34.9250668],[-96.7982355,34.8997145],[-96.7867209,34.8975945],[-96.7754883,34.9009317],[-96.7754179,35.0202914],[-96.7754336,35.1020237],[-96.7758464,35.1514101],[-96.7767916,35.1731697],[-96.7769981,35.2795053],[-96.7765863,35.3613503],[-96.7767277,35.4108704],[-96.747276,35.406315],[-96.739059,35.417053],[-96.740631,35.421169],[-96.733757,35.424671],[-96.725281,35.424961],[-96.721519,35.418533],[-96.723953,35.412678],[-96.709106,35.418293],[-96.702019,35.409985],[-96.686928,35.405148],[-96.679031,35.404991],[-96.662926,35.396503],[-96.656754,35.395473],[-96.650124,35.3908],[-96.638596,35.398743],[-96.634872,35.391403],[-96.63015,35.398121],[-96.6238298,35.4009694],[-96.6248958,35.4627394]]]},"properties":{"@id":"relation/1822238","admin_level":"6","attribution":"USGS 2001 County Boundary","border_type":"county","boundary":"administrative","name":"Pottawatomie County","nist:fips_code":"40125","nist:state_fips":"40","population":"71875","source":"county_import_v0.1_20080508235502","source:population":"https://www.census.gov/programs-surveys/popest.html","type":"boundary","website":"https://www.pottawatomiecountyok.gov/","wikidata":"Q495880","wikipedia":"en:Pottawatomie County, Oklahoma"},"id":"relation/1822238"},
{"type":"Feature","geometry":{"type":"Polygon","coordinates":[[[-95.6719589,34.5938506],[-95.6716484,34.5067781],[-95.7790299,34.5067395],[-95.7788886,34.4614135],[-95.7793093,34.3309944],[-95.7791408,34.20012],[-95.7793706,34.1566475],[-95.6173095,34.1566429],[-95.4694489,34.1568624],[-95.3813843,34.1569201],[-95.1564509,34.1569225],[-95.1513366,34.1569252],[-95.1513014,34.2438725],[-95.0465411,34.2436744],[-95.04647,34.2870279],[-95.0466321,34.4319837],[-95.0467363,34.5072289],[-94.9376662,34.5071887],[-94.9375954,34.6806414],[-95.0599652,34.680855],[-95.2523575,34.6806021],[-95.3370939,34.681],[-95.4450475,34.6807727],[-95.5002796,34.6812806],[-95.5146152,34.6810349],[-95.5147091,34.6375458],[-95.5143819,34.5940385],[-95.6719589,34.5938506]]]},"properties":{"@id":"relation/1822239","admin_level":"6","attribution":"USGS 2001 County Boundary","border_type":"county","boundary":"administrative","name":"Pushmataha County","name:ru":"Пушматаха","nist:fips_code":"40127","nist:state_fips":"40","source":"county_import_v0.1_20080508235502","type":"boundary","wikidata":"Q489463","wikipedia":"en:Pushmataha County, Oklahoma"},"id":"relation/1822239"},
{"type":"Feature","geometry":{"type":"Polygon","coordinates":[[[-99.3641731,35.5088327],[-99.3641746,35.5516443],[-99.3770467,35.5517723],[-99.3758063,35.812119],[-99.3759622,35.8989439],[-99.3811015,35.8989817],[-99.380867,36.017044],[-99.414429,36.01693],[-99.430344,36.015965],[-99.444534,36.010017],[-99.463799,35.999508],[-99.478523,35.989925],[-99.487556,35.979454],[-99.499458,35.973961],[-99.508492,35.964848],[-99.506142,35.953518],[-99.506676,35.948071],[-99.515625,35.92807],[-99.53196,35.907581],[-99.54158,35.903],[-99.556198,35.882519],[-99.557793,35.867538],[-99.562286,35.862072],[-99.585526,35.857422],[-99.600235,35.851906],[-99.614899,35.840034],[-99.629082,35.839958],[-99.641602,35.844429],[-99.661484,35.847042],[-99.677376,35.846954],[-99.697876,35.855003],[-99.714897,35.853992],[-99.718948,35.862591],[-99.725784,35.865273],[-99.737221,35.873821],[-99.752068,35.882351],[-99.76004,35.885021],[-99.772545,35.886753],[-99.783958,35.892124],[-99.787979,35.896183],[-99.7938,35.910206],[-99.808723,35.924625],[-99.811119,35.936405],[-99.809013,35.951843],[-99.801857,35.973671],[-99.801949,35.982742],[-99.80777,35.994953],[-99.822708,36.008915],[-99.839798,36.011517],[-99.852234,36.005077],[-99.893959,35.974831],[-99.899017,35.969799],[-99.905136,35.958866],[-99.903854,35.946171],[-99.904877,35.937092],[-99.913239,35.923416],[-99.927246,35.907429],[-99.947044,35.900921],[-99.956635,35.895851],[-99.97419,35.892082],[-100.0003962,35.879198],[-100.000394,35.745116],[-100.000398,35.6190987],[-100.0003904,35.5191302],[-100.0003773,35.4222407],[-99.7934469,35.4222156],[-99.6110713,35.4213716],[-99.5757162,35.421556],[-99.575724,35.508758],[-99.3641731,35.5088327]]]},"properties":{"@id":"relation/1822240","admin_level":"6","attribution":"USGS 2001 County Boundary","border_type":"county","boundary":"administrative","name":"Roger Mills County","nist:fips_code":"40129","nist:state_fips":"40","source":"county_import_v0.1_20080508235502","type":"boundary","wikidata":"Q489332","wikipedia":"en:Roger Mills County, Oklahoma"},"id":"relation/1822240"},
{"type":"Feature","geometry":{"type":"Polygon","coordinates":[[[-95.7615724,36.1625067],[-95.6185273,36.1624765],[-95.6167481,36.146389],[-95.6091172,36.1403624],[-95.6038857,36.1322425],[-95.5947447,36.129227],[-95.5915046,36.1369043],[-95.5871997,36.1342883],[-95.5781387,36.1342365],[-95.5678375,36.1300066],[-95.569928,36.1201741],[-95.5700255,36.1100217],[-95.5635603,36.1018985],[-95.5531785,36.0925363],[-95.5558807,36.0835327],[-95.5648756,36.0845519],[-95.5783282,36.0792332],[-95.5714244,36.0753237],[-95.4399731,36.0751581],[-95.4401261,36.2204469],[-95.4399724,36.2492595],[-95.4354565,36.2493951],[-95.4355394,36.3941593],[-95.4355039,36.5102427],[-95.3282481,36.5103531],[-95.3284874,36.5975717],[-95.4315327,36.5975631],[-95.6330776,36.5975545],[-95.8096509,36.5974939],[-95.812438,36.5974994],[-95.813347,36.510574],[-95.8121765,36.4234899],[-95.7943452,36.4235264],[-95.7942476,36.3944709],[-95.8121625,36.3945773],[-95.8122102,36.2495856],[-95.8154587,36.249476],[-95.8154176,36.1625712],[-95.7615724,36.1625067]]]},"properties":{"@id":"relation/1822241","admin_level":"6","attribution":"USGS 2001 County Boundary","border_type":"county","boundary":"administrative","name":"Rogers County","nist:fips_code":"40131","nist:state_fips":"40","population":"90802","source":"county_import_v0.1_20080508235502","source:population":"https://www.census.gov/programs-surveys/popest.html","type":"boundary","website":"https://rogerscounty.org","wikidata":"Q495912","wikipedia":"en:Rogers County, Oklahoma"},"id":"relation/1822241"},
{"type":"Feature","geometry":{"type":"Polygon","coordinates":[[[-96.7754883,34.9009317],[-96.7663157,34.9041293],[-96.7537574,34.8992368],[-96.743317,34.874867],[-96.7430541,34.8713479],[-96.7326004,34.8582295],[-96.7233071,34.8556001],[-96.6944077,34.8661775],[-96.6917169,34.8730198],[-96.68518,34.881834],[-96.6856369,34.8881947],[-96.6930088,34.9011624],[-96.7108794,34.9118822],[-96.7123623,34.9184472],[-96.6962488,34.9316087],[-96.6879092,34.9340618],[-96.6784658,34.9329778],[-96.6600825,34.9251882],[-96.6568296,34.9201994],[-96.6547068,34.9079083],[-96.6460978,34.9007682],[-96.6362582,34.8979354],[-96.6224125,34.8989045],[-96.605512,34.901728],[-96.5823597,34.9099268],[-96.5712412,34.9190185],[-96.5639394,34.9190985],[-96.554866,34.9113716],[-96.5550388,34.8969513],[-96.5531244,34.890217],[-96.5436944,34.8802136],[-96.5381446,34.878223],[-96.5287428,34.8689144],[-96.5214968,34.8687615],[-96.5143168,34.872595],[-96.5024958,34.8924358],[-96.5017398,34.8972353],[-96.4908035,34.9099723],[-96.490546,35.0288065],[-96.4905969,35.1159485],[-96.441336,35.1156713],[-96.4412179,35.1517459],[-96.4413099,35.2901425],[-96.442116,35.468662],[-96.445793,35.460114],[-96.463303,35.460037],[-96.46962,35.456993],[-96.474518,35.462543],[-96.481972,35.459072],[-96.483284,35.453651],[-96.489685,35.447884],[-96.485497,35.437805],[-96.4917117,35.4303929],[-96.498207,35.428997],[-96.519035,35.430798],[-96.525124,35.434559],[-96.52774,35.440968],[-96.540474,35.448952],[-96.546356,35.459064],[-96.551033,35.454166],[-96.557228,35.45475],[-96.560829,35.448013],[-96.565361,35.447651],[-96.57177,35.441425],[-96.560661,35.435749],[-96.563683,35.429459],[-96.562782,35.422173],[-96.55658,35.422047],[-96.5522,35.41787],[-96.554077,35.412006],[-96.542305,35.409492],[-96.534645,35.402065],[-96.536598,35.393936],[-96.5485,35.392368],[-96.559052,35.397579],[-96.56002,35.402592],[-96.567398,35.401386],[-96.580315,35.403465],[-96.585144,35.411282],[-96.590729,35.413212],[-96.595367,35.409222],[-96.600197,35.39933],[-96.609795,35.399071],[-96.614464,35.394173],[-96.620071,35.395191],[-96.6238298,35.4009694],[-96.63015,35.398121],[-96.634872,35.391403],[-96.638596,35.398743],[-96.650124,35.3908],[-96.656754,35.395473],[-96.662926,35.396503],[-96.679031,35.404991],[-96.686928,35.405148],[-96.702019,35.409985],[-96.709106,35.418293],[-96.723953,35.412678],[-96.721519,35.418533],[-96.725281,35.424961],[-96.733757,35.424671],[-96.740631,35.421169],[-96.739059,35.417053],[-96.747276,35.406315],[-96.7767277,35.4108704],[-96.7765863,35.3613503],[-96.7769981,35.2795053],[-96.7767916,35.1731697],[-96.7758464,35.1514101],[-96.7754336,35.1020237],[-96.7754179,35.0202914],[-96.7754883,34.9009317]]]},"properties":{"@id":"relation/1822242","admin_level":"6","attribution":"USGS 2001 County Boundary","border_type":"county","boundary":"administrative","name":"Seminole County","nist:fips_code":"40133","nist:state_fips":"40","population":"25548","source":"county_import_v0.1_20080508235502","type":"boundary","website":"https://seminolecountyok.com/","wikidata":"Q495891","wikipedia":"en:Seminole County, Oklahoma"},"id":"relation/1822242"},
{"type":"Feature","geometry":{"type":"Polygon","coordinates":[[[-97.6685267,34.6813173],[-97.8791373,34.6815501],[-97.9841142,34.6816855],[-98.0891926,34.6812157],[-98.1417523,34.6811529],[-98.1421153,34.5069983],[-98.1392582,34.507018],[-98.1393126,34.3401696],[-98.1391823,34.2898997],[-98.0690647,34.2897764],[-97.9626934,34.289104],[-97.8425035,34.2891297],[-97.7503277,34.2892041],[-97.5626017,34.2891114],[-97.562012,34.452656],[-97.5622171,34.5069815],[-97.5630802,34.5069842],[-97.5627778,34.6810347],[-97.6685267,34.6813173]]]},"properties":{"@id":"relation/1822243","admin_level":"6","attribution":"USGS 2001 County Boundary","border_type":"county","boundary":"administrative","name":"Stephens County","nist:fips_code":"40137","nist:state_fips":"40","population":"44581","source":"county_import_v0.1_20080508235502","type":"boundary","wikidata":"Q495581","wikipedia":"en:Stephens County, Oklahoma"},"id":"relation/1822243"},
{"type":"Feature","geometry":{"type":"Polygon","coordinates":[[[-98.8260023,34.5944285],[-98.9310187,34.5945902],[-99.001098,34.594402],[-99.0012602,34.6380075],[-99.1034902,34.638015],[-99.0962361,34.6340879],[-99.0916058,34.6275164],[-99.0800183,34.6214073],[-99.0803981,34.6175953],[-99.0880008,34.6152093],[-99.0887016,34.6115401],[-99.0834537,34.5973269],[-99.0871033,34.5888351],[-99.1083084,34.5949991],[-99.1160527,34.5915278],[-99.1254857,34.5847037],[-99.127959,34.5910047],[-99.1410009,34.5926907],[-99.1553601,34.5882495],[-99.1642086,34.5878038],[-99.1784951,34.5659741],[-99.1876272,34.5596427],[-99.1817476,34.5550964],[-99.1778295,34.5480477],[-99.1777148,34.5399115],[-99.1885048,34.5401612],[-99.196961,34.5429092],[-99.1986311,34.5307202],[-99.202039,34.5273064],[-99.2089045,34.5126676],[-99.2082358,34.5040805],[-99.2223288,34.491355],[-99.2206417,34.4854333],[-99.2248851,34.4810389],[-99.21677,34.4758237],[-99.2192476,34.4624705],[-99.2142216,34.4604253],[-99.215638,34.4544809],[-99.2290905,34.4507357],[-99.2308653,34.4416553],[-99.2293437,34.4354379],[-99.2234117,34.4333687],[-99.2215338,34.4254456],[-99.2281585,34.4194138],[-99.2347213,34.4290651],[-99.2380082,34.4272665],[-99.2349272,34.4005398],[-99.2257558,34.3999005],[-99.229735,34.3898204],[-99.222511,34.3872359],[-99.2132405,34.3948193],[-99.2091211,34.3883338],[-99.2199561,34.3782953],[-99.2155608,34.3729732],[-99.2074059,34.3743606],[-99.2029992,34.370041],[-99.2007707,34.3614001],[-99.1938739,34.3577523],[-99.1921363,34.3488507],[-99.1936513,34.3435894],[-99.201117,34.3392697],[-99.2089701,34.3383488],[-99.2123468,34.3335222],[-99.2085002,34.3305647],[-99.2075337,34.3238981],[-99.1953072,34.3206431],[-99.2036583,34.3067028],[-99.2003539,34.3006232],[-99.1940342,34.301901],[-99.1926945,34.2964217],[-99.1977234,34.2934549],[-99.2081603,34.2947946],[-99.2105106,34.288762],[-99.2078663,34.2835405],[-99.19717,34.2807068],[-99.1948736,34.2739924],[-99.1986312,34.268237],[-99.2056127,34.2651638],[-99.2071861,34.2594747],[-99.198093,34.2603402],[-99.1922252,34.2566792],[-99.1955364,34.2512055],[-99.196275,34.2436553],[-99.192551,34.2335895],[-99.1939181,34.2274615],[-99.1925931,34.2192502],[-99.1864423,34.2162058],[-99.1803514,34.2255799],[-99.1755503,34.2232073],[-99.17475,34.2116957],[-99.1614275,34.2083129],[-99.1528922,34.2093876],[-99.1399474,34.2171383],[-99.133019,34.2145445],[-99.1270052,34.202781],[-99.1004847,34.2049392],[-99.1013151,34.21091],[-99.0937972,34.209149],[-99.0825157,34.2126134],[-99.068352,34.2077699],[-99.0631371,34.2018385],[-99.0519645,34.2025029],[-99.044729,34.1978277],[-99.0371591,34.1990893],[-99.0289423,34.1960015],[-99.0223019,34.2001906],[-99.0195594,34.2075685],[-99.0145254,34.203321],[-99.0083656,34.2063829],[-98.9994413,34.2180742],[-98.9889463,34.2195504],[-98.9828652,34.2163358],[-98.9744935,34.2043946],[-98.9693173,34.2029218],[-98.9593861,34.2095996],[-98.9550539,34.2065147],[-98.9481788,34.1965921],[-98.9425616,34.1968482],[-98.9343103,34.1931296],[-98.9313972,34.182553],[-98.9252382,34.1846847],[-98.9176562,34.1772795],[-98.915101,34.171989],[-98.9006187,34.1717633],[-98.8956169,34.160214],[-98.9013513,34.1554162],[-98.8980488,34.1484821],[-98.8903575,34.1477941],[-98.890235,34.152297],[-98.8802782,34.1554638],[-98.8701667,34.1478489],[-98.8600245,34.1470596],[-98.8506848,34.149989],[-98.8479916,34.1447707],[-98.841358,34.1426716],[-98.8258754,34.1447323],[-98.8113401,34.1389065],[-98.79598,34.1373876],[-98.7787343,34.1334921],[-98.7678419,34.1278186],[-98.7622063,34.1222226],[-98.7439267,34.1178373],[-98.7333955,34.121374],[-98.7232809,34.1206513],[-98.6990997,34.1271558],[-98.6907917,34.1326411],[-98.6741981,34.1391216],[-98.6587178,34.1520624],[-98.6590336,34.156839],[-98.6536628,34.1624862],[-98.6420917,34.1631418],[-98.6249626,34.1581271],[-98.6219211,34.151584],[-98.6099219,34.149394],[-98.6096327,34.3336659],[-98.6620034,34.3334394],[-98.661956,34.405948],[-98.661982,34.50746],[-98.8259758,34.5073762],[-98.8260023,34.5944285]]]},"properties":{"@id":"relation/1822244","admin_level":"6","attribution":"USGS 2001 County Boundary","border_type":"county","boundary":"administrative","name":"Tillman County","nist:fips_code":"40141","nist:state_fips":"40","source":"county_import_v0.1_20080508235502","type":"boundary","wikidata":"Q489324","wikipedia":"en:Tillman County, Oklahoma"},"id":"relation/1822244"},
{"type":"Feature","geometry":{"type":"Polygon","coordinates":[[[-96.001085,36.423686],[-96.0015071,36.3034046],[-96.001377,36.20529],[-96.0021813,36.1934359],[-96.0020831,36.1613279],[-96.085228,36.160831],[-96.1549036,36.1608],[-96.2685877,36.1620713],[-96.2978314,36.1621672],[-96.2978236,36.0758637],[-96.0295337,36.0753436],[-96.0295867,35.9011201],[-96.0333886,35.901111],[-96.0330902,35.8569886],[-95.8192611,35.8561134],[-95.8194323,35.9010702],[-95.7616614,35.9009444],[-95.7615889,36.1142176],[-95.7615724,36.1625067],[-95.8154176,36.1625712],[-95.8154587,36.249476],[-95.8122102,36.2495856],[-95.8121625,36.3945773],[-95.7942476,36.3944709],[-95.7943452,36.4235264],[-95.8121765,36.4234899],[-96.001085,36.423686]]]},"properties":{"@id":"relation/1822245","admin_level":"6","attribution":"USGS 2001 County Boundary","border_type":"county","boundary":"administrative","name":"Tulsa","name:en":"Tulsa","name:hi":"टल्सा","nist:fips_code":"40143","nist:state_fips":"40","type":"boundary","website":"https://tulsacounty.org","wikidata":"Q489481","wikipedia":"en:Tulsa County, Oklahoma"},"id":"relation/1822245"},
{"type":"Feature","geometry":{"type":"Polygon","coordinates":[[[-95.7615724,36.1625067],[-95.7615889,36.1142176],[-95.7616614,35.9009444],[-95.8194323,35.9010702],[-95.8192611,35.8561134],[-95.7660113,35.8564251],[-95.654488,35.857662],[-95.648506,35.851593],[-95.650299,35.836662],[-95.6405957,35.8221536],[-95.638641,35.792294],[-95.637161,35.787258],[-95.619354,35.779488],[-95.598351,35.767082],[-95.580704,35.768394],[-95.570137,35.77626],[-95.554474,35.783978],[-95.535477,35.789783],[-95.527481,35.790909],[-95.507355,35.796677],[-95.491386,35.798477],[-95.478058,35.80444],[-95.472343,35.805176],[-95.465172,35.800877],[-95.445877,35.800755],[-95.435867,35.796368],[-95.420273,35.802254],[-95.4048,35.80542],[-95.390259,35.812698],[-95.361656,35.820511],[-95.351738,35.818439],[-95.344582,35.813435],[-95.2650982,35.8131236],[-95.2644923,35.8208515],[-95.2533612,35.8259449],[-95.2528569,35.8329472],[-95.2375576,35.8474284],[-95.2320215,35.8501329],[-95.2269146,35.860533],[-95.23141,35.8713838],[-95.2376541,35.8737485],[-95.2543804,35.8757567],[-95.2646694,35.8837978],[-95.2678129,35.8898737],[-95.2809343,35.903119],[-95.2827796,35.9108619],[-95.2770075,35.9230524],[-95.267888,35.9294294],[-95.2634624,35.9394455],[-95.271214,35.9413174],[-95.275999,35.9462424],[-95.2790889,35.9540678],[-95.279797,35.9731982],[-95.2752373,35.9751692],[-95.2651736,35.974709],[-95.2509123,35.9876906],[-95.2384454,35.9876733],[-95.2340251,35.9913019],[-95.2339822,36.0021868],[-95.2296585,36.0093298],[-95.2251416,36.0093645],[-95.2250987,36.0398385],[-95.2077448,36.0398081],[-95.2079666,36.0746557],[-95.3000728,36.0751063],[-95.4399731,36.0751581],[-95.5714244,36.0753237],[-95.5783282,36.0792332],[-95.5648756,36.0845519],[-95.5558807,36.0835327],[-95.5531785,36.0925363],[-95.5635603,36.1018985],[-95.5700255,36.1100217],[-95.569928,36.1201741],[-95.5678375,36.1300066],[-95.5781387,36.1342365],[-95.5871997,36.1342883],[-95.5915046,36.1369043],[-95.5947447,36.129227],[-95.6038857,36.1322425],[-95.6091172,36.1403624],[-95.6167481,36.146389],[-95.6185273,36.1624765],[-95.7615724,36.1625067]]]},"properties":{"@id":"relation/1822246","admin_level":"6","attribution":"USGS 2001 County Boundary","border_type":"county","boundary":"administrative","name":"Wagoner County","nist:fips_code":"40145","nist:state_fips":"40","population":"76559","source":"county_import_v0.1_20080508235502","source:population":"https://www.census.gov/programs-surveys/popest.html","type":"boundary","website":"https://wagonercounty.ok.gov","wikidata":"Q489457","wikipedia":"en:Wagoner County, Oklahoma"},"id":"relation/1822246"},
{"type":"Feature","geometry":{"type":"Polygon","coordinates":[[[-99.364217,35.465328],[-99.364473,35.334752],[-99.3646914,35.2478985],[-99.3644647,35.2044775],[-99.3602391,35.2044925],[-99.3602655,35.1167265],[-99.20826,35.116648],[-99.042996,35.116609],[-98.928675,35.116387],[-98.7502411,35.116381],[-98.7463483,35.1142788],[-98.7369403,35.1030142],[-98.730365,35.111738],[-98.7181288,35.1115932],[-98.7116165,35.1046985],[-98.7039883,35.11007],[-98.6958666,35.1118955],[-98.6913283,35.1085604],[-98.6745806,35.109166],[-98.6720109,35.119088],[-98.6639804,35.118013],[-98.6588305,35.1224974],[-98.6465701,35.1196716],[-98.6503145,35.1149655],[-98.6413748,35.1131155],[-98.6356563,35.1219001],[-98.6251849,35.1084424],[-98.6253834,35.1023027],[-98.6209496,35.0974392],[-98.6183124,35.1019031],[-98.6180066,35.2041591],[-98.6238673,35.2044077],[-98.6233622,35.3268529],[-98.6233172,35.4644194],[-98.7116528,35.4644149],[-98.8526497,35.4650866],[-99.0112525,35.4652195],[-99.1524225,35.4652788],[-99.2055316,35.4655475],[-99.364217,35.465328]]]},"properties":{"@id":"relation/1822247","admin_level":"6","attribution":"USGS 2001 County Boundary","border_type":"county","boundary":"administrative","name":"Washita County","nist:fips_code":"40149","nist:state_fips":"40","type":"boundary","wikidata":"Q495958","wikipedia":"en:Washita County, Oklahoma"},"id":"relation/1822247"},
{"type":"Feature","geometry":{"type":"Polygon","coordinates":[[[-98.9604633,36.5071006],[-98.9599671,36.5989558],[-98.9717247,36.6004177],[-98.9760018,36.6029365],[-98.9890158,36.615941],[-99.0003241,36.6295625],[-99.0081454,36.631664],[-99.013027,36.6402389],[-99.0225327,36.6423824],[-99.0247965,36.6522386],[-99.0238524,36.661448],[-99.0344525,36.6675756],[-99.0393126,36.6735994],[-99.0409434,36.6803799],[-99.0484858,36.6868758],[-99.0452242,36.6963564],[-99.0627658,36.7160021],[-99.0735054,36.7165095],[-99.0842342,36.7213083],[-99.0953938,36.736194],[-99.0974274,36.7420909],[-99.1024411,36.7439051],[-99.1077223,36.7504552],[-99.1265595,36.7626103],[-99.1281528,36.7694242],[-99.1394234,36.782703],[-99.1535433,36.7879569],[-99.1671896,36.7905909],[-99.180708,36.7874977],[-99.1878963,36.787429],[-99.1991294,36.7909002],[-99.2105985,36.7906424],[-99.2177685,36.7868112],[-99.2298026,36.788199],[-99.2514058,36.7850482],[-99.2685234,36.7892213],[-99.2792234,36.797246],[-99.294259,36.805906],[-99.2949501,36.8193304],[-99.2952159,36.7056588],[-99.2952816,36.5952965],[-99.3135758,36.5947629],[-99.3856847,36.5941736],[-99.5511722,36.593496],[-99.6058114,36.5933146],[-99.6051458,36.5074806],[-99.6056093,36.4498632],[-99.6053906,36.3342335],[-99.604886,36.2468657],[-99.5957432,36.2468403],[-99.5957645,36.1641477],[-99.5003585,36.1643753],[-99.4892292,36.1646564],[-99.4166795,36.1640196],[-99.3820005,36.1643159],[-99.275881,36.1640839],[-99.1253029,36.1628345],[-98.9557669,36.1613416],[-98.9559247,36.2466679],[-98.9605688,36.2467427],[-98.9606397,36.3337051],[-98.9603801,36.4781555],[-98.9604633,36.5071006]]]},"properties":{"@id":"relation/1822248","admin_level":"6","attribution":"USGS 2001 County Boundary","border_type":"county","boundary":"administrative","name":"Woodward County","nist:fips_code":"40153","nist:state_fips":"40","population":"21559","source":"county_import_v0.1_20080508235502","type":"boundary","website":"https://woodward.okcounties.org/","wikidata":"Q489447","wikipedia":"en:Woodward County, Oklahoma"},"id":"relation/1822248"}
]}